species_taxid	species_name	genus	family	order	class	phylum	organism_name	n_assemblies_passing_filters	accession	refseq_category	assembly_name	assembly_level	release_date	total_sequence_length	annotated
102642	Abax parallelepipedus	Abax	Carabidae	Coleoptera	Insecta	Arthropoda	Abax parallelepipedus	1	GCA_964197645.1	reference genome	icAbaPara2.1	Chromosome		596994654	no
1384715	Abia aenea	Abia	Cimbicidae	Hymenoptera	Insecta	Arthropoda	Abia aenea	1	GCA_971864595.1	reference genome	iyAbiAene1.hap1.1	Chromosome		188743821	no
362089	Abia candens	Abia	Cimbicidae	Hymenoptera	Insecta	Arthropoda	Abia candens	1	GCA_964212075.1	reference genome	iyAbiCand1.1	Chromosome		261029975	no
1007343	Abraxas grossulariata	Abraxas	Geometridae	Lepidoptera	Insecta	Arthropoda	Abraxas grossulariata	1	GCA_976010855.1	reference genome	ilAbrGrou1.hap1.1	Chromosome		548621020	no
190335	Abraxas sylvata	Abraxas	Geometridae	Lepidoptera	Insecta	Arthropoda	Abraxas sylvata	1	GCA_964187985.1	reference genome	ilAbrSylv1.hap1.1	Chromosome		475200814	no
319803	Abrostola asclepiadis	Abrostola	Noctuidae	Lepidoptera	Insecta	Arthropoda	Abrostola asclepiadis	1	GCA_984573235.1	reference genome	ilAbrAscl1.hap1.1	Chromosome		409600856	no
938171	Abrostola tripartita	Abrostola	Noctuidae	Lepidoptera	Insecta	Arthropoda	Abrostola tripartita	1	GCA_905340225.1	reference genome	ilAbrTrip1.1	Chromosome		381042155	no
254365	Abrostola triplasia	Abrostola	Noctuidae	Lepidoptera	Insecta	Arthropoda	Abrostola triplasia	1	GCA_946251915.1	reference genome	ilAbrTril1.1	Chromosome		362707411	no
346680	Acalles misellus	Acalles	Curculionidae	Coleoptera	Insecta	Arthropoda	Acalles misellus	1	GCA_984573925.1	reference genome	icAcaMise1.1	Chromosome		656345978	no
1449960	Acanthacorydalis orientalis	Acanthacorydalis	Corydalidae	Megaloptera	Insecta	Arthropoda	Acanthacorydalis orientalis	1	GCA_034766995.1	reference genome	ASM3476699v1	Chromosome		547984239	no
2838189	Acanthococcus lagerstroemiae	Acanthococcus	Eriococcidae	Hemiptera	Insecta	Arthropoda	Acanthococcus lagerstroemiae	1	GCA_031841125.1	reference genome	ASM3184112v1	Chromosome		658133298	no
1869391	Acanthopsyche atra	Acanthopsyche	Psychidae	Lepidoptera	Insecta	Arthropoda	Acanthopsyche atra	1	GCA_976225475.1	reference genome	ilAcaAtra2.hap1.1	Chromosome		879661470	no
200917	Acanthoscelides obtectus	Acanthoscelides	Chrysomelidae	Coleoptera	Insecta	Arthropoda	Acanthoscelides obtectus	1	GCA_058970975.1	reference genome	Aobt_v1	Chromosome		917366548	no
483950	Acanthosoma haemorrhoidale	Acanthosoma	Acanthosomatidae	Hemiptera	Insecta	Arthropoda	Acanthosoma haemorrhoidale	1	GCA_930367205.1	reference genome	ihAcaHaem1.1	Chromosome		865603386	no
934820	Acasis viretata	Acasis	Geometridae	Lepidoptera	Insecta	Arthropoda	Acasis viretata	1	GCA_965285885.1	reference genome	ilAcaVire1.1	Chromosome		297682214	no
1666818	Acentria ephemerella	Acentria	Crambidae	Lepidoptera	Insecta	Arthropoda	Acentria ephemerella	1	GCA_943193645.1	reference genome	ilAceEphe1.1	Chromosome		340777416	no
2886814	Acericerus heydenii	Acericerus	Cicadellidae	Hemiptera	Insecta	Arthropoda	Acericerus heydenii	1	GCA_979321995.1	reference genome	ihAceHeyd1.hap1.1	Chromosome		1745744753	no
493638	Achaius oratorius	Achaius	Ichneumonidae	Hymenoptera	Insecta	Arthropoda	Achaius oratorius	1	GCA_977930425.1	reference genome	iyAchOrat1.1	Chromosome		414125335	no
2871086	Achelura yunnanensis	Achelura	Zygaenidae	Lepidoptera	Insecta	Arthropoda	Achelura yunnanensis	1	GCA_041274885.1	reference genome	A_YUNNAN	Chromosome		368147321	no
753485	Achlya flavicornis	Achlya	Drepanidae	Lepidoptera	Insecta	Arthropoda	Achlya flavicornis	1	GCA_947623365.1	reference genome	ilAchFlav2.1	Chromosome		444558171	no
688607	Achroia grisella	Achroia	Pyralidae	Lepidoptera	Insecta	Arthropoda	Achroia grisella	1	GCA_986269915.1		ilAchGris1.hap1.1	Chromosome		440069280	no
103409	Acidia cognata	Acidia	Tephritidae	Diptera	Insecta	Arthropoda	Acidia cognata	1	GCA_976940545.1	reference genome	idAciCogn1.hap1.1	Chromosome		920115460	no
758703	Acleris abietana	Acleris	Tortricidae	Lepidoptera	Insecta	Arthropoda	Acleris abietana	2	GCA_965276485.1	reference genome	ilAclAbie1.hap1.1	Chromosome		642136731	no
758704	Acleris aspersana	Acleris	Tortricidae	Lepidoptera	Insecta	Arthropoda	Acleris aspersana	1	GCA_988282165.1	reference genome	ilAclAspe2.1	Chromosome		597427833	no
763074	Acleris bergmanniana	Acleris	Tortricidae	Lepidoptera	Insecta	Arthropoda	Acleris bergmanniana	1	GCA_976954415.1		ilAclBerg1.hap1.1	Chromosome		505792038	no
758705	Acleris cristana	Acleris	Tortricidae	Lepidoptera	Insecta	Arthropoda	Acleris cristana	1	GCA_948252455.1	reference genome	ilAclCris2.1	Chromosome		562556046	no
2566210	Acleris effractana	Acleris	Tortricidae	Lepidoptera	Insecta	Arthropoda	Acleris effractana	1	GCA_966208735.1	reference genome	ilAclEffr1.hap1.1	Chromosome		686944170	no
758706	Acleris emargana	Acleris	Tortricidae	Lepidoptera	Insecta	Arthropoda	Acleris emargana	1	GCA_927399475.2	reference genome	ilAclEmar1.2	Chromosome		691431929	no
758707	Acleris ferrugana	Acleris	Tortricidae	Lepidoptera	Insecta	Arthropoda	Acleris ferrugana	1	GCA_964656575.1	reference genome	ilAclFerr2.1	Chromosome		480025470	no
1594215	Acleris hastiana	Acleris	Tortricidae	Lepidoptera	Insecta	Arthropoda	Acleris hastiana	1	GCA_977902025.1	reference genome	ilAclHast2.1	Chromosome		677762522	no
572802	Acleris holmiana	Acleris	Tortricidae	Lepidoptera	Insecta	Arthropoda	Acleris holmiana	1	GCA_949316455.1	reference genome	ilAclHolm1.1	Chromosome		650208208	no
1869394	Acleris hyemana	Acleris	Tortricidae	Lepidoptera	Insecta	Arthropoda	Acleris hyemana	1	GCA_965194575.1	reference genome	ilAclHyem1.hap1.1	Chromosome		578441587	no
758709	Acleris laterana	Acleris	Tortricidae	Lepidoptera	Insecta	Arthropoda	Acleris laterana	1	GCA_963966035.1	reference genome	ilAclLate2.1	Chromosome		574757992	no
758710	Acleris lipsiana	Acleris	Tortricidae	Lepidoptera	Insecta	Arthropoda	Acleris lipsiana	1	GCA_976988735.1	reference genome	ilAclLips1.hap1.1	Chromosome		600167612	no
1100899	Acleris literana	Acleris	Tortricidae	Lepidoptera	Insecta	Arthropoda	Acleris literana	1	GCA_946894065.1	reference genome	ilAclLite1.1	Chromosome		674873004	no
758711	Acleris logiana	Acleris	Tortricidae	Lepidoptera	Insecta	Arthropoda	Acleris logiana	1	GCA_964340485.1	reference genome	ilAclLogi1.hap1.1	Chromosome		530365732	no
758712	Acleris lorquiniana	Acleris	Tortricidae	Lepidoptera	Insecta	Arthropoda	Acleris lorquiniana	1	GCA_980249045.1	reference genome	ilAclLorq1.hap1.1	Chromosome		591274584	no
1195446	Acleris maccana	Acleris	Tortricidae	Lepidoptera	Insecta	Arthropoda	Acleris maccana	1	GCA_979608545.1	reference genome	ilAclMacc1.hap1.1	Chromosome		642904410	no
2560877	Acleris rufana	Acleris	Tortricidae	Lepidoptera	Insecta	Arthropoda	Acleris rufana	1	GCA_982525195.1	reference genome	ilAclRufa1.hap1.1	Chromosome		574845754	no
758717	Acleris sparsana	Acleris	Tortricidae	Lepidoptera	Insecta	Arthropoda	Acleris sparsana	1	GCA_923062465.1	reference genome	ilAclSpar1.1	Chromosome		589529688	no
758718	Acleris umbrana	Acleris	Tortricidae	Lepidoptera	Insecta	Arthropoda	Acleris umbrana	1	GCA_964330255.1		ilAclUmbr1.hap1.1	Chromosome		605000663	no
1280447	Acompsia cinerella	Acompsia	Gelechiidae	Lepidoptera	Insecta	Arthropoda	Acompsia cinerella	1	GCA_975143605.1	reference genome	ilAcoCine1.hap1.1	Chromosome		396161209	no
1869396	Acompsia schmidtiellus	Acompsia	Gelechiidae	Lepidoptera	Insecta	Arthropoda	Acompsia schmidtiellus	1	GCA_986341755.1	reference genome	ilAcoSchm1.hap1.1	Chromosome		442606842	no
2560885	Acompsia subpunctella	Acompsia	Gelechiidae	Lepidoptera	Insecta	Arthropoda	Acompsia subpunctella	1	GCA_976986875.1	reference genome	ilAcoSubp1.hap1.1	Chromosome		475139967	no
753144	Acontia lucida	Acontia	Noctuidae	Lepidoptera	Insecta	Arthropoda	Acontia lucida	2	GCA_965285785.1	reference genome	ilAcoLuci2.hap2.1	Chromosome		419641359	no
1100900	Acrobasis consociella	Acrobasis	Pyralidae	Lepidoptera	Insecta	Arthropoda	Acrobasis consociella	1	GCA_963555685.1	reference genome	ilAcrCons1.1	Chromosome		598393298	no
1100902	Acrobasis repandana	Acrobasis	Pyralidae	Lepidoptera	Insecta	Arthropoda	Acrobasis repandana	1	GCA_963576875.1	reference genome	ilAcrRepa1.1	Chromosome		620432220	no
1857951	Acrobasis suavella	Acrobasis	Pyralidae	Lepidoptera	Insecta	Arthropoda	Acrobasis suavella	1	GCA_943193695.1	reference genome	ilAcrSuav1.1	Chromosome		647267125	no
1100903	Acrobasis tumidana	Acrobasis	Pyralidae	Lepidoptera	Insecta	Arthropoda	Acrobasis tumidana	1	GCA_976988715.1	reference genome	ilAcrTumi2.hap1.1	Chromosome		674386806	no
210248	Acrocera orbiculus	Acrocera	Acroceridae	Diptera	Insecta	Arthropoda	Acrocera orbiculus	1	GCA_947359355.1	reference genome	idAcrOrbc1.1	Chromosome		221013885	no
572548	Acrodactyla quadrisculpta	Acrodactyla	Ichneumonidae	Hymenoptera	Insecta	Arthropoda	Acrodactyla quadrisculpta	1	GCA_986708575.1	reference genome	iyAcrQuad1.hap1.1	Chromosome		488439455	no
1291411	Acrolepia autumnitella	Acrolepia	Plutellidae	Lepidoptera	Insecta	Arthropoda	Acrolepia autumnitella	1	GCA_977014555.1	reference genome	ilAcrAutu1.hap1.1	Chromosome		526969971	no
57686	Acrolepiopsis assectella	Acrolepiopsis	Plutellidae	Lepidoptera	Insecta	Arthropoda	Acrolepiopsis assectella	1	GCA_966185125.1	reference genome	ilAcrAsse1.hap1.1	Chromosome		279283206	no
103372	Acromyrmex echinatior	Acromyrmex	Formicidae	Hymenoptera	Insecta	Arthropoda	Acromyrmex echinatior	2	GCF_024713525.1	reference genome	ASM2471352v2	Chromosome		296076762	yes
602163	Acromyrmex lobicornis	Acromyrmex	Formicidae	Hymenoptera	Insecta	Arthropoda	Acromyrmex lobicornis	1	GCA_048181725.1	reference genome	ASM4818172v1	Chromosome		334892389	no
64783	Acromyrmex octospinosus	Acromyrmex	Formicidae	Hymenoptera	Insecta	Arthropoda	Acromyrmex octospinosus	2	GCA_048933045.1	reference genome	ASM4893304v1	Chromosome		312135816	no
987859	Acronicta aceris	Acronicta	Noctuidae	Lepidoptera	Insecta	Arthropoda	Acronicta aceris	1	GCA_910591435.1	reference genome	ilAcrAcer1.1	Chromosome		466369003	no
3411907	Acronicta albovenosa	Acronicta	Noctuidae	Lepidoptera	Insecta	Arthropoda	Acronicta albovenosa	1	GCA_977901945.1	reference genome	ilSimAlbo1.hap1.1	Chromosome		549157138	no
987860	Acronicta alni	Acronicta	Noctuidae	Lepidoptera	Insecta	Arthropoda	Acronicta alni	1	GCA_964056405.1	reference genome	ilAcrAlni1.hap1.1	Chromosome		470370600	no
987862	Acronicta leporina	Acronicta	Noctuidae	Lepidoptera	Insecta	Arthropoda	Acronicta leporina	1	GCA_947256265.1	reference genome	ilAcrLepo1.1	Chromosome		465575723	no
987863	Acronicta megacephala	Acronicta	Noctuidae	Lepidoptera	Insecta	Arthropoda	Acronicta megacephala	1	GCA_978021505.1	reference genome	ilAcrMega1.hap1.1	Chromosome		430138285	no
987865	Acronicta psi	Acronicta	Noctuidae	Lepidoptera	Insecta	Arthropoda	Acronicta psi	1	GCA_946251955.1	reference genome	ilAcrPsix1.1	Chromosome		404684940	no
753146	Acronicta rumicis	Acronicta	Noctuidae	Lepidoptera	Insecta	Arthropoda	Acronicta rumicis	1	GCA_965234005.1	reference genome	ilAcrRumi2.hap1.1	Chromosome		582862073	no
3411911	Acronicta serratae	Acronicta	Noctuidae	Lepidoptera	Insecta	Arthropoda	Acronicta serratae	1	GCA_986270175.1	reference genome	ilAcrSerr1.hap1.1	Chromosome		471672846	no
997509	Acronicta strigosa	Acronicta	Noctuidae	Lepidoptera	Insecta	Arthropoda	Acronicta strigosa	1	GCA_986269785.1	reference genome	ilAcrStri1.hap1.1	Chromosome		422617490	no
2886803	Acrosathe annulata	Acrosathe	Therevidae	Diptera	Insecta	Arthropoda	Acrosathe annulata	1	GCA_982374685.1	reference genome	idAcrAnnu1.hap1.1	Chromosome		1298283309	no
869165	Actenicerus siaelandicus	Actenicerus	Elateridae	Coleoptera	Insecta	Arthropoda	Actenicerus siaelandicus	1	GCA_964234755.1	reference genome	icActSiae1.1	Chromosome		854914269	no
63975	Actias isabellae	Actias	Saturniidae	Lepidoptera	Insecta	Arthropoda	Actias isabellae	1	GCA_964265105.1	reference genome	ilGraIsab1.1	Chromosome		560905695	no
753264	Actinotia polyodon	Actinotia	Noctuidae	Lepidoptera	Insecta	Arthropoda	Actinotia polyodon	1	GCA_964340415.1	reference genome	ilActPoly1.hap1.1	Chromosome		686761432	no
346686	Acupalpus dubius	Acupalpus	Carabidae	Coleoptera	Insecta	Arthropoda	Acupalpus dubius	1	GCA_977071005.1	reference genome	icAcuDubi2.1	Chromosome		656065276	no
877764	Acupalpus parvulus	Acupalpus	Carabidae	Coleoptera	Insecta	Arthropoda	Acupalpus parvulus	1	GCA_981690485.1	reference genome	icAcuParv1.hap1.1	Chromosome		571869871	no
1869406	Adactylotis gesticularia	Adactylotis	Geometridae	Lepidoptera	Insecta	Arthropoda	Adactylotis gesticularia	1	GCA_977930205.1	reference genome	ilAdaGest1.hap1.1	Chromosome		467872495	no
1594217	Adaina microdactyla	Adaina	Pterophoridae	Lepidoptera	Insecta	Arthropoda	Adaina microdactyla	1	GCA_977927425.1	reference genome	ilAdaMicr2.hap1.1	Chromosome		281723530	no
7084	Adalia bipunctata	Adalia	Coccinellidae	Coleoptera	Insecta	Arthropoda	Adalia bipunctata	1	GCA_910592335.1	reference genome	icAdaBipu1.1	Chromosome		475267023	no
115343	Adalia decempunctata	Adalia	Coccinellidae	Coleoptera	Insecta	Arthropoda	Adalia decempunctata	1	GCA_951802165.1	reference genome	icAdaDece3.1	Chromosome		489433454	no
1660571	Adela cuprella	Adela	Adelidae	Lepidoptera	Insecta	Arthropoda	Adela cuprella	1	GCA_977019175.1	reference genome	ilAdeCupr2.hap1.1	Chromosome		680072665	no
233158	Adela reaumurella	Adela	Adelidae	Lepidoptera	Insecta	Arthropoda	Adela reaumurella	2	GCA_987274755.1	reference genome	ilAdeReau2.hap1.1	Chromosome		1145506083	no
419077	Adelges abietis	Adelges	Adelgidae	Hemiptera	Insecta	Arthropoda	Adelges abietis	2	GCA_054130805.1	reference genome	Aabi_UConn	Chromosome		253165100	no
357502	Adelges tsugae	Adelges	Adelgidae	Hemiptera	Insecta	Arthropoda	Adelges tsugae	3	GCA_053542795.1	reference genome	ASM5354279v1	Chromosome		221267453	no
3073150	Adelopsella bosnica	Adelopsella	Leiodidae	Coleoptera	Insecta	Arthropoda	Adelopsella bosnica	1	GCA_977014165.1	reference genome	icAdeBosn.1	Chromosome		860512664	no
323751	Adelphocoris suturalis	Adelphocoris	Miridae	Hemiptera	Insecta	Arthropoda	Adelphocoris suturalis	1	GCA_030762985.1	reference genome	ASM3076298v1	Chromosome		1281303703	no
699887	Adicella reducta	Adicella	Leptoceridae	Trichoptera	Insecta	Arthropoda	Adicella reducta	1	GCA_978045095.1	reference genome	iiAdiRedu3.1	Chromosome		414849825	no
287208	Adscita geryon	Adscita	Zygaenidae	Lepidoptera	Insecta	Arthropoda	Adscita geryon	1	GCA_964275185.1		ilAdsGery1.hap1.1	Chromosome		764633620	no
753147	Adscita statices	Adscita	Zygaenidae	Lepidoptera	Insecta	Arthropoda	Adscita statices	1	GCA_976954785.1	reference genome	ilAdsStat1.hap1.1	Chromosome		686913448	no
7159	Aedes aegypti	Aedes	Culicidae	Diptera	Insecta	Arthropoda	Aedes aegypti	8	GCF_002204515.2	reference genome	AaegL5.0	Chromosome		1278715314	yes
7160	Aedes albopictus	Aedes	Culicidae	Diptera	Insecta	Arthropoda	Aedes albopictus	2	GCF_035046485.1	reference genome	AalbF5	Chromosome		1344147842	yes
590165	Aedes mascarensis	Aedes	Culicidae	Diptera	Insecta	Arthropoda	Aedes mascarensis	1	GCA_052575835.1	reference genome	Am_MascCH02_pri1.0	Chromosome		1288978614	no
508665	Aedes notoscriptus	Aedes	Culicidae	Diptera	Insecta	Arthropoda	Aedes notoscriptus	1	GCA_040801935.1	reference genome	CSIRO_AGI_Anoto_v1	Chromosome		900425932	no
55967	Aedes togoi	Aedes	Culicidae	Diptera	Insecta	Arthropoda	Aedes togoi	1	GCA_059927745.1	reference genome	ASM5992774v1	Chromosome		671687394	no
1660572	Aedia funesta	Aedia	Erebidae	Lepidoptera	Insecta	Arthropoda	Aedia funesta	1	GCA_988240705.1	reference genome	ilAedFune3.hap1.1	Chromosome		463978926	no
206943	Aegialia arenaria	Aegialia	Scarabaeidae	Coleoptera	Insecta	Arthropoda	Aegialia arenaria	1	GCA_978045345.1	reference genome	icAegAren1.hap1.1	Chromosome		424274651	no
2020310	Aegosoma sinicum	Aegosoma	Cerambycidae	Coleoptera	Insecta	Arthropoda	Aegosoma sinicum	1	GCA_058968975.1	reference genome	ASM5896897v1	Chromosome		1501480687	no
1511221	Aelia acuminata	Aelia	Pentatomidae	Hemiptera	Insecta	Arthropoda	Aelia acuminata	1	GCA_911387785.2	reference genome	ihAelAcum1.2	Chromosome		1169983176	no
2058190	Aenasius arizonensis	Aenasius	Encyrtidae	Hymenoptera	Insecta	Arthropoda	Aenasius arizonensis	1	GCA_047562435.1	reference genome	ASM4756243v1	Chromosome		398693586	no
197113	Aeshna juncea	Aeshna	Aeshnidae	Odonata	Insecta	Arthropoda	Aeshna juncea	1	GCA_977065675.1		ioAesJunc2.hap1.1	Chromosome		2202917175	no
722655	Aethalura punctulata	Aethalura	Geometridae	Lepidoptera	Insecta	Arthropoda	Aethalura punctulata	1	GCA_964276425.1	reference genome	ilAetPunc1.hap1.1	Chromosome		645421480	no
3127290	Aethecerus discolor	Aethecerus	Ichneumonidae	Hymenoptera	Insecta	Arthropoda	Aethecerus discolor	1	GCA_983139185.1	reference genome	iyAetDisc1.1	Chromosome		381065084	no
1869410	Aethes beatricella	Aethes	Tortricidae	Lepidoptera	Insecta	Arthropoda	Aethes beatricella	1	GCA_987195625.1	reference genome	ilAetBeat1.hap1.1	Chromosome		557591137	no
753148	Aethes cnicana	Aethes	Tortricidae	Lepidoptera	Insecta	Arthropoda	Aethes cnicana	1	GCA_963971205.1	reference genome	ilAetCnic1.1	Chromosome		412259526	no
1195447	Aethes deutschiana	Aethes	Tortricidae	Lepidoptera	Insecta	Arthropoda	Aethes deutschiana	1	GCA_976225495.1	reference genome	ilAetDeut1.hap1.1	Chromosome		446297655	no
1869411	Aethes francillana	Aethes	Tortricidae	Lepidoptera	Insecta	Arthropoda	Aethes francillana	1	GCA_988143695.1	reference genome	ilAetFran1.hap1.1	Chromosome		456001153	no
758719	Aethes hartmanniana	Aethes	Tortricidae	Lepidoptera	Insecta	Arthropoda	Aethes hartmanniana	1	GCA_986449185.1	reference genome	ilAetHart1.hap1.1	Chromosome		486493098	no
2560911	Aethes margaritana	Aethes	Tortricidae	Lepidoptera	Insecta	Arthropoda	Aethes margaritana	1	GCA_983203565.1	reference genome	ilAetMarg1.hap1.1	Chromosome		399446817	no
1594218	Aethes rubigana	Aethes	Tortricidae	Lepidoptera	Insecta	Arthropoda	Aethes rubigana	1	GCA_977112605.1	reference genome	ilAetRubi1.hap1.1	Chromosome		463837261	no
1594219	Aethes rutilana	Aethes	Tortricidae	Lepidoptera	Insecta	Arthropoda	Aethes rutilana	1	GCA_971880295.1	reference genome	ilAetRuti1.hap1.1	Chromosome		420310828	no
1594220	Aethes smeathmanniana	Aethes	Tortricidae	Lepidoptera	Insecta	Arthropoda	Aethes smeathmanniana	2	GCA_965285805.1	reference genome	ilAetSmea3.hap1.1	Chromosome		425628404	no
1660574	Aethes tesserana	Aethes	Tortricidae	Lepidoptera	Insecta	Arthropoda	Aethes tesserana	1	GCA_964270645.1	reference genome	ilAetTess1.hap1.1	Chromosome		486122479	no
2560914	Aethes triangulana	Aethes	Tortricidae	Lepidoptera	Insecta	Arthropoda	Aethes triangulana	1	GCA_982500455.1	reference genome	ilAetTria1.hap1.1	Chromosome		511864383	no
116153	Aethina tumida	Aethina	Nitidulidae	Coleoptera	Insecta	Arthropoda	Aethina tumida	2	GCF_024364675.1	reference genome	icAetTumi1.1	Chromosome		259967705	yes
1100904	Agapeta hamana	Agapeta	Tortricidae	Lepidoptera	Insecta	Arthropoda	Agapeta hamana	2	GCA_965178395.1	reference genome	ilAgaHama4.hap1.1	Chromosome		666239130	no
989733	Agapeta zoegana	Agapeta	Tortricidae	Lepidoptera	Insecta	Arthropoda	Agapeta zoegana	1	GCA_964188265.1	reference genome	ilAgaZoeg1.hap1.1	Chromosome		578357251	no
1271715	Agapetus fuscipes	Agapetus	Glossosomatidae	Trichoptera	Insecta	Arthropoda	Agapetus fuscipes	1	GCA_951799405.1	reference genome	iiAgaFusc2.1	Chromosome		618267425	no
131577	Agelastica alni	Agelastica	Chrysomelidae	Coleoptera	Insecta	Arthropoda	Agelastica alni	1	GCA_950111635.2	reference genome	icAgeAlni6.2	Chromosome		692269472	no
1370853	Aglossa caprealis	Aglossa	Pyralidae	Lepidoptera	Insecta	Arthropoda	Aglossa caprealis	1	GCA_982474225.1	reference genome	ilAglCapr2.hap1.1	Chromosome		1197411344	no
3112311	Agnoea josephinae	Agnoea	Lypusidae	Lepidoptera	Insecta	Arthropoda	Agnoea josephinae	1	GCA_977927375.1	reference genome	ilAgnJose1.hap1.1	Chromosome		1012711773	no
3373421	Agnoea subochreella	Agnoea	Lypusidae	Lepidoptera	Insecta	Arthropoda	Agnoea subochreella	1	GCA_978851125.1	reference genome	ilAgnSubo1.hap1.1	Chromosome		558897822	no
1869417	Agonopterix alstromeriana	Agonopterix	Depressariidae	Lepidoptera	Insecta	Arthropoda	Agonopterix alstromeriana	2	GCA_975146945.1	reference genome	ilAgoAlst3.hap1.1	Chromosome		519969865	no
1594222	Agonopterix arenella	Agonopterix	Depressariidae	Lepidoptera	Insecta	Arthropoda	Agonopterix arenella	1	GCA_927399405.1	reference genome	ilAgoAren1.1	Chromosome		545810559	no
1684328	Agonopterix atomella	Agonopterix	Depressariidae	Lepidoptera	Insecta	Arthropoda	Agonopterix atomella	1	GCA_986172685.1	reference genome	ilAgoAtom1.hap1.1	Chromosome		640613157	no
1666438	Agonopterix ciliella	Agonopterix	Depressariidae	Lepidoptera	Insecta	Arthropoda	Agonopterix ciliella	1	GCA_983533275.1	reference genome	ilAgoCili1.hap1.1	Chromosome		849820807	no
1073575	Agonopterix heracliana	Agonopterix	Depressariidae	Lepidoptera	Insecta	Arthropoda	Agonopterix heracliana	1	GCA_963693445.1	reference genome	ilAgoHera1.1	Chromosome		539113803	no
1594224	Agonopterix kaekeritziana	Agonopterix	Depressariidae	Lepidoptera	Insecta	Arthropoda	Agonopterix kaekeritziana	1	GCA_977969875.1	reference genome	ilAgoKaek1.hap1.1	Chromosome		599620009	no
1684331	Agonopterix nanatella	Agonopterix	Depressariidae	Lepidoptera	Insecta	Arthropoda	Agonopterix nanatella	1	GCA_986280895.1	reference genome	ilAgoNana1.hap1.1	Chromosome		734257718	no
1666440	Agonopterix nervosa	Agonopterix	Depressariidae	Lepidoptera	Insecta	Arthropoda	Agonopterix nervosa	1	GCA_977902055.1	reference genome	ilAgoNerv1.hap1.1	Chromosome		592055879	no
1430472	Agonopterix propinquella	Agonopterix	Depressariidae	Lepidoptera	Insecta	Arthropoda	Agonopterix propinquella	1	GCA_977964115.1	reference genome	ilAgoProp1.hap1.1	Chromosome		568016808	no
1857958	Agonopterix subpropinquella	Agonopterix	Depressariidae	Lepidoptera	Insecta	Arthropoda	Agonopterix subpropinquella	1	GCA_922987775.1	reference genome	ilAgoSubp1.1	Chromosome		667889224	no
1857959	Agonopterix yeatiana	Agonopterix	Depressariidae	Lepidoptera	Insecta	Arthropoda	Agonopterix yeatiana	2	GCA_965366125.1	reference genome	ilAgoYeat1.hap1.1	Chromosome		698441364	no
1553040	Agonum fuliginosum	Agonum	Carabidae	Coleoptera	Insecta	Arthropoda	Agonum fuliginosum	1	GCA_947534325.1	reference genome	icAgoFuli1.1	Chromosome		695891592	no
1553041	Agonum gracile	Agonum	Carabidae	Coleoptera	Insecta	Arthropoda	Agonum gracile	1	GCA_982290465.1	reference genome	icAgoGrac1.hap1.1	Chromosome		646969877	no
536884	Agonum muelleri	Agonum	Carabidae	Coleoptera	Insecta	Arthropoda	Agonum muelleri	1	GCA_987309065.1	reference genome	icAgoMuel1.hap1.1	Chromosome		568876369	no
1553045	Agonum thoreyi	Agonum	Carabidae	Coleoptera	Insecta	Arthropoda	Agonum thoreyi	1	GCA_982345065.1	reference genome	icAgoThor1.hap1.1	Chromosome		824449236	no
795042	Agonum viduum	Agonum	Carabidae	Coleoptera	Insecta	Arthropoda	Agonum viduum	1	GCA_978021445.1	reference genome	icAgoVidu2.1	Chromosome		583171739	no
596771	Agriades optilete	Agriades	Lycaenidae	Lepidoptera	Insecta	Arthropoda	Agriades optilete	1	GCA_964273475.1	reference genome	ilAgrOpti3.hap1.1	Chromosome		680723003	no
324823	Agrilus biguttatus	Agrilus	Buprestidae	Coleoptera	Insecta	Arthropoda	Agrilus biguttatus	1	GCA_963921985.1	reference genome	icAgrBigu1.1	Chromosome		368112776	no
1586972	Agrilus cyanescens	Agrilus	Buprestidae	Coleoptera	Insecta	Arthropoda	Agrilus cyanescens	1	GCA_947389935.1	reference genome	icAgrCyan1.1	Chromosome		292338215	no
1917227	Agrilus mali	Agrilus	Buprestidae	Coleoptera	Insecta	Arthropoda	Agrilus mali	2	GCA_055682225.1	reference genome	ASM5568222v1	Chromosome		291192126	no
104476	Agriopis aurantiaria	Agriopis	Geometridae	Lepidoptera	Insecta	Arthropoda	Agriopis aurantiaria	1	GCA_914767915.1	reference genome	ilAgrAura1.1	Chromosome		485369969	no
934821	Agriopis leucophaearia	Agriopis	Geometridae	Lepidoptera	Insecta	Arthropoda	Agriopis leucophaearia	1	GCA_949125355.1	reference genome	ilAgrLeuc1.1	Chromosome		491314972	no
190331	Agriopis marginaria	Agriopis	Geometridae	Lepidoptera	Insecta	Arthropoda	Agriopis marginaria	1	GCA_932305915.1	reference genome	ilAgrMarg1.1	Chromosome		500879769	no
292458	Agriotes lineatus	Agriotes	Elateridae	Coleoptera	Insecta	Arthropoda	Agriotes lineatus	2	GCA_965788545.1	reference genome	icAgrLine1.hap1.1	Chromosome		2590711224	no
1660579	Agriphila geniculea	Agriphila	Crambidae	Lepidoptera	Insecta	Arthropoda	Agriphila geniculea	1	GCA_943789525.1	reference genome	ilAgrGeni1.1	Chromosome		781638172	no
1100907	Agriphila inquinatella	Agriphila	Crambidae	Lepidoptera	Insecta	Arthropoda	Agriphila inquinatella	1	GCA_964059425.1	reference genome	ilAgrInqu1.1	Chromosome		794588780	no
1660580	Agriphila selasella	Agriphila	Crambidae	Lepidoptera	Insecta	Arthropoda	Agriphila selasella	1	GCA_977019865.1	reference genome	ilAgrSela1.hap1.1	Chromosome		682177140	no
572809	Agriphila straminella	Agriphila	Crambidae	Lepidoptera	Insecta	Arthropoda	Agriphila straminella	1	GCA_950108535.1	reference genome	ilAgrStra1.1	Chromosome		511463620	no
1594226	Agriphila tristella	Agriphila	Crambidae	Lepidoptera	Insecta	Arthropoda	Agriphila tristella	1	GCA_928269145.1	reference genome	ilAgrTris1.1	Chromosome		801760480	no
55055	Agrius convolvuli	Agrius	Sphingidae	Lepidoptera	Insecta	Arthropoda	Agrius convolvuli	1	GCA_964340655.1	reference genome	ilAgrConv1.hap1.1	Chromosome		438185433	no
987866	Agrochola circellaris	Agrochola	Noctuidae	Lepidoptera	Insecta	Arthropoda	Agrochola circellaris	1	GCA_914767755.1	reference genome	ilAgrCirc1.1	Chromosome		572147337	no
987869	Agrochola litura	Agrochola	Noctuidae	Lepidoptera	Insecta	Arthropoda	Agrochola litura	1	GCA_949152395.1	reference genome	ilAgrLitu1.1	Chromosome		772176219	no
987870	Agrochola lota	Agrochola	Noctuidae	Lepidoptera	Insecta	Arthropoda	Agrochola lota	1	GCA_947364205.1	reference genome	ilAgrLota1.1	Chromosome		636702707	no
987871	Agrochola lychnidis	Agrochola	Noctuidae	Lepidoptera	Insecta	Arthropoda	Agrochola lychnidis	1	GCA_963680765.1	reference genome	ilAgrLych1.1	Chromosome		799200293	no
987872	Agrochola macilenta	Agrochola	Noctuidae	Lepidoptera	Insecta	Arthropoda	Agrochola macilenta	1	GCA_916701695.1	reference genome	ilAgrMaci1.1	Chromosome		683208122	no
987873	Agrochola nitida	Agrochola	Noctuidae	Lepidoptera	Insecta	Arthropoda	Agrochola nitida	1	GCA_986269685.1	reference genome	ilAgrNiti1.hap1.1	Chromosome		718136538	no
1003001	Agrotera nemoralis	Agrotera	Crambidae	Lepidoptera	Insecta	Arthropoda	Agrotera nemoralis	1	GCA_964374225.1	reference genome	ilAgrNemo1.hap1.1	Chromosome		522786193	no
1622308	Agrothereutes abbreviatus	Agrothereutes	Ichneumonidae	Hymenoptera	Insecta	Arthropoda	Agrothereutes abbreviatus	1	GCA_978258655.1	reference genome	iyAgrAbbr1.hap1.1	Chromosome		259933491	no
1869440	Agrotis bigramma	Agrotis	Noctuidae	Lepidoptera	Insecta	Arthropoda	Agrotis bigramma	1	GCA_977000255.1	reference genome	ilAgrBigr1.hap1.1	Chromosome		1073963115	no
997525	Agrotis clavis	Agrotis	Noctuidae	Lepidoptera	Insecta	Arthropoda	Agrotis clavis	1	GCA_954870645.1	reference genome	ilAgrClav1.1	Chromosome		751126655	no
215162	Agrotis exclamationis	Agrotis	Noctuidae	Lepidoptera	Insecta	Arthropoda	Agrotis exclamationis	1	GCA_950005045.1	reference genome	ilAgrExcl1.1	Chromosome		725057593	no
1555321	Agrotis infusa	Agrotis	Noctuidae	Lepidoptera	Insecta	Arthropoda	Agrotis infusa	1	GCA_055517315.1	reference genome	BMGC_Ainf_1.0	Chromosome		594585289	no
56364	Agrotis ipsilon	Agrotis	Noctuidae	Lepidoptera	Insecta	Arthropoda	Agrotis ipsilon	1	GCA_028554685.1	reference genome	CAAS-Ai	Chromosome		515324295	no
1857961	Agrotis puta	Agrotis	Noctuidae	Lepidoptera	Insecta	Arthropoda	Agrotis puta	1	GCA_943136025.2	reference genome	ilAgrPuta1.2	Chromosome		522118748	no
1857962	Agrotis ripae	Agrotis	Noctuidae	Lepidoptera	Insecta	Arthropoda	Agrotis ripae	1	GCA_977071825.1	reference genome	ilAgrRipa1.hap1.1	Chromosome		952971717	no
987416	Agrotis vestigialis	Agrotis	Noctuidae	Lepidoptera	Insecta	Arthropoda	Agrotis vestigialis	1	GCA_986918525.1	reference genome	ilAgrVest1.hap1.1	Chromosome		729405914	no
195168	Agrypnus murinus	Agrypnus	Elateridae	Coleoptera	Insecta	Arthropoda	Agrypnus murinus	1	GCA_929113105.1	reference genome	icAgrMuri1.1	Chromosome		1578505632	no
1888400	Agrypon flaveolatum	Agrypon	Ichneumonidae	Hymenoptera	Insecta	Arthropoda	Agrypon flaveolatum	1	GCA_985198435.1	reference genome	iyAgrFlav1.1	Chromosome		343977379	no
144252	Agrypon varitarsum	Agrypon	Ichneumonidae	Hymenoptera	Insecta	Arthropoda	Agrypon varitarsum	1	GCA_984589085.1	reference genome	iyAgrVari1.hap1.1	Chromosome		265086662	no
243007	Aiolopus thalassinus	Aiolopus	Acrididae	Orthoptera	Insecta	Arthropoda	Aiolopus thalassinus	1	GCA_981173635.1	reference genome	iqAioThal3.1	Chromosome		7268171333	no
689475	Albulina orbitula	Albulina	Lycaenidae	Lepidoptera	Insecta	Arthropoda	Albulina orbitula	1	GCA_964258695.1	reference genome	ilAgrOrbi1.hap1.1	Chromosome		520380423	no
1869448	Alcis jubata	Alcis	Geometridae	Lepidoptera	Insecta	Arthropoda	Alcis jubata	1	GCA_988221915.1	reference genome	ilAlcJuba1.hap1.1	Chromosome		424417362	no
174269	Alcis repandata	Alcis	Geometridae	Lepidoptera	Insecta	Arthropoda	Alcis repandata	1	GCA_949125135.1	reference genome	ilAlcRepa2.1	Chromosome		396357622	no
758720	Aleimma loeflingiana	Aleimma	Tortricidae	Lepidoptera	Insecta	Arthropoda	Aleimma loeflingiana	1	GCA_964235035.1	reference genome	ilAleLoef3.1	Chromosome		462553733	no
144253	Aleiodes alternator	Aleiodes	Braconidae	Hymenoptera	Insecta	Arthropoda	Aleiodes alternator	1	GCA_963921955.1	reference genome	iyAleAlte1.1	Chromosome		234883295	no
573768	Aleiodes circumscriptus	Aleiodes	Braconidae	Hymenoptera	Insecta	Arthropoda	Aleiodes circumscriptus	1	GCA_978841105.1	reference genome	iyAleCirc1.1	Chromosome		264017841	no
55940	Aleiodes coxalis	Aleiodes	Braconidae	Hymenoptera	Insecta	Arthropoda	Aleiodes coxalis	1	GCA_986174525.1	reference genome	iyAleCoxa1.hap1.1	Chromosome		244573722	no
314218	Aleiodes gastritor	Aleiodes	Braconidae	Hymenoptera	Insecta	Arthropoda	Aleiodes gastritor	1	GCA_984798945.1	reference genome	iyAleGast1.1	Chromosome		281434592	no
1844523	Aleiodes leptofemur	Aleiodes	Braconidae	Hymenoptera	Insecta	Arthropoda	Aleiodes leptofemur	1	GCA_963942555.1	reference genome	iyAleLepo1.1	Chromosome		271203239	no
286615	Aleiodes praetor	Aleiodes	Braconidae	Hymenoptera	Insecta	Arthropoda	Aleiodes praetor	1	GCA_987114425.1	reference genome	iyAlePrae1.hap1.1	Chromosome		225734208	no
1045574	Aleiodes rugulosus	Aleiodes	Braconidae	Hymenoptera	Insecta	Arthropoda	Aleiodes rugulosus	1	GCA_986708715.1	reference genome	iyAleRugu1.1	Chromosome		261806918	no
144254	Aleiodes similis	Aleiodes	Braconidae	Hymenoptera	Insecta	Arthropoda	Aleiodes similis	1	GCA_965249695.1	reference genome	iyAleSimi1.hap1.1	Chromosome		280827476	no
422171	Aleiodes testaceus	Aleiodes	Braconidae	Hymenoptera	Insecta	Arthropoda	Aleiodes testaceus	1	GCA_963565655.1	reference genome	iyAleTest2.1	Chromosome		110705161	no
422173	Aleiodes unipunctator	Aleiodes	Braconidae	Hymenoptera	Insecta	Arthropoda	Aleiodes unipunctator	1	GCA_987195395.1	reference genome	iyAleUnip1.hap1.1	Chromosome		328589849	no
135881	Aleochara curtula	Aleochara	Staphylinidae	Coleoptera	Insecta	Arthropoda	Aleochara curtula	1	GCA_963978815.2	reference genome	icAleCurt1.2	Chromosome		135354055	no
1384742	Allantus rufocinctus	Allantus	Tenthredinidae	Hymenoptera	Insecta	Arthropoda	Allantus rufocinctus	1	GCA_978841125.1	reference genome	iyAllRufo1.hap1.1	Chromosome		272621412	no
2881519	Alliopsis billbergi	Alliopsis	Anthomyiidae	Diptera	Insecta	Arthropoda	Alliopsis billbergi	1	GCA_974893845.1	reference genome	idAllBill1.1	Chromosome		965891947	no
1601811	Allodia ornaticollis	Allodia	Mycetophilidae	Diptera	Insecta	Arthropoda	Allodia ornaticollis	1	GCA_982340675.1	reference genome	idAllOrna1.hap1.1	Chromosome		338824566	no
493654	Allomacrus arcticus	Allomacrus	Ichneumonidae	Hymenoptera	Insecta	Arthropoda	Allomacrus arcticus	1	GCA_988137095.1	reference genome	iyAllArct1.hap1.1	Chromosome		214524253	no
988056	Allophyes oxyacanthae	Allophyes	Noctuidae	Lepidoptera	Insecta	Arthropoda	Allophyes oxyacanthae	1	GCA_932294325.1	reference genome	ilAllOxya1.1	Chromosome		458464223	no
2870495	Alloplasta piceator	Alloplasta	Ichneumonidae	Hymenoptera	Insecta	Arthropoda	Alloplasta piceator	1	GCA_946863875.1	reference genome	iyAllPice1.1	Chromosome		549780226	no
2998517	Allygidius commutatus	Allygidius	Cicadellidae	Hemiptera	Insecta	Arthropoda	Allygidius commutatus	1	GCA_965197075.1	reference genome	ihAllComm1.hap1.1	Chromosome		1796070937	no
2591979	Allygus modestus	Allygus	Cicadellidae	Hemiptera	Insecta	Arthropoda	Allygus modestus	1	GCA_963675035.1	reference genome	ihAllMode1.1	Chromosome		1819865731	no
55944	Alomya debellator	Alomya	Ichneumonidae	Hymenoptera	Insecta	Arthropoda	Alomya debellator	1	GCA_978898865.1	reference genome	iyAloDebe2.1	Chromosome		200298065	no
104486	Alsophila aescularia	Alsophila	Geometridae	Lepidoptera	Insecta	Arthropoda	Alsophila aescularia	1	GCA_946251855.1	reference genome	ilAlsAesc1.1	Chromosome		901596142	no
1280449	Altenia perspersella	Altenia	Gelechiidae	Lepidoptera	Insecta	Arthropoda	Altenia perspersella	1	GCA_987197455.1	reference genome	ilAltPers1.hap1.1	Chromosome		638059023	no
1448893	Altenia scriptella	Altenia	Gelechiidae	Lepidoptera	Insecta	Arthropoda	Altenia scriptella	1	GCA_977013465.1	reference genome	ilAltScri1.hap1.1	Chromosome		506559004	no
346691	Altica lythri	Altica	Chrysomelidae	Coleoptera	Insecta	Arthropoda	Altica lythri	1	GCA_964028335.1	reference genome	icAltLyth1.1	Chromosome		1003506841	no
753150	Alucita hexadactyla	Alucita	Alucitidae	Lepidoptera	Insecta	Arthropoda	Alucita hexadactyla	1	GCA_964059475.1	reference genome	ilAluHexa2.1	Chromosome		878530053	no
881521	Alydus calcaratus	Alydus	Alydidae	Hemiptera	Insecta	Arthropoda	Alydus calcaratus	1	GCA_964341005.1	reference genome	ihAlyCalc2.hap1.1	Chromosome		1007279909	no
1763906	Alysia alticola	Alysia	Braconidae	Hymenoptera	Insecta	Arthropoda	Alysia alticola	1	GCA_982375375.1	reference genome	iyAlyAlti1.hap1.1	Chromosome		140391043	no
585988	Amara aenea	Amara	Carabidae	Coleoptera	Insecta	Arthropoda	Amara aenea	1	GCA_973350105.1	reference genome	icAmaAene1.hap1.1	Chromosome		880371727	no
536885	Amara aulica	Amara	Carabidae	Coleoptera	Insecta	Arthropoda	Amara aulica	1	GCA_982446755.1	reference genome	icAmaAuli1.hap1.1	Chromosome		640229102	no
1553052	Amara convexiuscula	Amara	Carabidae	Coleoptera	Insecta	Arthropoda	Amara convexiuscula	1	GCA_981560045.1	reference genome	icAmaConx1.hap1.1	Chromosome		742489420	no
1553055	Amara familiaris	Amara	Carabidae	Coleoptera	Insecta	Arthropoda	Amara familiaris	2	GCA_978120735.1	reference genome	icAmaFami1.hap1.1	Chromosome		967780439	no
346692	Amara ovata	Amara	Carabidae	Coleoptera	Insecta	Arthropoda	Amara ovata	2	GCA_965279835.1	reference genome	icAmaOvat1.hap2.1	Chromosome		812765457	no
877774	Amara plebeja	Amara	Carabidae	Coleoptera	Insecta	Arthropoda	Amara plebeja	1	GCA_984573935.1	reference genome	icAmaPleb1.hap1.1	Chromosome		808843302	no
877775	Amara tibialis	Amara	Carabidae	Coleoptera	Insecta	Arthropoda	Amara tibialis	1	GCA_985607135.1	reference genome	icAmaTibi1.hap1.1	Chromosome		507860697	no
2867249	Amblyjoppa fuscipennis	Amblyjoppa	Ichneumonidae	Hymenoptera	Insecta	Arthropoda	Amblyjoppa fuscipennis	1	GCA_963575735.1	reference genome	iyAmbFusc1.1	Chromosome		278515835	no
1905387	Amblyjoppa proteus	Amblyjoppa	Ichneumonidae	Hymenoptera	Insecta	Arthropoda	Amblyjoppa proteus	1	GCA_963922035.1	reference genome	iyAmbProt1.1	Chromosome		290107730	no
1594227	Amblyptilia punctidactyla	Amblyptilia	Pterophoridae	Lepidoptera	Insecta	Arthropoda	Amblyptilia punctidactyla	1	GCA_978015435.1	reference genome	ilAmbPunc2.hap1.1	Chromosome		1016097411	no
231887	Amblyteles armatorius	Amblyteles	Ichneumonidae	Hymenoptera	Insecta	Arthropoda	Amblyteles armatorius	1	GCA_933228735.2	reference genome	iyAmbArma2.2	Chromosome		227071211	no
3014478	Ameles spallanzania	Ameles	Amelidae	Mantodea	Insecta	Arthropoda	Ameles spallanzania	2	GCA_984806955.1	reference genome	imAmeSpal11.Hap1.1	Chromosome		2605433968	no
1384760	Ametastegia carpini	Ametastegia	Tenthredinidae	Hymenoptera	Insecta	Arthropoda	Ametastegia carpini	1	GCA_983139515.1	reference genome	iyAmeCarp1.hap1.1	Chromosome		348244064	no
655806	Ametastegia equiseti	Ametastegia	Tenthredinidae	Hymenoptera	Insecta	Arthropoda	Ametastegia equiseti	1	GCA_963989295.1	reference genome	iyAmeEqui1.1	Chromosome		292170321	no
1088609	Ammophila pubescens	Ammophila	Sphecidae	Hymenoptera	Insecta	Arthropoda	Ammophila pubescens	1	GCA_965247725.1	reference genome	iyAmmPube2.1	Chromosome		528531114	no
1088610	Ammophila sabulosa	Ammophila	Sphecidae	Hymenoptera	Insecta	Arthropoda	Ammophila sabulosa	1	GCA_982345285.1	reference genome	iyAmmSabu2.hap1.1	Chromosome		349324696	no
1870599	Ammopolia witzenmanni	Ammopolia	Noctuidae	Lepidoptera	Insecta	Arthropoda	Ammopolia witzenmanni	1	GCA_986269755.1	reference genome	ilAmmWitz1.hap1.1	Chromosome		588657542	no
522887	Amorpha juglandis	Amorpha	Sphingidae	Lepidoptera	Insecta	Arthropoda	Amorpha juglandis	1	GCA_949126905.1	reference genome	ilAmoJugl1.1	Chromosome		463026988	no
174913	Ampedus balteatus	Ampedus	Elateridae	Coleoptera	Insecta	Arthropoda	Ampedus balteatus	1	GCA_982525245.1	reference genome	icAmpBalt3.1	Chromosome		1990853561	no
941989	Ampedus sanguinolentus	Ampedus	Elateridae	Coleoptera	Insecta	Arthropoda	Ampedus sanguinolentus	1	GCA_964234815.1	reference genome	icAmpSanu1.hap1.1	Chromosome		1574761029	no
2748399	Amphicrossus lewisi	Amphicrossus	Nitidulidae	Coleoptera	Insecta	Arthropoda	Amphicrossus lewisi	1	GCA_061311715.1	reference genome	ASM6131171v1	Chromosome		991211868	no
2219844	Amphigerontia contaminata	Amphigerontia	Psocidae	Psocodea	Insecta	Arthropoda	Amphigerontia contaminata	1	GCA_977845675.1	reference genome	iuAmpCont1.hap1.1	Chromosome		443394677	no
360071	Amphimallon solstitiale	Amphimallon	Scarabaeidae	Coleoptera	Insecta	Arthropoda	Amphimallon solstitiale	1	GCA_963170755.1	reference genome	icAmpSols1.1	Chromosome		1584142107	no
1219315	Amphipoea fucosa	Amphipoea	Noctuidae	Lepidoptera	Insecta	Arthropoda	Amphipoea fucosa	1	GCA_988222145.1	reference genome	ilAmpFuco1.hap1.1	Chromosome		641791836	no
987875	Amphipoea lucens	Amphipoea	Noctuidae	Lepidoptera	Insecta	Arthropoda	Amphipoea lucens	1	GCA_947508005.1	reference genome	ilAmpLuce6.1	Chromosome		647703034	no
987876	Amphipoea oculea	Amphipoea	Noctuidae	Lepidoptera	Insecta	Arthropoda	Amphipoea oculea	1	GCA_945859645.1	reference genome	ilAmpOcul1.1	Chromosome		669248832	no
987877	Amphipyra berbera	Amphipyra	Noctuidae	Lepidoptera	Insecta	Arthropoda	Amphipyra berbera	1	GCA_910594945.2	reference genome	ilAmpBerb1.2	Chromosome		582289898	no
753151	Amphipyra perflua	Amphipyra	Noctuidae	Lepidoptera	Insecta	Arthropoda	Amphipyra perflua	1	GCA_986449155.1	reference genome	ilAmpPerf1.hap1.1	Chromosome		609192928	no
689058	Amphipyra tragopoginis	Amphipyra	Noctuidae	Lepidoptera	Insecta	Arthropoda	Amphipyra tragopoginis	1	GCA_905220435.1	reference genome	ilAmpTrag2.1	Chromosome		805653278	no
3143112	Ampulex clypecomplana	Ampulex	Ampulicidae	Hymenoptera	Insecta	Arthropoda	Ampulex clypecomplana	1	GCA_049354905.1	reference genome	ASM4935490v1	Chromosome		338432497	no
680683	Amyelois transitella	Amyelois	Pyralidae	Lepidoptera	Insecta	Arthropoda	Amyelois transitella	2	GCF_032362555.1	reference genome	ilAmyTran1.1	Complete Genome		327376598	yes
316456	Anabrus simplex	Anabrus	Tettigoniidae	Orthoptera	Insecta	Arthropoda	Anabrus simplex	4	GCF_040414725.1	reference genome	ASM4041472v1	Chromosome		6424016119	yes
1594228	Anacampsis blattariella	Anacampsis	Gelechiidae	Lepidoptera	Insecta	Arthropoda	Anacampsis blattariella	1	GCA_978045365.1	reference genome	ilAnaBlat1.1	Chromosome		588009231	no
753152	Anacampsis populella	Anacampsis	Gelechiidae	Lepidoptera	Insecta	Arthropoda	Anacampsis populella	1	GCA_986265245.1	reference genome	ilAnaPopu1.hap1.1	Chromosome		552075942	no
2560951	Anacampsis temerella	Anacampsis	Gelechiidae	Lepidoptera	Insecta	Arthropoda	Anacampsis temerella	1	GCA_976929165.1	reference genome	ilAnaTeme1.hap1.1	Chromosome		430837568	no
877856	Anaglyptus mysticus	Anaglyptus	Cerambycidae	Coleoptera	Insecta	Arthropoda	Anaglyptus mysticus	1	GCA_978041785.1	reference genome	icAnaMyst1.hap1.1	Chromosome		938947287	no
1107567	Anania coronata	Anania	Crambidae	Lepidoptera	Insecta	Arthropoda	Anania coronata	1	GCA_965111815.1	reference genome	ilAnaCoro1.hap1.1	Chromosome		517281780	no
1100908	Anania crocealis	Anania	Crambidae	Lepidoptera	Insecta	Arthropoda	Anania crocealis	1	GCA_949315895.1	reference genome	ilAnaCroc1.1	Chromosome		623979160	no
1005073	Anania funebris	Anania	Crambidae	Lepidoptera	Insecta	Arthropoda	Anania funebris	1	GCA_975300765.1	reference genome	ilAnaFune1.hap1.1	Chromosome		565047306	no
1100909	Anania fuscalis	Anania	Crambidae	Lepidoptera	Insecta	Arthropoda	Anania fuscalis	1	GCA_950371115.1	reference genome	ilAnaFusc1.1	Chromosome		563922727	no
1594229	Anania hortulata	Anania	Crambidae	Lepidoptera	Insecta	Arthropoda	Anania hortulata	1	GCA_963576865.1	reference genome	ilAnaHort2.1	Chromosome		612197781	no
1140612	Anania perlucidalis	Anania	Crambidae	Lepidoptera	Insecta	Arthropoda	Anania perlucidalis	2	GCA_984577535.1	reference genome	ilAnaPerl1.hap2.1	Chromosome		457445657	no
1594231	Anania terrealis	Anania	Crambidae	Lepidoptera	Insecta	Arthropoda	Anania terrealis	1	GCA_966184285.1	reference genome	ilAnaTerr1.hap1.1	Chromosome		540778685	no
1344699	Anania verbascalis	Anania	Crambidae	Lepidoptera	Insecta	Arthropoda	Anania verbascalis	1	GCA_977012675.1	reference genome	ilAnaVerb1.hap1.1	Chromosome		495566654	no
214030	Anaplectoides prasina	Anaplectoides	Noctuidae	Lepidoptera	Insecta	Arthropoda	Anaplectoides prasina	1	GCA_964194435.1	reference genome	ilAnaPras2.1	Chromosome		513691458	no
2566270	Anarsia innoxiella	Anarsia	Gelechiidae	Lepidoptera	Insecta	Arthropoda	Anarsia innoxiella	1	GCA_947563765.1	reference genome	ilAnaInnx2.1	Chromosome		302913609	no
1869460	Anarsia spartiella	Anarsia	Gelechiidae	Lepidoptera	Insecta	Arthropoda	Anarsia spartiella	1	GCA_977930325.1	reference genome	ilAnaSpar1.hap1.1	Chromosome		430225814	no
3144901	Anarta dianthi	Anarta	Noctuidae	Lepidoptera	Insecta	Arthropoda	Anarta dianthi	1	GCA_982525155.1	reference genome	ilAnaDian1.hap1.1	Chromosome		657580369	no
1869462	Anarta stigmosa	Anarta	Noctuidae	Lepidoptera	Insecta	Arthropoda	Anarta stigmosa	1	GCA_965178155.1	reference genome	ilAnaStig1.hap1.1	Chromosome		668114069	no
987454	Anarta trifolii	Anarta	Noctuidae	Lepidoptera	Insecta	Arthropoda	Anarta trifolii	1	GCA_979610145.1	reference genome	ilAnaTrif1.hap1.1	Chromosome		633979078	no
224225	Anasimyia lineata	Anasimyia	Syrphidae	Diptera	Insecta	Arthropoda	Anasimyia lineata	1	GCA_982525295.1	reference genome	idAnaLine1.hap1.1	Chromosome		564666184	no
433021	Anaspis frontalis	Anaspis	Scraptiidae	Coleoptera	Insecta	Arthropoda	Anaspis frontalis	1	GCA_964243895.1	reference genome	icAnaFron3.hap1.1	Chromosome		808551625	no
346698	Anaspis garneysi	Anaspis	Scraptiidae	Coleoptera	Insecta	Arthropoda	Anaspis garneysi	1	GCA_984662465.1	reference genome	icAnaGarn1.1	Chromosome		574258105	no
295995	Anaspis maculata	Anaspis	Scraptiidae	Coleoptera	Insecta	Arthropoda	Anaspis maculata	1	GCA_949128115.1	reference genome	icAnaMacu3.1	Chromosome		757828000	no
346699	Anaspis regimbarti	Anaspis	Scraptiidae	Coleoptera	Insecta	Arthropoda	Anaspis regimbarti	1	GCA_964204715.1	reference genome	icAnaRegi1.1	Chromosome		457613942	no
433026	Anaspis thoracica	Anaspis	Scraptiidae	Coleoptera	Insecta	Arthropoda	Anaspis thoracica	1	GCA_986264675.1	reference genome	icAnaThor1.hap1.1	Chromosome		634734937	no
3380438	Anastoechus asiaticus	Anastoechus	Bombyliidae	Diptera	Insecta	Arthropoda	Anastoechus asiaticus	1	GCA_048857165.1	reference genome	ASM4885716v1	Chromosome		512143072	no
95504	Anastrepha fraterculus	Anastrepha	Tephritidae	Diptera	Insecta	Arthropoda	Anastrepha fraterculus	2	GCA_057257785.1	reference genome	ASM5725778v1	Chromosome		748141101	no
28586	Anastrepha ludens	Anastrepha	Tephritidae	Diptera	Insecta	Arthropoda	Anastrepha ludens	2	GCF_028408465.1	reference genome	idAnaLude1.1	Chromosome		820766187	yes
95512	Anastrepha obliqua	Anastrepha	Tephritidae	Diptera	Insecta	Arthropoda	Anastrepha obliqua	2	GCF_027943255.1	reference genome	idAnaObli1_1.0	Chromosome		836742189	yes
39274	Anax imperator	Anax	Aeshnidae	Odonata	Insecta	Arthropoda	Anax imperator	1	GCA_986694675.1	reference genome	ioAnaImpe1.hap1.1	Chromosome		1481475939	no
214820	Anax junius	Anax	Aeshnidae	Odonata	Insecta	Arthropoda	Anax junius	2	GCA_977012665.1	reference genome	ioAnaJuni1.hap1.1	Chromosome		1558787833	no
2819248	Anax strenuus	Anax	Aeshnidae	Odonata	Insecta	Arthropoda	Anax strenuus	1	GCA_965641835.1	reference genome	ioAnaStre1.hap1.1	Chromosome		1540809603	no
76990	Ancistrocerus nigricornis	Ancistrocerus	Vespidae	Hymenoptera	Insecta	Arthropoda	Ancistrocerus nigricornis	1	GCA_916049575.1	reference genome	iyAncNigr1.1	Chromosome		231995547	no
1869464	Ancylis achatana	Ancylis	Tortricidae	Lepidoptera	Insecta	Arthropoda	Ancylis achatana	1	GCA_964214005.1	reference genome	ilAncAcha1.1	Chromosome		547270124	no
1594233	Ancylis diminutana	Ancylis	Tortricidae	Lepidoptera	Insecta	Arthropoda	Ancylis diminutana	2	GCA_976225465.1	reference genome	ilAncDimi1.hap1.1	Chromosome		511416678	no
1660584	Ancylis geminana	Ancylis	Tortricidae	Lepidoptera	Insecta	Arthropoda	Ancylis geminana	1	GCA_977019885.1		ilAncGemi1.hap1.1	Chromosome		560199076	no
2560956	Ancylis kenneli	Ancylis	Tortricidae	Lepidoptera	Insecta	Arthropoda	Ancylis kenneli	1	GCA_976227395.1	reference genome	ilAncKenn1.hap1.1	Chromosome		391935830	no
1100911	Ancylis laetana	Ancylis	Tortricidae	Lepidoptera	Insecta	Arthropoda	Ancylis laetana	2	GCA_975259165.1	reference genome	ilAncLaet1.hap1.1	Chromosome		410834036	no
909812	Ancylis mitterbacheriana	Ancylis	Tortricidae	Lepidoptera	Insecta	Arthropoda	Ancylis mitterbacheriana	1	GCA_986419215.1	reference genome	ilAncMitt1.hap1.1	Chromosome		318903171	no
942940	Ancylis tineana	Ancylis	Tortricidae	Lepidoptera	Insecta	Arthropoda	Ancylis tineana	1	GCA_976986415.1	reference genome	ilAncTine1.hap1.1	Chromosome		452848408	no
1391524	Ancylis unculana	Ancylis	Tortricidae	Lepidoptera	Insecta	Arthropoda	Ancylis unculana	1	GCA_977019785.1	reference genome	ilAncUncu1.hap1.2	Chromosome		570713300	no
2560959	Ancylis upupana	Ancylis	Tortricidae	Lepidoptera	Insecta	Arthropoda	Ancylis upupana	1	GCA_982936515.1	reference genome	ilAncUpup1.hap1.1	Chromosome		561238357	no
1190793	Andrena angustior	Andrena	Andrenidae	Hymenoptera	Insecta	Arthropoda	Andrena angustior	1	GCA_979612385.1	reference genome	iyAndAngu1.1	Chromosome		326358822	no
1190794	Andrena apicata	Andrena	Andrenidae	Hymenoptera	Insecta	Arthropoda	Andrena apicata	1	GCA_986885765.1		iyAndApic1.hap1.1	Chromosome		567573327	no
586954	Andrena barbilabris	Andrena	Andrenidae	Hymenoptera	Insecta	Arthropoda	Andrena barbilabris	1	GCA_965204585.1	reference genome	iyAndBarb2.1	Chromosome		461373375	no
1190795	Andrena bicolor	Andrena	Andrenidae	Hymenoptera	Insecta	Arthropoda	Andrena bicolor	1	GCA_960531205.1	reference genome	iyAndBico1.1	Chromosome		351703171	no
1542580	Andrena bucephala	Andrena	Andrenidae	Hymenoptera	Insecta	Arthropoda	Andrena bucephala	1	GCA_947577245.1	reference genome	iyAndBuce1.1	Chromosome		379771409	no
1862692	Andrena camellia	Andrena	Andrenidae	Hymenoptera	Insecta	Arthropoda	Andrena camellia	2	GCA_029448645.1	reference genome	ASM2944864v1	Chromosome		340729732	no
2819439	Andrena cerasifolii	Andrena	Andrenidae	Hymenoptera	Insecta	Arthropoda	Andrena cerasifolii	2	GCF_050908995.1	reference genome	iyAndCera1_principal	Chromosome		369980408	yes
1411665	Andrena chrysosceles	Andrena	Andrenidae	Hymenoptera	Insecta	Arthropoda	Andrena chrysosceles	1	GCA_963855975.1	reference genome	iyAndChry1.1	Chromosome		520219004	no
1190796	Andrena clarkella	Andrena	Andrenidae	Hymenoptera	Insecta	Arthropoda	Andrena clarkella	2	GCA_965620515.1	reference genome	iyAndClar1.hap2.1	Chromosome		439973262	no
1190798	Andrena denticulata	Andrena	Andrenidae	Hymenoptera	Insecta	Arthropoda	Andrena denticulata	1	GCA_986885665.1	reference genome	iyAndDent1.hap1.1	Chromosome		594487226	no
1411666	Andrena dorsata	Andrena	Andrenidae	Hymenoptera	Insecta	Arthropoda	Andrena dorsata	1	GCA_929108735.1	reference genome	iyAndDors1.1	Chromosome		277321003	no
473392	Andrena flavipes	Andrena	Andrenidae	Hymenoptera	Insecta	Arthropoda	Andrena flavipes	1	GCA_963971345.1	reference genome	iyAndFlav1.1	Chromosome		307582644	no
1126401	Andrena florea	Andrena	Andrenidae	Hymenoptera	Insecta	Arthropoda	Andrena florea	1	GCA_984806685.1	reference genome	iyAndFlor1.hap1.1	Chromosome		365591456	no
1411667	Andrena fulva	Andrena	Andrenidae	Hymenoptera	Insecta	Arthropoda	Andrena fulva	1	GCA_946251845.1	reference genome	iyAndFulv1.1	Chromosome		461711296	no
444401	Andrena haemorrhoa	Andrena	Andrenidae	Hymenoptera	Insecta	Arthropoda	Andrena haemorrhoa	1	GCA_910592295.1	reference genome	iyAndHaem1.1	Chromosome		330670691	no
1126402	Andrena hattorfiana	Andrena	Andrenidae	Hymenoptera	Insecta	Arthropoda	Andrena hattorfiana	1	GCA_944738655.2	reference genome	iyAndHatt1.2	Chromosome		428510216	no
1190801	Andrena helvola	Andrena	Andrenidae	Hymenoptera	Insecta	Arthropoda	Andrena helvola	1	GCA_964234935.1	reference genome	iyAndHelv1.1	Chromosome		442474548	no
1542598	Andrena marginata	Andrena	Andrenidae	Hymenoptera	Insecta	Arthropoda	Andrena marginata	1	GCA_963932335.1	reference genome	iyAndMarg1.1	Chromosome		373639974	no
1190802	Andrena minutula	Andrena	Andrenidae	Hymenoptera	Insecta	Arthropoda	Andrena minutula	1	GCA_929113495.1	reference genome	iyAndMinu1.1	Chromosome		380445275	no
1126404	Andrena nitida	Andrena	Andrenidae	Hymenoptera	Insecta	Arthropoda	Andrena nitida	1	GCA_964214045.1	reference genome	iyAndNiti1.1	Chromosome		341153005	no
444429	Andrena nitidiuscula	Andrena	Andrenidae	Hymenoptera	Insecta	Arthropoda	Andrena nitidiuscula	1	GCA_986708565.1	reference genome	iyAndNitd1.1	Chromosome		451145385	no
1190803	Andrena praecox	Andrena	Andrenidae	Hymenoptera	Insecta	Arthropoda	Andrena praecox	1	GCA_963932275.1	reference genome	iyAndPrae1.1	Chromosome		563050942	no
2878414	Andrena scotica	Andrena	Andrenidae	Hymenoptera	Insecta	Arthropoda	Andrena scotica	1	GCA_952773225.1	reference genome	iyAndCara2.1	Chromosome		446956329	no
1431430	Andrena trimmerana	Andrena	Andrenidae	Hymenoptera	Insecta	Arthropoda	Andrena trimmerana	1	GCA_951215215.1	reference genome	iyAndTrim1.1	Chromosome		399064024	no
1666820	Anerastia lotella	Anerastia	Pyralidae	Lepidoptera	Insecta	Arthropoda	Anerastia lotella	1	GCA_964291865.1	reference genome	ilAneLote1.hap1.1	Chromosome		1079716894	no
1385208	Aneugmenus padi	Aneugmenus	Tenthredinidae	Hymenoptera	Insecta	Arthropoda	Aneugmenus padi	1	GCA_986885725.1		iyAnePadi1.hap1.1	Chromosome		225395285	no
1385209	Aneugmenus temporalis	Aneugmenus	Tenthredinidae	Hymenoptera	Insecta	Arthropoda	Aneugmenus temporalis	1	GCA_984885455.1	reference genome	iyAneTemp1.hap1.1	Chromosome		250567356	no
722656	Angerona prunaria	Angerona	Geometridae	Lepidoptera	Insecta	Arthropoda	Angerona prunaria	2	GCA_965612255.1	reference genome	ilAngPrun1.hap2.1	Chromosome		343509455	no
2231905	Angustalius malacellus	Angustalius	Crambidae	Lepidoptera	Insecta	Arthropoda	Angustalius malacellus	1	GCA_964639005.1	reference genome	ilAngMala3.hap1.1	Chromosome		645877755	no
185876	Anisosticta novemdecimpunctata	Anisosticta	Coccinellidae	Coleoptera	Insecta	Arthropoda	Anisosticta novemdecimpunctata	1	GCA_964188095.1	reference genome	icAniNove2.1	Chromosome		438673765	no
877859	Anobium punctatum	Anobium	Ptinidae	Coleoptera	Insecta	Arthropoda	Anobium punctatum	1	GCA_965643755.1	reference genome	icAnoPunc1.hap1.1	Chromosome		349952806	no
103414	Anomoia purmunda	Anomoia	Tephritidae	Diptera	Insecta	Arthropoda	Anomoia purmunda	1	GCA_951828415.1	reference genome	idAnoPurm1.1	Chromosome		798257654	no
7167	Anopheles albimanus	Anopheles	Culicidae	Diptera	Insecta	Arthropoda	Anopheles albimanus	6	GCF_013758885.1	reference genome	VT_AalbS3_pri_1.0	Chromosome		172602732	yes
42839	Anopheles aquasalis	Anopheles	Culicidae	Diptera	Insecta	Arthropoda	Anopheles aquasalis	3	GCF_943734665.2	reference genome	idAnoAquaMG_Q_19.2	Chromosome		176573000	yes
7173	Anopheles arabiensis	Anopheles	Culicidae	Diptera	Insecta	Arthropoda	Anopheles arabiensis	3	GCF_016920715.1	reference genome	AaraD3	Chromosome		256807969	yes
41427	Anopheles atroparvus	Anopheles	Culicidae	Diptera	Insecta	Arthropoda	Anopheles atroparvus	1	GCA_015501955.1		AatrE4	Chromosome		220078729	no
139047	Anopheles bellator	Anopheles	Culicidae	Diptera	Insecta	Arthropoda	Anopheles bellator	3	GCF_943735745.2	reference genome	idAnoBellAS_SP24_06.2	Chromosome		169575294	yes
1518534	Anopheles coluzzii	Anopheles	Culicidae	Diptera	Insecta	Arthropoda	Anopheles coluzzii	12	GCF_943734685.1	reference genome	AcolN3	Chromosome		262602229	yes
139045	Anopheles coustani	Anopheles	Culicidae	Diptera	Insecta	Arthropoda	Anopheles coustani	2	GCF_943734705.1	reference genome	idAnoCousDA_361_x.2	Chromosome		269983652	yes
68878	Anopheles cruzii	Anopheles	Culicidae	Diptera	Insecta	Arthropoda	Anopheles cruzii	5	GCF_943734635.1	reference genome	idAnoCruzAS_RS32_06	Chromosome		184069349	yes
43151	Anopheles darlingi	Anopheles	Culicidae	Diptera	Insecta	Arthropoda	Anopheles darlingi	4	GCF_943734745.1	reference genome	idAnoDarlMG_H_01	Chromosome		181637336	yes
7168	Anopheles dirus	Anopheles	Culicidae	Diptera	Insecta	Arthropoda	Anopheles dirus	2	GCA_985762775.1	reference genome	idAnoDiru1.hap1.1	Chromosome		253478586	no
62324	Anopheles funestus	Anopheles	Culicidae	Diptera	Insecta	Arthropoda	Anopheles funestus	11	GCF_943734845.2	reference genome	idAnoFuneDA-416_04	Chromosome		250698078	yes
2763070	Anopheles funestus-like sensu Spillings et al. (2009)	Anopheles	Culicidae	Diptera	Insecta	Arthropoda	Anopheles funestus-like sensu Spillings et al. (2009)	1	GCA_016170035.1		AlikF1	Chromosome		229161290	no
7165	Anopheles gambiae	Anopheles	Culicidae	Diptera	Insecta	Arthropoda	Anopheles gambiae	9	GCF_943734735.2	reference genome	idAnoGambNW_F1_1	Chromosome		264451381	yes
1496333	Anopheles maculipalpis	Anopheles	Culicidae	Diptera	Insecta	Arthropoda	Anopheles maculipalpis	2	GCF_943734695.1	reference genome	idAnoMacuDA_375_x	Chromosome		224059441	yes
1521116	Anopheles marshallii	Anopheles	Culicidae	Diptera	Insecta	Arthropoda	Anopheles marshallii	3	GCF_943734725.1	reference genome	idAnoMarsDA_429_01	Chromosome		225712104	yes
2259328	Anopheles mascarensis	Anopheles	Culicidae	Diptera	Insecta	Arthropoda	Anopheles mascarensis	1	GCA_965266975.1	reference genome	idAnoMasc1.1	Chromosome		247617378	no
30066	Anopheles merus	Anopheles	Culicidae	Diptera	Insecta	Arthropoda	Anopheles merus	2	GCF_017562075.2	reference genome	AmerM5.1	Chromosome		294364394	yes
112268	Anopheles minimus	Anopheles	Culicidae	Diptera	Insecta	Arthropoda	Anopheles minimus	2	GCF_965234385.1	reference genome	idAnoMini7.1	Chromosome		240210549	yes
186751	Anopheles moucheti	Anopheles	Culicidae	Diptera	Insecta	Arthropoda	Anopheles moucheti	3	GCF_943734755.1	reference genome	idAnoMoucSN_F20_07	Chromosome		271316723	yes
185578	Anopheles nili	Anopheles	Culicidae	Diptera	Insecta	Arthropoda	Anopheles nili	2	GCF_943737925.1	reference genome	idAnoNiliSN_F5_01	Chromosome		195220701	yes
58237	Anopheles oryzalimnetes	Anopheles	Culicidae	Diptera	Insecta	Arthropoda	Anopheles oryzalimnetes	2	GCF_964417245.1	reference genome	idAnoOryz6.1	Chromosome		178357506	yes
1620269	Anopheles pauliani	Anopheles	Culicidae	Diptera	Insecta	Arthropoda	Anopheles pauliani	1	GCA_965234765.1	reference genome	idAnoPaul1.1	Chromosome		192583214	no
221566	Anopheles pharoensis	Anopheles	Culicidae	Diptera	Insecta	Arthropoda	Anopheles pharoensis	1	GCA_965231785.2	reference genome	idAnoPhar1.2	Chromosome		325603092	no
1141471	Anopheles pretoriensis	Anopheles	Culicidae	Diptera	Insecta	Arthropoda	Anopheles pretoriensis	1	GCA_965234755.1	reference genome	idAnoPret1.1	Chromosome		223603021	no
7166	Anopheles quadrimaculatus	Anopheles	Culicidae	Diptera	Insecta	Arthropoda	Anopheles quadrimaculatus	2	GCA_057128475.1	reference genome	idAnoQuad.Orlando2.1.pri	Chromosome		240480964	no
1141472	Anopheles rufipes	Anopheles	Culicidae	Diptera	Insecta	Arthropoda	Anopheles rufipes	2	GCA_986497545.1	reference genome	idAnoRufi1.hap1.1	Chromosome		239093259	no
911292	Anopheles squamosus	Anopheles	Culicidae	Diptera	Insecta	Arthropoda	Anopheles squamosus	1	GCA_965234655.2	reference genome	idAnoSqua2.2	Chromosome		336698716	no
30069	Anopheles stephensi	Anopheles	Culicidae	Diptera	Insecta	Arthropoda	Anopheles stephensi	6	GCF_013141755.1	reference genome	UCI_ANSTEP_V1.0	Chromosome		243460342	yes
345580	Anopheles ziemanni	Anopheles	Culicidae	Diptera	Insecta	Arthropoda	Anopheles ziemanni	2	GCF_943734765.1	reference genome	idAnoZiCoDA_A2_x.2	Chromosome		269983652	yes
1124879	Anoplius caviventris	Anoplius	Pompilidae	Hymenoptera	Insecta	Arthropoda	Anoplius caviventris	1	GCA_987114365.1	reference genome	iyAnoCavi1.hap1.1	Chromosome		765038438	no
1667466	Anoplius nigerrimus	Anoplius	Pompilidae	Hymenoptera	Insecta	Arthropoda	Anoplius nigerrimus	1	GCA_914767735.1	reference genome	iyAnoNige1.1	Chromosome		623783591	no
354296	Anoplolepis gracilipes	Anoplolepis	Formicidae	Hymenoptera	Insecta	Arthropoda	Anoplolepis gracilipes	2	GCF_047496725.1	reference genome	ASM4749672v1	Chromosome		249841199	yes
217632	Anoplophora chinensis	Anoplophora	Cerambycidae	Coleoptera	Insecta	Arthropoda	Anoplophora chinensis	1	GCA_052815205.1	reference genome	ASM5281520v1	Chromosome		661154369	no
217634	Anoplophora glabripennis	Anoplophora	Cerambycidae	Coleoptera	Insecta	Arthropoda	Anoplophora glabripennis	2	GCA_058219075.1		ASM5821907v1	Chromosome		739916542	no
3680197	Anoplophora malasiaca	Anoplophora	Cerambycidae	Coleoptera	Insecta	Arthropoda	Anoplophora malasiaca	1	GCA_054644075.1		Amal_1.0	Chromosome		674342700	no
988060	Anorthoa munda	Anorthoa	Noctuidae	Lepidoptera	Insecta	Arthropoda	Anorthoa munda	1	GCA_945859665.1	reference genome	ilAnoMund1.1	Chromosome		938645429	no
3056766	Antaxius spinibrachius	Antaxius	Tettigoniidae	Orthoptera	Insecta	Arthropoda	Antaxius spinibrachius	1	GCA_978898835.1	reference genome	iqAntSpin1.hap1.1	Chromosome		5179441024	no
7119	Antheraea pernyi	Antheraea	Saturniidae	Lepidoptera	Insecta	Arthropoda	Antheraea pernyi	1	GCA_056957055.1	reference genome	Ap_NBRP_v1.0	Complete Genome		675790989	no
7121	Antheraea yamamai	Antheraea	Saturniidae	Lepidoptera	Insecta	Arthropoda	Antheraea yamamai	2	GCA_056957015.1	reference genome	Ay_NBRP_v2.0	Complete Genome		616391982	no
473950	Anthidium manicatum	Anthidium	Megachilidae	Hymenoptera	Insecta	Arthropoda	Anthidium manicatum	1	GCA_986268575.1	reference genome	iyAntMani5.1	Chromosome		200524120	no
2840466	Anthidium xuezhongi	Anthidium	Megachilidae	Hymenoptera	Insecta	Arthropoda	Anthidium xuezhongi	1	GCA_022405125.1	reference genome	ASM2240512v1	Chromosome		189140731	no
347271	Anthobium unicolor	Anthobium	Staphylinidae	Coleoptera	Insecta	Arthropoda	Anthobium unicolor	2	GCA_965663565.1	reference genome	icAntUnic1.1	Chromosome		359175870	no
227532	Anthocharis cardamines	Anthocharis	Pieridae	Lepidoptera	Insecta	Arthropoda	Anthocharis cardamines	1	GCA_905404175.1	reference genome	ilAntCard3.1	Chromosome		359601502	no
1107568	Anthocharis euphenoides	Anthocharis	Pieridae	Lepidoptera	Insecta	Arthropoda	Anthocharis euphenoides	1	GCA_965113005.1	reference genome	ilAntEuph1.hap1.1	Chromosome		378757513	no
346704	Anthocomus fasciatus	Anthocomus	Melyridae	Coleoptera	Insecta	Arthropoda	Anthocomus fasciatus	1	GCA_964258815.1	reference genome	icAntFasc1.hap1.1	Chromosome		528592997	no
452385	Anthocoris confusus	Anthocoris	Anthocoridae	Hemiptera	Insecta	Arthropoda	Anthocoris confusus	1	GCA_987106625.1	reference genome	ihAntConf1.hap1.1	Chromosome		358180990	no
191314	Anthocoris nemoralis	Anthocoris	Anthocoridae	Hemiptera	Insecta	Arthropoda	Anthocoris nemoralis	1	GCA_964249955.1	reference genome	ihAntNemo1.1	Chromosome		301188006	no
500284	Anthomyza gracilis	Anthomyza	Anthomyzidae	Diptera	Insecta	Arthropoda	Anthomyza gracilis	1	GCA_964263875.1	reference genome	idAntGrac1.hap1.1	Chromosome		576401750	no
7044	Anthonomus grandis	Anthonomus	Curculionidae	Coleoptera	Insecta	Arthropoda	Anthonomus grandis grandis	3	GCF_022605725.1	reference genome	icAntGran1.3	Chromosome		697452952	yes
201758	Anthonomus pomorum	Anthonomus	Curculionidae	Coleoptera	Insecta	Arthropoda	Anthonomus pomorum	1	GCA_987201415.1	reference genome	icAntPomo1.hap1.1	Chromosome		1677348678	no
999308	Anthophila fabriciana	Anthophila	Choreutidae	Lepidoptera	Insecta	Arthropoda	Anthophila fabriciana	1	GCA_984573435.1	reference genome	ilAntFabr3.1	Chromosome		425416964	no
597850	Anthophora rogenhoferi	Anthophora	Apidae	Hymenoptera	Insecta	Arthropoda	Anthophora rogenhoferi	1	GCA_977011885.1	reference genome	iyAntRoge3.1	Chromosome		441476508	no
2725500	Anthrax anthrax	Anthrax	Bombyliidae	Diptera	Insecta	Arthropoda	Anthrax anthrax	1	GCA_963971155.1	reference genome	idAntAnth1.1	Chromosome		334620656	no
1849190	Anthroherpon ganglbaueri	Anthroherpon	Leiodidae	Coleoptera	Insecta	Arthropoda	Anthroherpon ganglbaueri	1	GCA_978045665.1	reference genome	icAntGang11.Hap1.1	Chromosome		245274158	no
129554	Anticarsia gemmatalis	Anticarsia	Erebidae	Lepidoptera	Insecta	Arthropoda	Anticarsia gemmatalis	2	GCF_050436995.1	reference genome	ilAntGemm2 primary	Chromosome		391691109	yes
934824	Anticlea derivata	Anticlea	Geometridae	Lepidoptera	Insecta	Arthropoda	Anticlea derivata	1	GCA_947579855.1	reference genome	ilAntDeri1.1	Chromosome		355803668	no
988062	Antitype chi	Antitype	Noctuidae	Lepidoptera	Insecta	Arthropoda	Antitype chi	1	GCA_947359405.1	reference genome	ilAntChix2.1	Chromosome		632202931	no
2979194	Apaeleticus inimicus	Apaeleticus	Ichneumonidae	Hymenoptera	Insecta	Arthropoda	Apaeleticus inimicus	1	GCA_965197045.1	reference genome	iyApaInim1.hap1.1	Chromosome		224008239	no
997526	Apamea anceps	Apamea	Noctuidae	Lepidoptera	Insecta	Arthropoda	Apamea anceps	1	GCA_951799955.1	reference genome	ilApaAnce1.1	Chromosome		615777381	no
753153	Apamea crenata	Apamea	Noctuidae	Lepidoptera	Insecta	Arthropoda	Apamea crenata	1	GCA_949629185.1	reference genome	ilApaCren1.1	Chromosome		580431227	no
987880	Apamea epomidion	Apamea	Noctuidae	Lepidoptera	Insecta	Arthropoda	Apamea epomidion	1	GCA_947507525.1	reference genome	ilApaEpom1.1	Chromosome		624644460	no
1594234	Apamea furva	Apamea	Noctuidae	Lepidoptera	Insecta	Arthropoda	Apamea furva	1	GCA_986269715.1	reference genome	ilApaFurv1.hap1.1	Chromosome		592877550	no
987881	Apamea lithoxylaea	Apamea	Noctuidae	Lepidoptera	Insecta	Arthropoda	Apamea lithoxylaea	1	GCA_965234015.1	reference genome	ilApaLith1.hap1.1	Chromosome		577732613	no
875885	Apamea monoglypha	Apamea	Noctuidae	Lepidoptera	Insecta	Arthropoda	Apamea monoglypha	1	GCA_911387795.2	reference genome	ilApaMono1.2	Chromosome		575666810	no
987886	Apamea scolopacina	Apamea	Noctuidae	Lepidoptera	Insecta	Arthropoda	Apamea scolopacina	1	GCA_983533295.1	reference genome	ilApaScol1.hap1.1	Chromosome		671888466	no
689061	Apamea sordens	Apamea	Noctuidae	Lepidoptera	Insecta	Arthropoda	Apamea sordens	1	GCA_945859715.1	reference genome	ilApaSord1.1	Chromosome		614313245	no
987887	Apamea sublustris	Apamea	Noctuidae	Lepidoptera	Insecta	Arthropoda	Apamea sublustris	1	GCA_964263905.1	reference genome	ilApaSubl1.hap1.1	Chromosome		646440770	no
689062	Apamea unanimis	Apamea	Noctuidae	Lepidoptera	Insecta	Arthropoda	Apamea unanimis	1	GCA_977072205.1	reference genome	ilApaUnan1.hap1.1	Chromosome		601283410	no
461127	Apatura ilia	Apatura	Nymphalidae	Lepidoptera	Insecta	Arthropoda	Apatura ilia	1	GCA_982551335.1	reference genome	ilApaIlia5.hap1.1	Chromosome		434021384	no
1667470	Apechthis compunctor	Apechthis	Ichneumonidae	Hymenoptera	Insecta	Arthropoda	Apechthis compunctor	1	GCA_982184895.1	reference genome	iyApeComp1.hap1.1	Chromosome		404486268	no
934915	Apeira syringaria	Apeira	Geometridae	Lepidoptera	Insecta	Arthropoda	Apeira syringaria	1	GCA_934044485.1	reference genome	ilApeSyri1.1	Chromosome		544428085	no
165431	Aphaenogaster subterranea	Aphaenogaster	Formicidae	Hymenoptera	Insecta	Arthropoda	Aphaenogaster subterranea	1	GCA_048181805.1	reference genome	ASM4818180v1	Chromosome		415391653	no
753154	Aphelia paleana	Aphelia	Tortricidae	Lepidoptera	Insecta	Arthropoda	Aphelia paleana	1	GCA_964237545.1	reference genome	ilAphPale1.hap1.1	Chromosome		485008233	no
1144632	Aphelia unitana	Aphelia	Tortricidae	Lepidoptera	Insecta	Arthropoda	Aphelia unitana	1	GCA_971866565.1	reference genome	ilAphUnit1.hap1.1	Chromosome		459616502	no
1594235	Aphelia viburniana	Aphelia	Tortricidae	Lepidoptera	Insecta	Arthropoda	Aphelia viburniana	1	GCA_979322185.1	reference genome	ilAphVibr1.hap1.1	Chromosome		485232100	no
2890793	Aphelinus atriplicis	Aphelinus	Aphelinidae	Hymenoptera	Insecta	Arthropoda	Aphelinus atriplicis	1	GCA_020882685.1	reference genome	ARS_Aatr_GLS1.0	Chromosome		340293176	no
1041456	Aphelinus certus	Aphelinus	Aphelinidae	Hymenoptera	Insecta	Arthropoda	Aphelinus certus	1	GCA_020882725.1	reference genome	ARS_Acer_aS1	Chromosome		333501216	no
1501862	Aphidecta obliterata	Aphidecta	Coccinellidae	Coleoptera	Insecta	Arthropoda	Aphidecta obliterata	1	GCA_963966015.1	reference genome	icAphObli1.1	Chromosome		349557290	no
37627	Aphidius ervi	Aphidius	Braconidae	Hymenoptera	Insecta	Arthropoda	Aphidius ervi	2	GCA_061099415.1	reference genome	SWU_Aerv_1.0	Chromosome		165009089	no
684658	Aphidius gifuensis	Aphidius	Braconidae	Hymenoptera	Insecta	Arthropoda	Aphidius gifuensis	2	GCF_014905175.1	reference genome	ASM1490517v1	Chromosome		156944493	yes
95972	Aphidoletes aphidimyza	Aphidoletes	Cecidomyiidae	Diptera	Insecta	Arthropoda	Aphidoletes aphidimyza	1	GCA_030463065.1	reference genome	ASM3046306v1	Chromosome		191431736	no
464926	Aphis aurantii	Aphis	Aphididae	Hemiptera	Insecta	Arthropoda	Aphis aurantii	1	GCA_055615905.1	reference genome	ASM5561590v1	Chromosome		346804122	no
223852	Aphis citricidus	Aphis	Aphididae	Hemiptera	Insecta	Arthropoda	Aphis citricidus	1	GCA_986269975.1	reference genome	ihAphCiti4.hap1.1	Chromosome		390301325	no
191316	Aphis fabae	Aphis	Aphididae	Hemiptera	Insecta	Arthropoda	Aphis fabae	2	GCA_984580985.1	reference genome	AFABprim	Chromosome		395917334	yes
307491	Aphis glycines	Aphis	Aphididae	Hemiptera	Insecta	Arthropoda	Aphis glycines	1	GCA_046127445.1	reference genome	ASM4612744v1	Chromosome		323986452	no
80765	Aphis gossypii	Aphis	Aphididae	Hemiptera	Insecta	Arthropoda	Aphis gossypii	4	GCF_020184175.1	reference genome	ASM2018417v2	Chromosome		334855424	yes
511033	Aphis hederae	Aphis	Aphididae	Hemiptera	Insecta	Arthropoda	Aphis hederae	1	GCA_976991415.1	reference genome	ihAphHede1.hap1.1	Chromosome		457804162	no
3350012	Aphis hillerislambersi	Aphis	Aphididae	Hemiptera	Insecta	Arthropoda	Aphis hillerislambersi	1	GCA_980628925.1	reference genome	ihAphHill11.1	Chromosome		427291510	no
345556	Aphis idaei	Aphis	Aphididae	Hemiptera	Insecta	Arthropoda	Aphis idaei	1	GCA_986172655.1	reference genome	ihAphIdae3.hap1.1	Chromosome		353369475	no
345560	Aphis rumicis	Aphis	Aphididae	Hemiptera	Insecta	Arthropoda	Aphis rumicis	2	GCA_988240645.1	reference genome	ihAphRumi3.hap1.1	Chromosome		393734973	no
207123	Aphodius ater	Aphodius	Scarabaeidae	Coleoptera	Insecta	Arthropoda	Aphodius ater	1	GCA_984573975.1	reference genome	icAphAter1.hap1.1	Chromosome		749568566	no
207148	Aphodius fimetarius	Aphodius	Scarabaeidae	Coleoptera	Insecta	Arthropoda	Aphodius fimetarius	1	GCA_964211865.1	reference genome	icAphFime1.1	Chromosome		1343376671	no
207157	Aphodius granarius	Aphodius	Scarabaeidae	Coleoptera	Insecta	Arthropoda	Aphodius granarius	1	GCA_963971325.1	reference genome	icAphGran1.1	Chromosome		397201765	no
207213	Aphodius sticticus	Aphodius	Scarabaeidae	Coleoptera	Insecta	Arthropoda	Aphodius sticticus	1	GCA_963966075.1	reference genome	icAphStic4.1	Chromosome		628426238	no
688398	Aphomia sociella	Aphomia	Pyralidae	Lepidoptera	Insecta	Arthropoda	Aphomia sociella	1	GCA_965363045.1	reference genome	ilAphSoci2.hap1.1	Chromosome		681660367	no
295201	Aphrophora alni	Aphrophora	Aphrophoridae	Hemiptera	Insecta	Arthropoda	Aphrophora alni	1	GCA_963513935.1	reference genome	ihAphAlni3.1	Chromosome		1781497363	no
2898095	Aphrophora major	Aphrophora	Aphrophoridae	Hemiptera	Insecta	Arthropoda	Aphrophora major	2	GCA_965285795.1	reference genome	ihAphMajo1.hap1.1	Chromosome		1404006152	no
3384248	Aphrophora moscoviciae	Aphrophora	Aphrophoridae	Hemiptera	Insecta	Arthropoda	Aphrophora moscoviciae	1	GCA_965612245.1	reference genome	ihAphMosc1.hap1.1	Chromosome		1670452449	no
1587043	Aphthona herbigrada	Aphthona	Chrysomelidae	Coleoptera	Insecta	Arthropoda	Aphthona herbigrada	1	GCA_983203525.1	reference genome	icAphHerb1.1	Chromosome		956355140	no
346708	Aphthona nonstriata	Aphthona	Chrysomelidae	Coleoptera	Insecta	Arthropoda	Aphthona nonstriata	1	GCA_987216935.1	reference genome	icAphNons1.hap1.1	Chromosome		1238400134	no
7461	Apis cerana	Apis	Apidae	Hymenoptera	Insecta	Arthropoda	Apis cerana	6	GCF_029169275.2	reference genome	AcerK_1.0	Chromosome		223040589	yes
7460	Apis mellifera	Apis	Apidae	Hymenoptera	Insecta	Arthropoda	Apis mellifera	8	GCF_003254395.2	reference genome	Amel_HAv3.1	Chromosome		225234541	yes
1441497	Aplasta ononaria	Aplasta	Geometridae	Lepidoptera	Insecta	Arthropoda	Aplasta ononaria	1	GCA_977993635.1	reference genome	ilAplOnon1.hap1.1	Chromosome		283888888	no
934917	Aplocera efformata	Aplocera	Geometridae	Lepidoptera	Insecta	Arthropoda	Aplocera efformata	1	GCA_921293045.1	reference genome	ilAplEffo1.1	Chromosome		349483148	no
942218	Aplocera plagiata	Aplocera	Geometridae	Lepidoptera	Insecta	Arthropoda	Aplocera plagiata	1	GCA_965199025.1	reference genome	ilAplPlag1.hap1.1	Chromosome		327953490	no
934918	Aplocera praeformata	Aplocera	Geometridae	Lepidoptera	Insecta	Arthropoda	Aplocera praeformata	1	GCA_964260645.1	reference genome	ilAplPrae1.hap1.1	Chromosome		380662349	no
350097	Aplotarsus incanus	Aplotarsus	Elateridae	Coleoptera	Insecta	Arthropoda	Aplotarsus incanus	1	GCA_978018165.1	reference genome	icAplInca1.hap1.1	Chromosome		694430236	no
722657	Apocheima hispidaria	Apocheima	Geometridae	Lepidoptera	Insecta	Arthropoda	Apocheima hispidaria	1	GCA_947579745.1	reference genome	ilApoHisp1.1	Chromosome		419690830	no
287200	Apoda limacodes	Apoda	Limacodidae	Lepidoptera	Insecta	Arthropoda	Apoda limacodes	1	GCA_946406115.1	reference genome	ilApoLima1.1	Chromosome		800335453	no
201766	Apoderus coryli	Apoderus	Attelabidae	Coleoptera	Insecta	Arthropoda	Apoderus coryli	1	GCA_911728435.2	reference genome	icApoCory1.2	Chromosome		428056372	no
248454	Apolygus lucorum	Apolygus	Miridae	Hemiptera	Insecta	Arthropoda	Apolygus lucorum	1	GCA_009739505.2	reference genome	ASM973950v2	Chromosome		1023618409	yes
1666458	Apomyelois bistriatella	Apomyelois	Pyralidae	Lepidoptera	Insecta	Arthropoda	Apomyelois bistriatella	1	GCA_947044815.1	reference genome	ilApoBist1.1	Chromosome		389556621	no
129397	Aporia crataegi	Aporia	Pieridae	Lepidoptera	Insecta	Arthropoda	Aporia crataegi	1	GCA_912999735.1	reference genome	ilApoCrat1.1	Chromosome		229678889	no
2560978	Aporophyla australis	Aporophyla	Noctuidae	Lepidoptera	Insecta	Arthropoda	Aporophyla australis	1	GCA_977993545.1	reference genome	ilApoAust1.hap1.1	Chromosome		789985784	no
1337163	Aporophyla lueneburgensis	Aporophyla	Noctuidae	Lepidoptera	Insecta	Arthropoda	Aporophyla lueneburgensis	1	GCA_932294355.1	reference genome	ilApoLuen1.1	Chromosome		978291914	no
988064	Aporophyla lutulenta	Aporophyla	Noctuidae	Lepidoptera	Insecta	Arthropoda	Aporophyla lutulenta	1	GCA_977061935.1	reference genome	ilApoLutu1.hap1.1	Chromosome		1001163483	no
988065	Aporophyla nigra	Aporophyla	Noctuidae	Lepidoptera	Insecta	Arthropoda	Aporophyla nigra	1	GCA_947507805.1	reference genome	ilApoNigr3.1	Chromosome		736874160	no
1100915	Apotomis betuletana	Apotomis	Tortricidae	Lepidoptera	Insecta	Arthropoda	Apotomis betuletana	1	GCA_932273695.1	reference genome	ilApoBetu1.1	Chromosome		684224795	no
989741	Apotomis capreana	Apotomis	Tortricidae	Lepidoptera	Insecta	Arthropoda	Apotomis capreana	1	GCA_947623375.1	reference genome	ilApoCapr1.1	Chromosome		743215662	no
1030474	Apotomis sauciana	Apotomis	Tortricidae	Lepidoptera	Insecta	Arthropoda	Apotomis sauciana	1	GCA_965655145.1	reference genome	ilApoSauc2.hap1.1	Chromosome		745531533	no
1030475	Apotomis sororculana	Apotomis	Tortricidae	Lepidoptera	Insecta	Arthropoda	Apotomis sororculana	1	GCA_965663535.1		ilApoSoro1.hap1.1	Chromosome		624366812	no
1100916	Apotomis turbidana	Apotomis	Tortricidae	Lepidoptera	Insecta	Arthropoda	Apotomis turbidana	1	GCA_905147355.2	reference genome	ilApoTurb1.2	Chromosome		720450266	no
2566302	Aproaerema cinctella	Aproaerema	Gelechiidae	Lepidoptera	Insecta	Arthropoda	Aproaerema cinctella	1	GCA_976954445.1	reference genome	ilAprCint1.hap1.1	Chromosome		453122976	no
2566309	Aproaerema taeniolella	Aproaerema	Gelechiidae	Lepidoptera	Insecta	Arthropoda	Aproaerema taeniolella	1	GCA_949987775.1	reference genome	ilAprTaen1.1	Chromosome		636600098	no
2727444	Aproaerema vinella	Aproaerema	Gelechiidae	Lepidoptera	Insecta	Arthropoda	Aproaerema vinella	1	GCA_984657855.1	reference genome	ilAprVine1.hap1.1	Chromosome		397501063	no
1385220	Aproceros leucopoda	Aproceros	Argidae	Hymenoptera	Insecta	Arthropoda	Aproceros leucopoda	1	GCA_984807555.1	reference genome	iyAprLeuc1.hap1.1	Chromosome		262024544	no
108913	Aquarius najas	Aquarius	Gerridae	Hemiptera	Insecta	Arthropoda	Aquarius najas	1	GCA_988221655.1	reference genome	Anajas_Genome_Assembly	Chromosome		883326010	yes
95691	Aquarius paludum	Aquarius	Gerridae	Hemiptera	Insecta	Arthropoda	Aquarius paludum	1	GCA_052327185.1	reference genome	ASM5232718v1	Chromosome		1011789901	no
1421715	Aquatica leii	Aquatica	Lampyridae	Coleoptera	Insecta	Arthropoda	Aquatica leii	1	GCA_035610365.1	reference genome	HAU_Aqlei_1.0	Chromosome		1036906664	yes
1767299	Arachnocephalus vestitus	Arachnocephalus	Mogoplistidae	Orthoptera	Insecta	Arthropoda	Arachnocephalus vestitus	1	GCA_978021805.1	reference genome	iqAraVest5.1	Chromosome		3087372040	no
1452771	Aradus depressus	Aradus	Aradidae	Hemiptera	Insecta	Arthropoda	Aradus depressus	1	GCA_963662175.1	reference genome	ihAraDepr1.1	Chromosome		697721168	no
2881568	Aradus truncatus	Aradus	Aradidae	Hemiptera	Insecta	Arthropoda	Aradus truncatus	1	GCA_965153375.1	reference genome	ihAraTrun1.hap1.1	Chromosome		858627637	no
171575	Araschnia levana	Araschnia	Nymphalidae	Lepidoptera	Insecta	Arthropoda	Araschnia levana	1	GCA_964258735.1	reference genome	ilAraLeva1.hap1.1	Chromosome		362535744	no
1219316	Archanara dissoluta	Archanara	Noctuidae	Lepidoptera	Insecta	Arthropoda	Archanara dissoluta	1	GCA_984573995.1	reference genome	ilArcDiss1.hap1.1	Chromosome		635416363	no
104468	Archiearis parthenias	Archiearis	Geometridae	Lepidoptera	Insecta	Arthropoda	Archiearis parthenias	1	GCA_976915725.1	reference genome	ilArcPart1.hap1.1	Chromosome		528462204	no
411067	Archilestes grandis	Archilestes	Lestidae	Odonata	Insecta	Arthropoda	Archilestes grandis	1	GCA_977012885.1	reference genome	ioArcGran1.1	Chromosome		938336822	no
1857967	Archips crataeganus	Archips	Tortricidae	Lepidoptera	Insecta	Arthropoda	Archips crataeganus	1	GCA_947859365.1	reference genome	ilArcCraa1.1	Chromosome		626907041	no
1100917	Archips oporana	Archips	Tortricidae	Lepidoptera	Insecta	Arthropoda	Archips oporana	2	GCA_965637185.1	reference genome	ilArcOpor1.hap1.1	Chromosome		618656821	no
2655036	Archips podanus	Archips	Tortricidae	Lepidoptera	Insecta	Arthropoda	Archips podanus	1	GCA_964237515.1	reference genome	ilArcPodn1.1	Chromosome		549002426	no
1100919	Archips xylosteana	Archips	Tortricidae	Lepidoptera	Insecta	Arthropoda	Archips xylosteana	1	GCA_947563465.1	reference genome	ilArcXylo1.1	Chromosome		650594549	no
289281	Arctia caja	Arctia	Erebidae	Lepidoptera	Insecta	Arthropoda	Arctia caja	1	GCA_964264495.1	reference genome	ilArcCaja1.hap1.1	Chromosome		700588415	no
874455	Arctia plantaginis	Arctia	Erebidae	Lepidoptera	Insecta	Arthropoda	Arctia plantaginis	1	GCA_978021975.1	reference genome	ArcPla_EST	Complete Genome		588978481	no
706474	Arctia villica	Arctia	Erebidae	Lepidoptera	Insecta	Arthropoda	Arctia villica	1	GCA_987114605.1	reference genome	ilArcVill1.hap1.1	Chromosome		622825526	no
121162	Arctopsyche grandis	Arctopsyche	Hydropsychidae	Trichoptera	Insecta	Arthropoda	Arctopsyche grandis	2	GCF_051622035.1	reference genome	ASM5162203v2	Chromosome		475702301	yes
988067	Arenostola phragmitidis	Arenostola	Noctuidae	Lepidoptera	Insecta	Arthropoda	Arenostola phragmitidis	1	GCA_965285825.1	reference genome	ilArePhra2.hap1.1	Chromosome		663624368	no
1384767	Arge berberidis	Arge	Argidae	Hymenoptera	Insecta	Arthropoda	Arge berberidis	1	GCA_987106655.1	reference genome	iyArgBerb1.1	Chromosome		352334417	no
1384776	Arge ochropus	Arge	Argidae	Hymenoptera	Insecta	Arthropoda	Arge ochropus	1	GCA_965113185.1	reference genome	iyArgOchr1.1	Chromosome		239642833	no
1384777	Arge pagana	Arge	Argidae	Hymenoptera	Insecta	Arthropoda	Arge pagana	1	GCA_963969455.1	reference genome	iyArgPaga1.1	Chromosome		204667820	no
1170481	Arge ustulata	Arge	Argidae	Hymenoptera	Insecta	Arthropoda	Arge ustulata	2	GCA_987106575.1	reference genome	iyArgUstu1.hap2.1	Chromosome		414330362	no
1594443	Argolamprotes micella	Argolamprotes	Gelechiidae	Lepidoptera	Insecta	Arthropoda	Argolamprotes micella	1	GCA_976984575.1	reference genome	ilArgMice1.hap1.1	Chromosome		425623986	no
405010	Argynnis aglaja	Argynnis	Nymphalidae	Lepidoptera	Insecta	Arthropoda	Argynnis aglaja	1	GCA_982319295.1	reference genome	ilArgAgla1.hap1.1	Chromosome		486768887	no
3075845	Argynnis bischoffii	Argynnis	Nymphalidae	Lepidoptera	Insecta	Arthropoda	Argynnis bischoffii washingtonia	1	GCA_033884665.1	reference genome	Smor.assembly.v1.0	Chromosome		452557211	no
405018	Argynnis pandora	Argynnis	Nymphalidae	Lepidoptera	Insecta	Arthropoda	Argynnis pandora	1	GCA_964340695.1	reference genome	ilArgPand1.hap1.1	Chromosome		451401940	no
171802	Argynnis paphia	Argynnis	Nymphalidae	Lepidoptera	Insecta	Arthropoda	Argynnis paphia	1	GCA_964264515.1	reference genome	ilArgPaph1.hap1.1	Chromosome		520881390	no
377538	Argyra leucocephala	Argyra	Dolichopodidae	Diptera	Insecta	Arthropoda	Argyra leucocephala	1	GCA_963942445.1	reference genome	idArgLeuc1.1	Chromosome		917377706	no
1492915	Argyresthia albistria	Argyresthia	Argyresthiidae	Lepidoptera	Insecta	Arthropoda	Argyresthia albistria	1	GCA_963457715.1	reference genome	ilArgAlbi2.1	Chromosome		370518547	no
687015	Argyresthia conjugella	Argyresthia	Argyresthiidae	Lepidoptera	Insecta	Arthropoda	Argyresthia conjugella	1	GCA_987584395.1	reference genome	ilArgConj1.hap1.1	Chromosome		480430215	no
2979185	Argyresthia cupressella	Argyresthia	Argyresthiidae	Lepidoptera	Insecta	Arthropoda	Argyresthia cupressella	1	GCA_964341315.1	reference genome	ilArgCupr1.hap1.1	Chromosome		768396222	no
1100921	Argyresthia glabratella	Argyresthia	Argyresthiidae	Lepidoptera	Insecta	Arthropoda	Argyresthia glabratella	1	GCA_982551765.1	reference genome	ilArgGlab1.hap1.1	Chromosome		909012005	no
572725	Argyresthia goedartella	Argyresthia	Argyresthiidae	Lepidoptera	Insecta	Arthropoda	Argyresthia goedartella	1	GCA_949825045.1	reference genome	ilArgGoed1.1	Chromosome		1108801089	no
1857969	Argyresthia praecocella	Argyresthia	Argyresthiidae	Lepidoptera	Insecta	Arthropoda	Argyresthia praecocella	1	GCA_984658545.1	reference genome	ilArgPrae1.hap1.1	Chromosome		474651520	no
753155	Argyresthia semifusca	Argyresthia	Argyresthiidae	Lepidoptera	Insecta	Arthropoda	Argyresthia semifusca	1	GCA_985198585.1	reference genome	ilArgSemi1.hap1.1	Chromosome		1229706804	no
1100922	Argyresthia sorbiella	Argyresthia	Argyresthiidae	Lepidoptera	Insecta	Arthropoda	Argyresthia sorbiella	2	GCA_971880385.1	reference genome	ilArgSorb1.hap2.1	Chromosome		644501902	no
1790156	Argyroploce aquilonana	Argyroploce	Tortricidae	Lepidoptera	Insecta	Arthropoda	Argyroploce aquilonana	1	GCA_977063525.1	reference genome	ilArgAqui1.hap1.1	Chromosome		831123101	no
1197223	Argyroploce noricana	Argyroploce	Tortricidae	Lepidoptera	Insecta	Arthropoda	Argyroploce noricana	2	GCA_965607555.1	reference genome	ilArgNori1.hap2.1	Chromosome		800074327	no
256647	Arhopalus rusticus	Arhopalus	Cerambycidae	Coleoptera	Insecta	Arthropoda	Arhopalus rusticus	3	GCA_046563155.1	reference genome	ASM4656315v1	Chromosome		1232509462	no
1191617	Arhopalus unicolor	Arhopalus	Cerambycidae	Coleoptera	Insecta	Arthropoda	Arhopalus unicolor	1	GCA_045514315.1	reference genome	ASM4551431v1	Chromosome		1224892070	no
91739	Aricia agestis	Aricia	Lycaenidae	Lepidoptera	Insecta	Arthropoda	Aricia agestis	3	GCF_905147365.1	reference genome	ilAriAges1.1	Chromosome		435265205	yes
91738	Aricia artaxerxes	Aricia	Lycaenidae	Lepidoptera	Insecta	Arthropoda	Aricia artaxerxes	1	GCA_937612035.1	reference genome	ilAriArta2.1	Chromosome		458481091	no
282009	Aricia cramera	Aricia	Lycaenidae	Lepidoptera	Insecta	Arthropoda	Aricia cramera	1	GCA_964341205.1	reference genome	ilAriCram1.hap1.1	Chromosome		422047636	no
1107572	Aricia morronensis	Aricia	Lycaenidae	Lepidoptera	Insecta	Arthropoda	Aricia morronensis	1	GCA_964338945.1	reference genome	ilAriMorr1.hap1.1	Chromosome		433744775	no
689501	Aricia nicias	Aricia	Lycaenidae	Lepidoptera	Insecta	Arthropoda	Aricia nicias	2	GCA_964270965.2	reference genome	ilAriNici1.hap1.2	Chromosome		538865639	no
1280425	Aristotelia ericinella	Aristotelia	Gelechiidae	Lepidoptera	Insecta	Arthropoda	Aristotelia ericinella	1	GCA_982551755.1	reference genome	ilAriEric1.hap1.1	Chromosome		493745045	no
1197224	Aristotelia heliacella	Aristotelia	Gelechiidae	Lepidoptera	Insecta	Arthropoda	Aristotelia heliacella	2	GCA_977013395.1	reference genome	ilAriHeli1.hap1.1	Chromosome		850340123	no
274019	Aritranis director	Aritranis	Ichneumonidae	Hymenoptera	Insecta	Arthropoda	Aritranis director	1	GCA_978020745.1	reference genome	iyAriDire1.1	Chromosome		201933600	no
763200	Arma chinensis	Arma	Pentatomidae	Hemiptera	Insecta	Arthropoda	Arma chinensis	1	GCA_040285775.1	reference genome	ASM4028577v1	Chromosome		970222492	no
291269	Arma custos	Arma	Pentatomidae	Hemiptera	Insecta	Arthropoda	Arma custos	2	GCA_048127545.1	reference genome	ASM4812754v1	Chromosome		976577182	no
124917	Armigeres subalbatus	Armigeres	Culicidae	Diptera	Insecta	Arthropoda	Armigeres subalbatus	3	GCF_024139115.2	reference genome	GZ_Asu_2	Chromosome		1335741332	yes
1280427	Aroga velocella	Aroga	Gelechiidae	Lepidoptera	Insecta	Arthropoda	Aroga velocella	1	GCA_977019755.1	reference genome	ilAroVelo1.hap1.1	Chromosome		587374410	no
1265417	Aromia moschata	Aromia	Cerambycidae	Coleoptera	Insecta	Arthropoda	Aromia moschata	1	GCA_965642075.1	reference genome	icAroMosc1.hap1.1	Chromosome		738972771	no
1655869	Arthaldeus pascuellus	Arthaldeus	Cicadellidae	Hemiptera	Insecta	Arthropoda	Arthaldeus pascuellus	1	GCA_964204695.1	reference genome	ihArtPasu2.1	Chromosome		1275436852	no
3127794	Artiora evonymaria	Artiora	Geometridae	Lepidoptera	Insecta	Arthropoda	Artiora evonymaria	2	GCA_965278245.1	reference genome	ilArtEvon1.hap1.1	Chromosome		430836198	no
414916	Ascotis selenaria	Ascotis	Geometridae	Lepidoptera	Insecta	Arthropoda	Ascotis selenaria	1	GCA_976954805.1	reference genome	ilAscSele1.hap1.1	Chromosome		530003333	no
554476	Asobara japonica	Asobara	Braconidae	Hymenoptera	Insecta	Arthropoda	Asobara japonica	1	GCA_049862395.1	reference genome	ASM4986239v1	Chromosome		272450433	no
877730	Aspidapion aeneum	Aspidapion	Brentidae	Coleoptera	Insecta	Arthropoda	Aspidapion aeneum	1	GCA_963576565.1	reference genome	icAspAene1.1	Chromosome		1286164511	no
1594445	Aspilapteryx tringipennella	Aspilapteryx	Gracillariidae	Lepidoptera	Insecta	Arthropoda	Aspilapteryx tringipennella	1	GCA_964188165.1	reference genome	ilAspTrin1.1	Chromosome		261710030	no
190333	Aspitates ochrearia	Aspitates	Geometridae	Lepidoptera	Insecta	Arthropoda	Aspitates ochrearia	1	GCA_988177365.1	reference genome	ilAspOchr2.1	Chromosome		349882764	no
1101084	Assara terebrella	Assara	Pyralidae	Lepidoptera	Insecta	Arthropoda	Assara terebrella	1	GCA_982375255.1	reference genome	ilAssTere1.hap1.1	Chromosome		808870867	no
988069	Asteroscopus sphinx	Asteroscopus	Noctuidae	Lepidoptera	Insecta	Arthropoda	Asteroscopus sphinx	1	GCA_949699075.1	reference genome	ilAstSphi1.1	Chromosome		857339802	no
988071	Atethmia centrago	Atethmia	Noctuidae	Lepidoptera	Insecta	Arthropoda	Atethmia centrago	1	GCA_905333075.3	reference genome	ilAteCent1.3	Chromosome		926639817	no
362093	Athalia circularis	Athalia	Athaliidae	Hymenoptera	Insecta	Arthropoda	Athalia circularis	1	GCA_963978495.1	reference genome	iyAthCirc1.1	Chromosome		201858720	no
1170485	Athalia cordata	Athalia	Athaliidae	Hymenoptera	Insecta	Arthropoda	Athalia cordata	1	GCA_963932425.1	reference genome	iyAthCord1.1	Chromosome		169026174	no
37344	Athalia rosae	Athalia	Athaliidae	Hymenoptera	Insecta	Arthropoda	Athalia rosae	2	GCF_917208135.1	reference genome	iyAthRosa1.1	Chromosome		171955050	yes
2025112	Atherix ibis	Atherix	Athericidae	Diptera	Insecta	Arthropoda	Atherix ibis	1	GCA_958298945.2	reference genome	idAthIbis2.2	Chromosome		670410102	no
1223490	Athetis lepigone	Athetis	Noctuidae	Lepidoptera	Insecta	Arthropoda	Athetis lepigone	2	GCA_974817045.1	reference genome	ilAthLepi2.hap1.1	Chromosome		734859576	no
1101086	Athrips mouffetella	Athrips	Gelechiidae	Lepidoptera	Insecta	Arthropoda	Athrips mouffetella	1	GCA_947532105.1	reference genome	ilAthMouf1.1	Chromosome		869715962	no
446526	Athripsodes cinereus	Athripsodes	Leptoceridae	Trichoptera	Insecta	Arthropoda	Athripsodes cinereus	1	GCA_947579605.1	reference genome	iiAthCine2.1	Chromosome		716242550	no
987889	Atolmis rubricollis	Atolmis	Erebidae	Lepidoptera	Insecta	Arthropoda	Atolmis rubricollis	1	GCA_965117225.1	reference genome	ilAtoRubr1.hap1.1	Chromosome		647875780	no
2695169	Atrijuglans aristata	Atrijuglans	Stathmopodidae	Lepidoptera	Insecta	Arthropoda	Atrijuglans aristata	1	GCA_046579625.1	reference genome	ASM4657962v1	Chromosome		480994461	no
41096	Attagenus pellio	Attagenus	Dermestidae	Coleoptera	Insecta	Arthropoda	Attagenus pellio	1	GCA_978258735.1	reference genome	icAttPell1.hap1.1	Chromosome		365431958	no
2881594	Atylotus fulvus	Atylotus	Tabanidae	Diptera	Insecta	Arthropoda	Atylotus fulvus	2	GCA_982551355.1	reference genome	idAtyFulv1.hap1.1	Chromosome		1587341680	no
3037401	Atylotus latistriatus	Atylotus	Tabanidae	Diptera	Insecta	Arthropoda	Atylotus latistriatus	1	GCA_977012865.1	reference genome	idAtyLati1.hap1.1	Chromosome		1451650235	no
2968928	Atylotus rusticus	Atylotus	Tabanidae	Diptera	Insecta	Arthropoda	Atylotus rusticus	2	GCA_978045085.1	reference genome	idAtyRust1.hap1.1	Chromosome		1275593845	no
115077	Augochlora pura	Augochlora	Halictidae	Hymenoptera	Insecta	Arthropoda	Augochlora pura	2	GCF_028453695.1	reference genome	APUR_v2.2.1	Chromosome		304327187	yes
226735	Aulacophora lewisii	Aulacophora	Chrysomelidae	Coleoptera	Insecta	Arthropoda	Aulacophora lewisii	1	GCA_051251045.1	reference genome	ASM5125104v1	Chromosome		1642791552	no
202456	Aulacorthum solani	Aulacorthum	Aphididae	Hemiptera	Insecta	Arthropoda	Aulacorthum solani	2	GCA_985198255.1	reference genome	ihAulSola1.hap1.1	Chromosome		544350655	no
987891	Autographa bractea	Autographa	Noctuidae	Lepidoptera	Insecta	Arthropoda	Autographa bractea	1	GCA_964264225.1	reference genome	ilAutBrac1.hap1.1	Chromosome		412445785	no
254363	Autographa gamma	Autographa	Noctuidae	Lepidoptera	Insecta	Arthropoda	Autographa gamma	1	GCA_905146925.1	reference genome	ilAutGamm1.1	Chromosome		373051863	no
987893	Autographa pulchrina	Autographa	Noctuidae	Lepidoptera	Insecta	Arthropoda	Autographa pulchrina	1	GCA_905475315.1	reference genome	ilAutPulc1.1	Chromosome		426225690	no
988077	Axylia putris	Axylia	Noctuidae	Lepidoptera	Insecta	Arthropoda	Axylia putris	1	GCA_984799215.1	reference genome	ilAxyPutr1.hap1.1	Chromosome		438306742	no
1643962	Azelia nebulosa	Azelia	Muscidae	Diptera	Insecta	Arthropoda	Azelia nebulosa	1	GCA_964235425.1	reference genome	idAzeNebu1.hap1.1	Chromosome		704790744	no
226178	Baccha elongata	Baccha	Syrphidae	Diptera	Insecta	Arthropoda	Baccha elongata	1	GCA_951217065.2	reference genome	idBacElon1.2	Chromosome		607970187	no
55088	Bacillus grandii	Bacillus	Bacillidae	Phasmatodea	Insecta	Arthropoda	Bacillus grandii grandii	1	GCA_056870045.1	reference genome	Bgigi_v5	Chromosome		1721936132	no
75184	Bacillus rossius	Bacillus	Bacillidae	Phasmatodea	Insecta	Arthropoda	Bacillus rossius redtenbacheri	2	GCF_032445375.1	reference genome	Brsri_v3	Chromosome		1605073380	yes
290155	Bactericera cockerelli	Bactericera	Triozidae	Hemiptera	Insecta	Arthropoda	Bactericera cockerelli	1	GCA_024516035.1	reference genome	ASM2451603v1	Chromosome		567428061	no
2316829	Bactra bactrana	Bactra	Tortricidae	Lepidoptera	Insecta	Arthropoda	Bactra bactrana	1	GCA_982345175.1	reference genome	ilBacBact1.hap1.1	Chromosome		546653780	no
1030477	Bactra furfurana	Bactra	Tortricidae	Lepidoptera	Insecta	Arthropoda	Bactra furfurana	1	GCA_965663525.1	reference genome	ilBacFurf1.hap1.1	Chromosome		627817194	no
753158	Bactra lancealana	Bactra	Tortricidae	Lepidoptera	Insecta	Arthropoda	Bactra lancealana	1	GCA_965196735.1	reference genome	ilBacLanc2.1	Chromosome		570208273	no
47773	Bactrocera correcta	Bactrocera	Tephritidae	Diptera	Insecta	Arthropoda	Bactrocera correcta	1	GCA_027475135.1	reference genome	ASM2747513v1	Chromosome		702652060	no
27457	Bactrocera dorsalis	Bactrocera	Tephritidae	Diptera	Insecta	Arthropoda	Bactrocera dorsalis	4	GCF_023373825.1	reference genome	ASM2337382v1	Chromosome		530310706	yes
98809	Bactrocera neohumeralis	Bactrocera	Tephritidae	Diptera	Insecta	Arthropoda	Bactrocera neohumeralis	2	GCF_024586455.1	reference genome	APGP_CSIRO_Bneo_wtdbg2-racon-allhic-juicebox.fasta_v2	Chromosome		577326612	yes
104688	Bactrocera oleae	Bactrocera	Tephritidae	Diptera	Insecta	Arthropoda	Bactrocera oleae	3	GCF_042242935.1	reference genome	idBacOlea1	Chromosome		468767170	yes
59916	Bactrocera tryoni	Bactrocera	Tephritidae	Diptera	Insecta	Arthropoda	Bactrocera tryoni	2	GCF_016617805.1	reference genome	CSIRO_BtryS06_freeze2	Chromosome		570642875	yes
104691	Bactrocera tsuneonis	Bactrocera	Tephritidae	Diptera	Insecta	Arthropoda	Bactrocera tsuneonis	1	GCA_046562955.1	reference genome	ASM4656295v1	Chromosome		339005048	no
1521163	Baetis atlanticus	Baetis	Baetidae	Ephemeroptera	Insecta	Arthropoda	Baetis atlanticus	1	GCA_977112325.1	reference genome	ieBaeAtla2.hap1.1	Chromosome		199869330	no
189839	Baetis rhodani	Baetis	Baetidae	Ephemeroptera	Insecta	Arthropoda	Baetis rhodani	1	GCA_978020855.1	reference genome	ieBaeRhod3.hap1.1	Chromosome		205594328	no
249498	Balanococcus diminutus	Balanococcus	Pseudococcidae	Hemiptera	Insecta	Arthropoda	Balanococcus diminutus	1	GCA_959613365.1	reference genome	ihBalDimi2.1	Chromosome		313093071	no
1869496	Bankesia conspurcatella	Bankesia	Psychidae	Lepidoptera	Insecta	Arthropoda	Bankesia conspurcatella	1	GCA_977993645.1	reference genome	ilBanCons1.hap1.1	Chromosome		318580827	no
3037412	Baranisobas ridibundus	Baranisobas	Ichneumonidae	Hymenoptera	Insecta	Arthropoda	Baranisobas ridibundus	1	GCA_982303625.1	reference genome	iyBarRidi1.1	Chromosome		329045430	no
3402469	Barichneumon chionomus	Barichneumon	Ichneumonidae	Hymenoptera	Insecta	Arthropoda	Barichneumon chionomus	1	GCA_981124155.1	reference genome	iyBarChio1.hap1.1	Chromosome		262004332	no
1045562	Barycnemis harpura	Barycnemis	Ichneumonidae	Hymenoptera	Insecta	Arthropoda	Barycnemis harpura	1	GCA_987194935.1	reference genome	iyBarHarp1.1	Chromosome		400769223	no
2680170	Barylypa propugnator	Barylypa	Ichneumonidae	Hymenoptera	Insecta	Arthropoda	Barylypa propugnator	1	GCA_977993575.1	reference genome	iyBarProp1.hap1.1	Chromosome		239724618	no
397350	Barypeithes pellucidus	Barypeithes	Curculionidae	Coleoptera	Insecta	Arthropoda	Barypeithes pellucidus	1	GCA_963991005.1	reference genome	icBarPell3.1	Chromosome		743709433	no
2980436	Baryscapus dioryctriae	Baryscapus	Eulophidae	Hymenoptera	Insecta	Arthropoda	Baryscapus dioryctriae	1	GCA_040869075.1	reference genome	ASM4086907v1	Chromosome		509428314	no
127305	Batesia hypochlora	Batesia	Nymphalidae	Lepidoptera	Insecta	Arthropoda	Batesia hypochlora	1	GCA_054832375.1	reference genome	ASM5483237v1	Chromosome		395788444	no
3073148	Bathyscidius tristiculus	Bathyscidius	Leiodidae	Coleoptera	Insecta	Arthropoda	Bathyscidius tristiculus	1	GCA_979853965.1	reference genome	icBatTris.1	Chromosome		488115944	no
172462	Bathythrix pellucidator	Bathythrix	Ichneumonidae	Hymenoptera	Insecta	Arthropoda	Bathythrix pellucidator	1	GCA_978765475.1	reference genome	iyBatPell1.1	Chromosome		170674488	no
1100926	Batia lambdella	Batia	Oecophoridae	Lepidoptera	Insecta	Arthropoda	Batia lambdella	1	GCA_982551415.1	reference genome	ilBatLamb1.hap1.1	Chromosome		380668400	no
583388	Batocera lineolata	Batocera	Cerambycidae	Coleoptera	Insecta	Arthropoda	Batocera lineolata	1	GCA_052815245.1	reference genome	ASM5281524v1	Chromosome		327956054	no
1178031	Batrachedra pinicolella	Batrachedra	Batrachedridae	Lepidoptera	Insecta	Arthropoda	Batrachedra pinicolella	1	GCA_988143895.1	reference genome	ilBatPini1.hap1.1	Chromosome		567071623	no
347710	Batrachedra praeangusta	Batrachedra	Batrachedridae	Lepidoptera	Insecta	Arthropoda	Batrachedra praeangusta	1	GCA_964656335.1	reference genome	ilBatPrae3.1	Chromosome		486926467	no
2803877	Batracomorphus irroratus	Batracomorphus	Cicadellidae	Hemiptera	Insecta	Arthropoda	Batracomorphus irroratus	1	GCA_986175935.1	reference genome	ihBatIrro2.1	Chromosome		2391510952	no
753282	Bedellia somnulentella	Bedellia	Bedelliidae	Lepidoptera	Insecta	Arthropoda	Bedellia somnulentella	1	GCA_963576735.1	reference genome	ilBedSomn2.1	Chromosome		549020378	no
2881606	Bellardia bayeri	Bellardia	Calliphoridae	Diptera	Insecta	Arthropoda	Bellardia bayeri	1	GCA_950370525.1	reference genome	idBelBaye1.1	Chromosome		551738483	no
2795671	Bellardia pandia	Bellardia	Calliphoridae	Diptera	Insecta	Arthropoda	Bellardia pandia	1	GCA_916048285.2	reference genome	idBelPand1.2	Chromosome		617022296	no
2817044	Belonocnema kinseyi	Belonocnema	Cynipidae	Hymenoptera	Insecta	Arthropoda	Belonocnema kinseyi	2	GCF_010883055.1	reference genome	B_treatae_v1	Chromosome		1538686255	yes
91396	Belonogaster juncea	Belonogaster	Vespidae	Hymenoptera	Insecta	Arthropoda	Belonogaster juncea	1	GCA_057814355.1	reference genome	ASM5781435v1	Chromosome		315634570	no
301037	Bembecia ichneumoniformis	Bembecia	Sesiidae	Lepidoptera	Insecta	Arthropoda	Bembecia ichneumoniformis	1	GCA_910589475.2	reference genome	ilBemIchn1.2	Chromosome		511395034	no
7038	Bemisia tabaci	Bemisia	Aleyrodidae	Hemiptera	Insecta	Arthropoda	Bemisia tabaci	2	GCF_918797505.1	reference genome	PGI_BMITA_v3	Chromosome		609949642	yes
2719050	Beris chalybata	Beris	Stratiomyidae	Diptera	Insecta	Arthropoda	Beris chalybata	1	GCA_949128065.1	reference genome	idBerChal2.1	Chromosome		541854208	no
931494	Beris morrisii	Beris	Stratiomyidae	Diptera	Insecta	Arthropoda	Beris morrisii	1	GCA_951812415.1	reference genome	idBerMorr1.1	Chromosome		613260680	no
1545285	Berytinus crassipes	Berytinus	Berytidae	Hemiptera	Insecta	Arthropoda	Berytinus crassipes	1	GCA_965637085.1	reference genome	ihBerCras1.hap1.1	Chromosome		1554309387	no
1545286	Berytinus minor	Berytinus	Berytidae	Hemiptera	Insecta	Arthropoda	Berytinus minor	1	GCA_982319365.1	reference genome	ihBerMino1.hap1.1	Chromosome		1016338976	no
1545287	Berytinus montivagus	Berytinus	Berytidae	Hemiptera	Insecta	Arthropoda	Berytinus montivagus	1	GCA_965615965.1	reference genome	ihBerMont1.hap1.1	Chromosome		1307316633	no
382944	Betulapion simile	Betulapion	Brentidae	Coleoptera	Insecta	Arthropoda	Betulapion simile	1	GCA_966183525.1	reference genome	icBetSimi1.1	Chromosome		1089724369	no
189979	Bibio marci	Bibio	Bibionidae	Diptera	Insecta	Arthropoda	Bibio marci	1	GCA_910594885.2	reference genome	idBibMarc1.2	Chromosome		340009463	no
110368	Bicyclus anynana	Bicyclus	Nymphalidae	Lepidoptera	Insecta	Arthropoda	Bicyclus anynana	2	GCF_947172395.1	reference genome	ilBicAnyn1.1	Chromosome		457159770	yes
197003	Biphyllus lunatus	Biphyllus	Biphyllidae	Coleoptera	Insecta	Arthropoda	Biphyllus lunatus	2	GCA_965194465.1	reference genome	icBipLuna3.hap1.1	Chromosome		421105867	no
82595	Biston betularia	Biston	Geometridae	Lepidoptera	Insecta	Arthropoda	Biston betularia	1	GCA_905404145.2	reference genome	ilBisBetu1.2	Chromosome		404509252	no
722658	Biston stratarius	Biston	Geometridae	Lepidoptera	Insecta	Arthropoda	Biston stratarius	1	GCA_950106695.1	reference genome	ilBisStrt2.1	Chromosome		424040930	no
346746	Bitoma crenata	Bitoma	Zopheridae	Coleoptera	Insecta	Arthropoda	Bitoma crenata	1	GCA_964656825.2	reference genome	icBitCren1.2	Chromosome		154473035	no
1379410	Blaps rhynchoptera	Blaps	Tenebrionidae	Coleoptera	Insecta	Arthropoda	Blaps rhynchoptera	1	GCA_042257705.1	reference genome	ASM4225770v1	Chromosome		379239822	no
132935	Blaptica dubia	Blaptica	Blaberidae	Blattodea	Insecta	Arthropoda	Blaptica dubia	1	GCA_057814385.1	reference genome	Bdub	Chromosome		2623465287	no
1869501	Blastobasis adustella	Blastobasis	Blastobasidae	Lepidoptera	Insecta	Arthropoda	Blastobasis adustella	1	GCA_907269095.1	reference genome	ilBlaAdus2.1	Chromosome		557424730	no
2561016	Blastobasis lacticolella	Blastobasis	Blastobasidae	Lepidoptera	Insecta	Arthropoda	Blastobasis lacticolella	1	GCA_905147135.1	reference genome	ilBlaLact1.1	Chromosome		577068156	no
3228856	Blastobasis vittata	Blastobasis	Blastobasidae	Lepidoptera	Insecta	Arthropoda	Blastobasis vittata	1	GCA_977020155.1	reference genome	ilBlaVitt1.hap1.1	Chromosome		542367365	no
6973	Blattella germanica	Blattella	Blattellidae	Blattodea	Insecta	Arthropoda	Blattella germanica	1	GCA_057814395.1	reference genome	Bger	Chromosome		1984735037	no
226147	Blera fallax	Blera	Syrphidae	Diptera	Insecta	Arthropoda	Blera fallax	1	GCA_946965025.1	reference genome	idBleFall4.1	Chromosome		461821444	no
608661	Boletina plana	Boletina	Mycetophilidae	Diptera	Insecta	Arthropoda	Boletina plana	1	GCA_977070995.1	reference genome	idBolPlan1.hap1.1	Chromosome		527428755	no
683890	Bolitotherus cornutus	Bolitotherus	Tenebrionidae	Coleoptera	Insecta	Arthropoda	Bolitotherus cornutus	1	GCA_057924955.1	reference genome	ASM5792495v1	Chromosome		196574680	no
2995250	Bolivaria brachyptera	Bolivaria	Mantidae	Mantodea	Insecta	Arthropoda	Bolivaria brachyptera	1	GCA_976986895.1	reference genome	imBolBrac2.1	Chromosome		3299730720	no
2970430	Bolivaritettix circocephalus	Bolivaritettix	Tetrigidae	Orthoptera	Insecta	Arthropoda	Bolivaritettix circocephalus	1	GCA_059686075.1	reference genome	ASM5968607v1	Chromosome		1269652873	no
405021	Boloria aquilonaris	Boloria	Nymphalidae	Lepidoptera	Insecta	Arthropoda	Boloria aquilonaris	1	GCA_964270775.1	reference genome	ilBolAqui1.hap1.1	Chromosome		415842648	no
995051	Boloria caucasica	Boloria	Nymphalidae	Lepidoptera	Insecta	Arthropoda	Boloria caucasica	1	GCA_964332085.1	reference genome	ilBolCauc1.hap1.1	Chromosome		341488785	no
1943797	Boloria chariclea	Boloria	Nymphalidae	Lepidoptera	Insecta	Arthropoda	Boloria chariclea	2	GCA_977013735.1	reference genome	ilCloChar1.hap1.1	Chromosome		497730790	no
596532	Boloria dia	Boloria	Nymphalidae	Lepidoptera	Insecta	Arthropoda	Boloria dia	1	GCA_964264805.1	reference genome	ilCloDiax1.hap1.1	Chromosome		366127185	no
405022	Boloria eunomia	Boloria	Nymphalidae	Lepidoptera	Insecta	Arthropoda	Boloria eunomia	1	GCA_966096485.1	reference genome	ilBolEuno1.hap1.1	Chromosome		444776941	no
405023	Boloria euphrosyne	Boloria	Nymphalidae	Lepidoptera	Insecta	Arthropoda	Boloria euphrosyne	1	GCA_951802675.2	reference genome	ilBolEuph2.2	Chromosome		400436497	no
596533	Boloria freija	Boloria	Nymphalidae	Lepidoptera	Insecta	Arthropoda	Boloria freija	1	GCA_964273495.1	reference genome	ilCloFrei2.hap1.1	Chromosome		462773524	no
596534	Boloria frigga	Boloria	Nymphalidae	Lepidoptera	Insecta	Arthropoda	Boloria frigga	1	GCA_964273715.1	reference genome	ilCloFrig2.hap1.1	Chromosome		395422787	no
405024	Boloria pales	Boloria	Nymphalidae	Lepidoptera	Insecta	Arthropoda	Boloria pales	1	GCA_964275235.1	reference genome	ilBolPale1.hap1.1	Chromosome		382992164	no
191398	Boloria selene	Boloria	Nymphalidae	Lepidoptera	Insecta	Arthropoda	Boloria selene	1	GCA_905231865.2	reference genome	ilBolSele5.2	Chromosome		399902484	no
977896	Boloria thore	Boloria	Nymphalidae	Lepidoptera	Insecta	Arthropoda	Boloria thore	1	GCA_964338675.1	reference genome	ilCloThor1.hap1.1	Chromosome		427953672	no
596536	Boloria titania	Boloria	Nymphalidae	Lepidoptera	Insecta	Arthropoda	Boloria titania	1	GCA_964270595.1	reference genome	ilCloTita1.hap1.1	Chromosome		496638844	no
309941	Bombus affinis	Bombus	Apidae	Hymenoptera	Insecta	Arthropoda	Bombus affinis	2	GCF_024516045.1	reference genome	iyBomAffi1.2	Chromosome		365123313	yes
309944	Bombus bimaculatus	Bombus	Apidae	Hymenoptera	Insecta	Arthropoda	Bombus bimaculatus	1	GCA_050437405.1	reference genome	iyBomBima1_principal	Chromosome		334463107	no
395515	Bombus breviceps	Bombus	Apidae	Hymenoptera	Insecta	Arthropoda	Bombus breviceps	1	GCA_014825925.1	reference genome	ASM1482592v1	Chromosome		248124274	no
207624	Bombus campestris	Bombus	Apidae	Hymenoptera	Insecta	Arthropoda	Bombus campestris	1	GCA_905333015.3	reference genome	iyBomCamp1.3	Chromosome		275239257	no
85658	Bombus dahlbomii	Bombus	Apidae	Hymenoptera	Insecta	Arthropoda	Bombus dahlbomii	1	GCA_037178635.1	reference genome	Bdahl_1.0	Chromosome		274050013	no
395521	Bombus distinguendus	Bombus	Apidae	Hymenoptera	Insecta	Arthropoda	Bombus distinguendus	1	GCA_982382415.1	reference genome	iyBomDist1.1	Chromosome		494641746	no
309956	Bombus eximius	Bombus	Apidae	Hymenoptera	Insecta	Arthropoda	Bombus eximius	1	GCA_060125805.1	reference genome	ASM6012580v1	Chromosome		256184822	no
203811	Bombus fervidus	Bombus	Apidae	Hymenoptera	Insecta	Arthropoda	Bombus fervidus	2	GCF_041682495.2	reference genome	iyBomFerv1	Chromosome		314276726	yes
309958	Bombus festivus	Bombus	Apidae	Hymenoptera	Insecta	Arthropoda	Bombus festivus	1	GCA_060125815.1	reference genome	ASM6012581v1	Chromosome		274171871	no
207629	Bombus flavescens	Bombus	Apidae	Hymenoptera	Insecta	Arthropoda	Bombus flavescens	1	GCA_060125865.1	reference genome	ASM6012586v1	Chromosome		283672540	no
103934	Bombus flavifrons	Bombus	Apidae	Hymenoptera	Insecta	Arthropoda	Bombus flavifrons	2	GCF_040668555.2	reference genome	iyBomFlav1_principal	Chromosome		310456995	yes
309959	Bombus friseanus	Bombus	Apidae	Hymenoptera	Insecta	Arthropoda	Bombus friseanus	1	GCA_060125985.1	reference genome	ASM6012598v1	Chromosome		320476692	no
207634	Bombus griseocollis	Bombus	Apidae	Hymenoptera	Insecta	Arthropoda	Bombus griseocollis	1	GCA_050437465.1	reference genome	iyBomGris1_principal	Chromosome		551596204	no
207636	Bombus haemorrhoidalis	Bombus	Apidae	Hymenoptera	Insecta	Arthropoda	Bombus haemorrhoidalis	1	GCA_014825975.1	reference genome	ASM1482597v1	Chromosome		240538686	no
85660	Bombus hortorum	Bombus	Apidae	Hymenoptera	Insecta	Arthropoda	Bombus hortorum	1	GCA_905332935.1	reference genome	iyBomHort1.1	Chromosome		296297395	no
85661	Bombus huntii	Bombus	Apidae	Hymenoptera	Insecta	Arthropoda	Bombus huntii	2	GCF_024542735.1	reference genome	iyBomHunt1.1	Chromosome		317402180	yes
30191	Bombus hypnorum	Bombus	Apidae	Hymenoptera	Insecta	Arthropoda	Bombus hypnorum	2	GCA_060125945.1	reference genome	ASM6012594v1	Chromosome		297501195	no
130704	Bombus ignitus	Bombus	Apidae	Hymenoptera	Insecta	Arthropoda	Bombus ignitus	1	GCA_014825875.1	reference genome	ASM1482587v1	Chromosome		242565149	no
132113	Bombus impatiens	Bombus	Apidae	Hymenoptera	Insecta	Arthropoda	Bombus impatiens	1	GCA_043295415.1		Bimp3.0	Chromosome		266572400	no
395534	Bombus impetuosus	Bombus	Apidae	Hymenoptera	Insecta	Arthropoda	Bombus impetuosus	1	GCA_060125895.1	reference genome	ASM6012589v1	Chromosome		293373547	no
85663	Bombus jonellus	Bombus	Apidae	Hymenoptera	Insecta	Arthropoda	Bombus jonellus	1	GCA_964197665.1	reference genome	iyBomJone1.1	Chromosome		357895888	no
1164557	Bombus lantschouensis	Bombus	Apidae	Hymenoptera	Insecta	Arthropoda	Bombus lantschouensis	1	GCA_054051615.1	reference genome	ASM5405161v1	Chromosome		253016168	no
30192	Bombus lapidarius	Bombus	Apidae	Hymenoptera	Insecta	Arthropoda	Bombus lapidarius	1	GCA_964186655.1	reference genome	iyBomLapi1.1	Chromosome		368463147	no
1164558	Bombus longipennis	Bombus	Apidae	Hymenoptera	Insecta	Arthropoda	Bombus longipennis	1	GCA_060125875.1	reference genome	ASM6012587v1	Chromosome		285640138	no
30193	Bombus lucorum	Bombus	Apidae	Hymenoptera	Insecta	Arthropoda	Bombus lucorum	1	GCA_965261305.1	reference genome	iyBomLuco1.1	Chromosome		360640413	no
395542	Bombus miniatus	Bombus	Apidae	Hymenoptera	Insecta	Arthropoda	Bombus miniatus	1	GCA_060125925.1	reference genome	ASM6012592v1	Chromosome		296360000	no
103936	Bombus monticola	Bombus	Apidae	Hymenoptera	Insecta	Arthropoda	Bombus monticola	1	GCA_965178685.1	reference genome	iyBomMont4.1	Chromosome		306985611	no
203813	Bombus muscorum	Bombus	Apidae	Hymenoptera	Insecta	Arthropoda	Bombus muscorum	1	GCA_963971185.1	reference genome	iyBomMusc1.1	Chromosome		317676412	no
2024865	Bombus opulentus	Bombus	Apidae	Hymenoptera	Insecta	Arthropoda	Bombus opulentus	1	GCA_034509555.1	reference genome	ASM3450955v1	Chromosome		234159873	no
65598	Bombus pascuorum	Bombus	Apidae	Hymenoptera	Insecta	Arthropoda	Bombus pascuorum	2	GCF_905332965.1	reference genome	iyBomPasc1.1	Chromosome		307548333	yes
130707	Bombus patagiatus	Bombus	Apidae	Hymenoptera	Insecta	Arthropoda	Bombus patagiatus	1	GCA_054051605.1	reference genome	ASM5405160v1	Chromosome		251949246	no
1196864	Bombus pauloensis	Bombus	Apidae	Hymenoptera	Insecta	Arthropoda	Bombus pauloensis	1	GCA_051167325.1	reference genome	ASM5116732v1	Chromosome		239382016	no
28643	Bombus pensylvanicus	Bombus	Apidae	Hymenoptera	Insecta	Arthropoda	Bombus pensylvanicus	1	GCA_051853225.1	reference genome	iyBomPens1_principal	Chromosome		352574228	no
30194	Bombus pratorum	Bombus	Apidae	Hymenoptera	Insecta	Arthropoda	Bombus pratorum	1	GCA_930367275.1	reference genome	iyBomPrat1.1	Chromosome		285050844	no
85668	Bombus pullatus	Bombus	Apidae	Hymenoptera	Insecta	Arthropoda	Bombus pullatus	1	GCA_051167345.1	reference genome	ASM5116734v1	Chromosome		240131250	no
396416	Bombus pyrosoma	Bombus	Apidae	Hymenoptera	Insecta	Arthropoda	Bombus pyrosoma	2	GCF_014825855.1	reference genome	ASM1482585v1	Chromosome		254804690	yes
207645	Bombus ruderatus	Bombus	Apidae	Hymenoptera	Insecta	Arthropoda	Bombus ruderatus	1	GCA_977009165.1	reference genome	iyBomRudr4.1	Chromosome		262639401	no
309971	Bombus rufofasciatus	Bombus	Apidae	Hymenoptera	Insecta	Arthropoda	Bombus rufofasciatus	2	GCA_060126015.1	reference genome	ASM6012601v1	Complete Genome		336786552	no
218859	Bombus sylvarum	Bombus	Apidae	Hymenoptera	Insecta	Arthropoda	Bombus sylvarum	1	GCA_984574025.1	reference genome	iyBomSylv1.hap1.1	Chromosome		388816193	no
30201	Bombus sylvestris	Bombus	Apidae	Hymenoptera	Insecta	Arthropoda	Bombus sylvestris	1	GCA_911622165.2	reference genome	iyBomSyle1.2	Chromosome		302565711	no
30195	Bombus terrestris	Bombus	Apidae	Hymenoptera	Insecta	Arthropoda	Bombus terrestris	4	GCF_910591885.1	reference genome	iyBomTerr1.2	Chromosome		392962041	yes
395569	Bombus tibetanus	Bombus	Apidae	Hymenoptera	Insecta	Arthropoda	Bombus tibetanus	1	GCA_060125845.1	reference genome	ASM6012584v1	Chromosome		274822723	no
130714	Bombus trifasciatus	Bombus	Apidae	Hymenoptera	Insecta	Arthropoda	Bombus trifasciatus	2	GCA_060125955.1	reference genome	ASM6012595v1	Chromosome		300691220	no
686820	Bombus turneri	Bombus	Apidae	Hymenoptera	Insecta	Arthropoda	Bombus turneri	1	GCA_014825825.1	reference genome	ASM1482582v1	Chromosome		243111512	no
2705177	Bombus vancouverensis	Bombus	Apidae	Hymenoptera	Insecta	Arthropoda	Bombus vancouverensis nearcticus	2	GCF_051014615.1	reference genome	iyBomVanc1_principal	Chromosome		345734396	yes
30202	Bombus vestalis	Bombus	Apidae	Hymenoptera	Insecta	Arthropoda	Bombus vestalis	1	GCA_963556215.1	reference genome	iyBomVest1.1	Chromosome		280008802	no
2741128	Bombylius discolor	Bombylius	Bombyliidae	Diptera	Insecta	Arthropoda	Bombylius discolor	1	GCA_939192795.1	reference genome	idBomDisc1.1	Chromosome		279827877	no
240869	Bombylius major	Bombylius	Bombyliidae	Diptera	Insecta	Arthropoda	Bombylius major	1	GCA_932526495.1	reference genome	idBomMajo1.1	Chromosome		304311880	no
2881620	Bombylius minor	Bombylius	Bombyliidae	Diptera	Insecta	Arthropoda	Bombylius minor	1	GCA_980748365.1	reference genome	idBomMino1.hap1.1	Chromosome		213549926	no
7092	Bombyx mandarina	Bombyx	Bombycidae	Lepidoptera	Insecta	Arthropoda	Bombyx mandarina	2	GCA_054828845.1		ASM5482884v1	Chromosome		457871560	no
7091	Bombyx mori	Bombyx	Bombycidae	Lepidoptera	Insecta	Arthropoda	Bombyx mori	14	GCF_030269925.1	reference genome	ASM3026992v2	Chromosome		461688958	yes
270879	Boreus westwoodi	Boreus	Boreidae	Mecoptera	Insecta	Arthropoda	Boreus westwoodi	1	GCA_981954615.1	reference genome	ijBorWest1.1	Chromosome		642590473	no
1073579	Borkhausenia fuscescens	Borkhausenia	Oecophoridae	Lepidoptera	Insecta	Arthropoda	Borkhausenia fuscescens	1	GCA_988205265.1	reference genome	ilBorFusc3.1	Chromosome		636837997	no
1660594	Borkhausenia minutella	Borkhausenia	Oecophoridae	Lepidoptera	Insecta	Arthropoda	Borkhausenia minutella	1	GCA_982345185.1	reference genome	ilBorMinu1.hap1.1	Chromosome		512373254	no
1280453	Brachmia blandella	Brachmia	Gelechiidae	Lepidoptera	Insecta	Arthropoda	Brachmia blandella	1	GCA_965199015.1	reference genome	ilBraBlan1.1	Chromosome		498988443	no
1594239	Brachmia inornatella	Brachmia	Gelechiidae	Lepidoptera	Insecta	Arthropoda	Brachmia inornatella	1	GCA_976918315.1	reference genome	ilBraInor2.hap1.1	Chromosome		398203600	no
224526	Brachycaudus cardui	Brachycaudus	Aphididae	Hemiptera	Insecta	Arthropoda	Brachycaudus cardui	1	GCA_974392405.1	reference genome	ihBraCard1.hap1.1	Chromosome		428429026	no
330452	Brachycaudus helichrysi	Brachycaudus	Aphididae	Hemiptera	Insecta	Arthropoda	Brachycaudus helichrysi	1	GCA_984589335.1	reference genome	ihBraHeli3.hap1.1	Chromosome		364512955	no
486017	Brachycaudus klugkisti	Brachycaudus	Aphididae	Hemiptera	Insecta	Arthropoda	Brachycaudus klugkisti	1	GCA_974392475.1	reference genome	ihBraKlug1.hap1.1	Chromosome		373949113	no
988081	Brachylomia viminalis	Brachylomia	Noctuidae	Lepidoptera	Insecta	Arthropoda	Brachylomia viminalis	1	GCA_937001585.2	reference genome	ilBraVimi1.2	Chromosome		782229127	no
2849643	Brachyopa scutellaris	Brachyopa	Syrphidae	Diptera	Insecta	Arthropoda	Brachyopa scutellaris	1	GCA_949775065.1	reference genome	idBraScut1.1	Chromosome		587144669	no
224232	Brachypalpoides lentus	Brachypalpoides	Syrphidae	Diptera	Insecta	Arthropoda	Brachypalpoides lentus	1	GCA_965362245.1	reference genome	idBraLent1.hap1.1	Chromosome		1315371377	no
2234001	Brachypalpus laphriformis	Brachypalpus	Syrphidae	Diptera	Insecta	Arthropoda	Brachypalpus laphriformis	1	GCA_945910035.1	reference genome	idBraLaph1.1	Chromosome		1071394021	no
2065413	Brachyptera putata	Brachyptera	Taeniopterygidae	Plecoptera	Insecta	Arthropoda	Brachyptera putata	1	GCA_907164805.1	reference genome	iBraPut3m.1	Chromosome		436497185	no
446425	Brachyptera risi	Brachyptera	Taeniopterygidae	Plecoptera	Insecta	Arthropoda	Brachyptera risi	1	GCA_964007535.1	reference genome	ipBraRisi1.1	Chromosome		680162462	no
442081	Brachypterus glaber	Brachypterus	Kateretidae	Coleoptera	Insecta	Arthropoda	Brachypterus glaber	1	GCA_958510825.1	reference genome	icBraGlab1.1	Chromosome		648274617	no
38358	Bradysia coprophila	Bradysia	Sciaridae	Diptera	Insecta	Arthropoda	Bradysia coprophila	3	GCF_014529535.2	reference genome	BU_Bcop_v2.1	Chromosome		309616504	yes
335710	Bradysia impatiens	Bradysia	Sciaridae	Diptera	Insecta	Arthropoda	Bradysia impatiens	1	GCA_965233325.1	reference genome	idBraImpa2.1	Chromosome		392492645	no
1431903	Brassicogethes aeneus	Brassicogethes	Nitidulidae	Coleoptera	Insecta	Arthropoda	Brassicogethes aeneus	1	GCA_921294245.1	reference genome	PGI_MELIAE_v1	Chromosome		585278335	yes
405032	Brenthis daphne	Brenthis	Nymphalidae	Lepidoptera	Insecta	Arthropoda	Brenthis daphne	1	GCA_947093115.1	reference genome	ES_BD_1141.v2_0	Chromosome		419103165	no
405033	Brenthis hecate	Brenthis	Nymphalidae	Lepidoptera	Insecta	Arthropoda	Brenthis hecate	1	GCA_951806755.1	reference genome	ES_BH_1412.v2_0	Chromosome		408758099	no
405034	Brenthis ino	Brenthis	Nymphalidae	Lepidoptera	Insecta	Arthropoda	Brenthis ino	3	GCA_977966415.1	reference genome	ilBreInox1.hap1.1	Chromosome		453458691	no
69196	Brevicoryne brassicae	Brevicoryne	Aphididae	Hemiptera	Insecta	Arthropoda	Brevicoryne brassicae	1	GCA_042479345.1	reference genome	ASM4247934v1	Chromosome		429919214	no
111891	Brintesia circe	Brintesia	Nymphalidae	Lepidoptera	Insecta	Arthropoda	Brintesia circe	1	GCA_964290925.1	reference genome	ilBriCirc1.hap1.1	Chromosome		583116627	no
111217	Brontispa longissima	Brontispa	Chrysomelidae	Coleoptera	Insecta	Arthropoda	Brontispa longissima	1	GCA_040580785.1	reference genome	ASM4058078v1	Chromosome		574558904	no
1649775	Bruchidius siliquastri	Bruchidius	Chrysomelidae	Coleoptera	Insecta	Arthropoda	Bruchidius siliquastri	1	GCA_949316355.1	reference genome	icBruSili1.1	Chromosome		375568116	no
256828	Bruchidius varius	Bruchidius	Chrysomelidae	Coleoptera	Insecta	Arthropoda	Bruchidius varius	1	GCA_964204745.1	reference genome	icBruVari1.hap1.1	Chromosome		1210033933	no
256915	Bruchidius villosus	Bruchidius	Chrysomelidae	Coleoptera	Insecta	Arthropoda	Bruchidius villosus	1	GCA_965643515.1	reference genome	icBruVill1.hap1.1	Chromosome		972786308	no
256923	Bruchus rufimanus	Bruchus	Chrysomelidae	Coleoptera	Insecta	Arthropoda	Bruchus rufimanus	1	GCA_984589165.1	reference genome	icBruRufm12.hap1.1	Chromosome		569681361	no
3411916	Bryonycta pineti	Bryonycta	Noctuidae	Lepidoptera	Insecta	Arthropoda	Bryonycta pineti	1	GCA_984573365.1	reference genome	ilBryPine1.hap1.1	Chromosome		711253624	no
1660595	Bryophila domestica	Bryophila	Noctuidae	Lepidoptera	Insecta	Arthropoda	Bryophila domestica	1	GCA_965153255.1	reference genome	ilBryDome1.hap1.1	Chromosome		748235301	no
1857973	Bryotropha affinis	Bryotropha	Gelechiidae	Lepidoptera	Insecta	Arthropoda	Bryotropha affinis	1	GCA_965641975.1	reference genome	ilBryAffi1.hap1.1	Chromosome		641750941	no
2561027	Bryotropha purpurella	Bryotropha	Gelechiidae	Lepidoptera	Insecta	Arthropoda	Bryotropha purpurella	1	GCA_977066475.1	reference genome	ilBryPurp1.hap1.1	Chromosome		682020337	no
1100928	Bryotropha senectella	Bryotropha	Gelechiidae	Lepidoptera	Insecta	Arthropoda	Bryotropha senectella	1	GCA_987570135.1	reference genome	ilBrySene2.1	Chromosome		502083093	no
572820	Bryotropha similis	Bryotropha	Gelechiidae	Lepidoptera	Insecta	Arthropoda	Bryotropha similis	1	GCA_976988725.1	reference genome	ilBrySimi1.hap1.1	Chromosome		567728353	no
1280429	Bryotropha terrella	Bryotropha	Gelechiidae	Lepidoptera	Insecta	Arthropoda	Bryotropha terrella	1	GCA_964059635.1	reference genome	ilBryTerr3.1	Chromosome		756351918	no
1869517	Bryotropha umbrosella	Bryotropha	Gelechiidae	Lepidoptera	Insecta	Arthropoda	Bryotropha umbrosella	1	GCA_984573565.1	reference genome	ilBryUmbr1.hap1.1	Chromosome		545140696	no
1419289	Buathra laborator	Buathra	Ichneumonidae	Hymenoptera	Insecta	Arthropoda	Buathra laborator	1	GCA_934046635.1	reference genome	iyBuaLabo1.1	Chromosome		329895160	no
1857974	Bucculatrix albedinella	Bucculatrix	Bucculatricidae	Lepidoptera	Insecta	Arthropoda	Bucculatrix albedinella	2	GCA_977012955.1	reference genome	ilBucAlbe1.hap2.1	Chromosome		647543089	no
1216039	Bucculatrix cidarella	Bucculatrix	Bucculatricidae	Lepidoptera	Insecta	Arthropoda	Bucculatrix cidarella	1	GCA_977014655.1	reference genome	ilBucCida1.hap1.1	Chromosome		471781886	no
753161	Bucculatrix demaryella	Bucculatrix	Bucculatricidae	Lepidoptera	Insecta	Arthropoda	Bucculatrix demaryella	1	GCA_976919285.1	reference genome	ilBucDema1.hap1.1	Chromosome		478719066	no
1594241	Bucculatrix nigricomella	Bucculatrix	Bucculatricidae	Lepidoptera	Insecta	Arthropoda	Bucculatrix nigricomella	1	GCA_988265005.1	reference genome	ilBucNigr2.hap1.1	Chromosome		374209986	no
1100929	Bucculatrix thoracella	Bucculatrix	Bucculatricidae	Lepidoptera	Insecta	Arthropoda	Bucculatrix thoracella	1	GCA_965637495.1	reference genome	ilBucThor1.1	Chromosome		592045315	no
104490	Bupalus piniaria	Bupalus	Geometridae	Lepidoptera	Insecta	Arthropoda	Bupalus piniaria	1	GCA_977969895.1	reference genome	ilBupPini2.hap1.1	Chromosome		594267391	no
934826	Cabera exanthemata	Cabera	Geometridae	Lepidoptera	Insecta	Arthropoda	Cabera exanthemata	1	GCA_964340555.1	reference genome	ilCabExan1.hap1.1	Chromosome		525763328	no
722659	Cabera pusaria	Cabera	Geometridae	Lepidoptera	Insecta	Arthropoda	Cabera pusaria	1	GCA_954871355.1	reference genome	ilCabPusa1.1	Chromosome		794278471	no
287198	Cacoecimorpha pronubana	Cacoecimorpha	Tortricidae	Lepidoptera	Insecta	Arthropoda	Cacoecimorpha pronubana	1	GCA_964271255.1	reference genome	ilCacPron1.hap1.1	Chromosome		558403756	no
12985	Cadra cautella	Cadra	Pyralidae	Lepidoptera	Insecta	Arthropoda	Cadra cautella	1	GCA_056507775.1	reference genome	ASM5650777v1	Chromosome		481040479	no
222804	Calameuta filiformis	Calameuta	Cephidae	Hymenoptera	Insecta	Arthropoda	Calameuta filiformis	1	GCA_987194955.1	reference genome	iyCalFili3.hap1.1	Chromosome		242296869	no
1001285	Calameuta pallipes	Calameuta	Cephidae	Hymenoptera	Insecta	Arthropoda	Calameuta pallipes	1	GCA_984589135.1		iyCalPall2.hap1.1	Chromosome		185989860	no
997549	Calamia tridens	Calamia	Noctuidae	Lepidoptera	Insecta	Arthropoda	Calamia tridens	1	GCA_973571095.1	reference genome	ilCalTrid2.2	Chromosome		694391492	no
1371681	Calamotropha paludella	Calamotropha	Crambidae	Lepidoptera	Insecta	Arthropoda	Calamotropha paludella	1	GCA_927399485.1	reference genome	ilCalPalu1.1	Chromosome		742465520	no
127480	Calathus fuscipes	Calathus	Carabidae	Coleoptera	Insecta	Arthropoda	Calathus fuscipes	1	GCA_978122415.1	reference genome	icCalFusc1.hap1.1	Chromosome		1037850376	no
127479	Calathus melanocephalus	Calathus	Carabidae	Coleoptera	Insecta	Arthropoda	Calathus melanocephalus	1	GCA_966096355.1	reference genome	icCalMela1.hap1.1	Chromosome		966568731	no
228568	Callicera rufa	Callicera	Syrphidae	Diptera	Insecta	Arthropoda	Callicera rufa	1	GCA_977901975.1	reference genome	idCalRufa1.hap1.1	Chromosome		486153845	no
938182	Callimorpha dominula	Callimorpha	Erebidae	Lepidoptera	Insecta	Arthropoda	Callimorpha dominula	1	GCA_949752705.1	reference genome	ilCalDomi2.1	Chromosome		658124648	no
337506	Calliopsis andreniformis	Calliopsis	Andrenidae	Hymenoptera	Insecta	Arthropoda	Calliopsis andreniformis	2	GCF_051401765.1	reference genome	iyCalAndr_principal	Chromosome		1019251136	yes
1824993	Calliopum aeneum	Calliopum	Lauxaniidae	Diptera	Insecta	Arthropoda	Calliopum aeneum	1	GCA_981559775.1	reference genome	idCalAene1.hap1.1	Chromosome		661439315	no
1824995	Calliopum simillimum	Calliopum	Lauxaniidae	Diptera	Insecta	Arthropoda	Calliopum simillimum	1	GCA_951812925.1	reference genome	idCalSimi1.1	Chromosome		690496230	no
367294	Calliphora loewi	Calliphora	Calliphoridae	Diptera	Insecta	Arthropoda	Calliphora loewi	1	GCA_982340765.1	reference genome	idCalLoew1.1	Chromosome		712888802	no
7373	Calliphora vicina	Calliphora	Calliphoridae	Diptera	Insecta	Arthropoda	Calliphora vicina	2	GCF_958450345.1	reference genome	idCalVici1.1	Chromosome		706524439	yes
27454	Calliphora vomitoria	Calliphora	Calliphoridae	Diptera	Insecta	Arthropoda	Calliphora vomitoria	1	GCA_942486065.2	reference genome	idCalVomi1.2	Chromosome		707626003	no
875926	Calliteara pudibunda	Calliteara	Erebidae	Lepidoptera	Insecta	Arthropoda	Calliteara pudibunda	1	GCA_965615895.1	reference genome	ilCalPudi2.1	Chromosome		1035546056	no
533009	Callitettix versicolor	Callitettix	Cercopidae	Hemiptera	Insecta	Arthropoda	Callitettix versicolor	1	GCA_022606455.1	reference genome	ASM2260645v1	Chromosome		974958395	no
700180	Callophrys avis	Callophrys	Lycaenidae	Lepidoptera	Insecta	Arthropoda	Callophrys avis	1	GCA_965178315.1	reference genome	ilCalAvis1.hap1.1	Chromosome		942265893	no
1341252	Callopistria juventina	Callopistria	Noctuidae	Lepidoptera	Insecta	Arthropoda	Callopistria juventina	2	GCA_973404285.1	reference genome	ilCalJuve2.hap1.1	Chromosome		445879508	no
146774	Callosobruchus chinensis	Callosobruchus	Chrysomelidae	Coleoptera	Insecta	Arthropoda	Callosobruchus chinensis	1	GCA_059792695.1	reference genome	Cchi_v1	Chromosome		633308438	no
64391	Callosobruchus maculatus	Callosobruchus	Chrysomelidae	Coleoptera	Insecta	Arthropoda	Callosobruchus maculatus	2	GCA_058970565.1	reference genome	Cmac_v1	Chromosome		1152920304	no
1553381	Calodromius spilotus	Calodromius	Carabidae	Coleoptera	Insecta	Arthropoda	Calodromius spilotus	1	GCA_977063495.1	reference genome	icCalSpil2.1	Chromosome		992287006	no
214073	Calophasia lunula	Calophasia	Noctuidae	Lepidoptera	Insecta	Arthropoda	Calophasia lunula	1	GCA_964276575.1	reference genome	ilCalLunu1.hap1.1	Chromosome		585347038	no
1594243	Caloptilia elongella	Caloptilia	Gracillariidae	Lepidoptera	Insecta	Arthropoda	Caloptilia elongella	2	GCA_977013245.1	reference genome	ilCalElon2.hap2.1	Chromosome		349127918	no
1857976	Caloptilia hemidactylella	Caloptilia	Gracillariidae	Lepidoptera	Insecta	Arthropoda	Caloptilia hemidactylella	2	GCA_965267225.1	reference genome	ilCalHemi2.hap1.1	Chromosome		308329533	no
1594244	Caloptilia robustella	Caloptilia	Gracillariidae	Lepidoptera	Insecta	Arthropoda	Caloptilia robustella	1	GCA_987574275.1	reference genome	ilCalRobu1.hap1.1	Chromosome		365318515	no
1678910	Caloptilia rufipennella	Caloptilia	Gracillariidae	Lepidoptera	Insecta	Arthropoda	Caloptilia rufipennella	1	GCA_965641945.2	reference genome	ilCalRufi2.2	Chromosome		359557225	no
1666478	Caloptilia suberinella	Caloptilia	Gracillariidae	Lepidoptera	Insecta	Arthropoda	Caloptilia suberinella	1	GCA_975706045.1	reference genome	ilCalSube1.hap1.1	Chromosome		482869268	no
419956	Calvia quattuordecimguttata	Calvia	Coccinellidae	Coleoptera	Insecta	Arthropoda	Calvia quattuordecimguttata	1	GCA_964059645.1	reference genome	icCalQuat4.1	Chromosome		844399382	no
3127325	Calymma communimacula	Calymma	Noctuidae	Lepidoptera	Insecta	Arthropoda	Calymma communimacula	1	GCA_965194705.1	reference genome	ilCalComm1.hap1.1	Chromosome		569573044	no
934813	Campaea margaritaria	Campaea	Geometridae	Lepidoptera	Insecta	Arthropoda	Campaea margaritaria	1	GCA_912999815.1	reference genome	ilCamMarg1.1	Chromosome		335209595	no
2691756	Campiglossa producta	Campiglossa	Tephritidae	Diptera	Insecta	Arthropoda	Campiglossa producta	1	GCA_964058745.1	reference genome	idCamProd1.hap1.1	Chromosome		865955795	no
2922060	Campoletis raptor	Campoletis	Ichneumonidae	Hymenoptera	Insecta	Arthropoda	Campoletis raptor	1	GCA_948107755.1	reference genome	iyCamRapt1.1	Chromosome		218598667	no
213863	Camponotus fellah	Camponotus	Formicidae	Hymenoptera	Insecta	Arthropoda	Camponotus fellah	1	GCA_048181845.1	reference genome	ASM4818184v1	Chromosome		278073558	no
84551	Camponotus vagus	Camponotus	Formicidae	Hymenoptera	Insecta	Arthropoda	Camponotus vagus	1	GCA_980279255.1	reference genome	iyCamVagu1.Hap1.1	Chromosome		296104461	no
377514	Campsicnemus scambus	Campsicnemus	Dolichopodidae	Diptera	Insecta	Arthropoda	Campsicnemus scambus	1	GCA_984033395.1	reference genome	idCamScam1.hap1.1	Chromosome		338319980	no
934908	Camptogramma bilineatum	Camptogramma	Geometridae	Lepidoptera	Insecta	Arthropoda	Camptogramma bilineatum	1	GCA_958496255.1	reference genome	ilCamBiln1.1	Chromosome		442678261	no
753486	Canephora hirsuta	Canephora	Psychidae	Lepidoptera	Insecta	Arthropoda	Canephora hirsuta	1	GCA_986268445.1	reference genome	ilCanHirs1.hap1.1	Chromosome		964934223	no
877885	Cantharis decipiens	Cantharis	Cantharidae	Coleoptera	Insecta	Arthropoda	Cantharis decipiens	1	GCA_965642435.1	reference genome	icCanDeci3.1	Chromosome		355227664	no
1553173	Cantharis figurata	Cantharis	Cantharidae	Coleoptera	Insecta	Arthropoda	Cantharis figurata	2	GCA_986170115.1	reference genome	icCanFigu1.hap1.1	Chromosome		543572015	no
877752	Cantharis flavilabris	Cantharis	Cantharidae	Coleoptera	Insecta	Arthropoda	Cantharis flavilabris	1	GCA_949152465.1	reference genome	icCanFlav1.1	Chromosome		348287367	no
877886	Cantharis lateralis	Cantharis	Cantharidae	Coleoptera	Insecta	Arthropoda	Cantharis lateralis	1	GCA_963170105.1	reference genome	icCanLate1.1	Chromosome		332179060	no
1553174	Cantharis nigra	Cantharis	Cantharidae	Coleoptera	Insecta	Arthropoda	Cantharis nigra	1	GCA_958510845.1	reference genome	icCanNigr2.1	Chromosome		397796713	no
877887	Cantharis pallida	Cantharis	Cantharidae	Coleoptera	Insecta	Arthropoda	Cantharis pallida	1	GCA_978407175.1	reference genome	icCanPall1.hap1.1	Chromosome		464230128	no
877753	Cantharis pellucida	Cantharis	Cantharidae	Coleoptera	Insecta	Arthropoda	Cantharis pellucida	1	GCA_982552315.1	reference genome	icCanPell2.1	Chromosome		461602736	no
350087	Cantharis rufa	Cantharis	Cantharidae	Coleoptera	Insecta	Arthropoda	Cantharis rufa	1	GCA_947369205.1	reference genome	icCanRufa1.1	Chromosome		355314269	no
195172	Cantharis rustica	Cantharis	Cantharidae	Coleoptera	Insecta	Arthropoda	Cantharis rustica	1	GCA_911387805.1	reference genome	icCanRust1.1	Chromosome		445917632	no
3023605	Carabus banonii	Carabus	Carabidae	Coleoptera	Insecta	Arthropoda	Carabus banonii	1	GCA_964291765.2	reference genome	icCarBano7.2	Chromosome		207772213	no
49289	Carabus intricatus	Carabus	Carabidae	Coleoptera	Insecta	Arthropoda	Carabus intricatus	2	GCA_986280915.1	reference genome	icCarIntr3.hap1.1	Chromosome		260742624	no
49290	Carabus nemoralis	Carabus	Carabidae	Coleoptera	Insecta	Arthropoda	Carabus nemoralis	1	GCA_977790985.1	reference genome	icCarNemo1.1	Chromosome		237444319	no
49291	Carabus problematicus	Carabus	Carabidae	Coleoptera	Insecta	Arthropoda	Carabus problematicus	1	GCA_963422195.1	reference genome	icCarProb1.1	Chromosome		253953210	no
209733	Carabus staehlini	Carabus	Carabidae	Coleoptera	Insecta	Arthropoda	Carabus staehlini	1	GCA_977013385.1	reference genome	icCarStae2.1	Chromosome		203423487	no
987895	Caradrina clavipalpis	Caradrina	Noctuidae	Lepidoptera	Insecta	Arthropoda	Caradrina clavipalpis	1	GCA_932526535.1	reference genome	ilCarClav1.1	Chromosome		474181573	no
987896	Caradrina kadenii	Caradrina	Noctuidae	Lepidoptera	Insecta	Arthropoda	Caradrina kadenii	1	GCA_947462355.1	reference genome	ilCarKade1.1	Chromosome		425987072	no
988997	Caradrina montana	Caradrina	Noctuidae	Lepidoptera	Insecta	Arthropoda	Caradrina montana	1	GCA_987114345.1	reference genome	ilCarMont1.hap2.1	Chromosome		457616629	no
572734	Caradrina morpheus	Caradrina	Noctuidae	Lepidoptera	Insecta	Arthropoda	Caradrina morpheus	1	GCA_988221835.1	reference genome	ilCarMorp2.1	Chromosome		401498003	no
509358	Carcharodus alceae	Carcharodus	Hesperiidae	Lepidoptera	Insecta	Arthropoda	Carcharodus alceae	1	GCA_964261735.1	reference genome	ilCarAlce1.hap1.1	Chromosome		528728724	no
116121	Carcina quercana	Carcina	Depressariidae	Lepidoptera	Insecta	Arthropoda	Carcina quercana	1	GCA_910589575.2	reference genome	ilCarQuer1.2	Chromosome		408882264	no
286306	Cardiocondyla obscurior	Cardiocondyla	Formicidae	Hymenoptera	Insecta	Arthropoda	Cardiocondyla obscurior	2	GCF_019399895.1	reference genome	Cobs3.1	Chromosome		193020115	yes
1100898	Carpatolechia alburnella	Carpatolechia	Gelechiidae	Lepidoptera	Insecta	Arthropoda	Carpatolechia alburnella	2	GCA_987120075.1	reference genome	ilCarAlbu1.hap1.1	Chromosome		526566532	no
1104510	Carpatolechia decorella	Carpatolechia	Gelechiidae	Lepidoptera	Insecta	Arthropoda	Carpatolechia decorella	1	GCA_984659175.1	reference genome	ilCarDeco23.hap1.1	Chromosome		456336768	no
687316	Carpatolechia fugitivella	Carpatolechia	Gelechiidae	Lepidoptera	Insecta	Arthropoda	Carpatolechia fugitivella	1	GCA_951230895.1	reference genome	ilCarFugi1.1	Chromosome		493070205	no
687318	Carpatolechia proximella	Carpatolechia	Gelechiidae	Lepidoptera	Insecta	Arthropoda	Carpatolechia proximella	1	GCA_976225385.1	reference genome	ilCarProx1.hap1.1	Chromosome		478226497	no
252295	Carposina sasakii	Carposina	Carposinidae	Lepidoptera	Insecta	Arthropoda	Carposina sasakii	1	GCA_014607495.2	reference genome	ASM1460749v2	Chromosome		399040036	no
685404	Carsia sororiata	Carsia	Geometridae	Lepidoptera	Insecta	Arthropoda	Carsia sororiata	1	GCA_964340635.1	reference genome	ilCarSoro1.hap1.1	Chromosome		317734248	no
218720	Carterocephalus palaemon	Carterocephalus	Hesperiidae	Lepidoptera	Insecta	Arthropoda	Carterocephalus palaemon	1	GCA_944567765.1	reference genome	ilCarPala2.1	Chromosome		394522428	no
218722	Carterocephalus silvicola	Carterocephalus	Hesperiidae	Lepidoptera	Insecta	Arthropoda	Carterocephalus silvicola	1	GCA_964340745.1	reference genome	ilCarSilv1.hap1.1	Chromosome		432727035	no
1587142	Cartodere bifasciata	Cartodere	Latridiidae	Coleoptera	Insecta	Arthropoda	Cartodere bifasciata	1	GCA_963920755.1	reference genome	icCarBifa1.1	Chromosome		178078183	no
1178033	Caryocolum pullatella	Caryocolum	Gelechiidae	Lepidoptera	Insecta	Arthropoda	Caryocolum pullatella	2	GCA_976987475.1	reference genome	ilCarPull1.hap1.1	Chromosome		383092838	no
2561066	Caryocolum tricolorella	Caryocolum	Gelechiidae	Lepidoptera	Insecta	Arthropoda	Caryocolum tricolorella	1	GCA_979242405.1	reference genome	ilCarTric1.hap1.1	Chromosome		562251594	no
1594245	Cataclysta lemnata	Cataclysta	Crambidae	Lepidoptera	Insecta	Arthropoda	Cataclysta lemnata	1	GCA_963931975.1	reference genome	ilCatLemn2.1	Chromosome		432438547	no
3229133	Cataglyphis aphrodite	Cataglyphis	Formicidae	Hymenoptera	Insecta	Arthropoda	Cataglyphis aphrodite	1	GCA_977009155.1	reference genome	iyCatAphr12.1	Chromosome		209631510	no
1086592	Cataglyphis hispanica	Cataglyphis	Formicidae	Hymenoptera	Insecta	Arthropoda	Cataglyphis hispanica	3	GCF_021464435.1	reference genome	ULB_Chis1_1.0	Chromosome		206388925	yes
72791	Cataglyphis niger	Cataglyphis	Formicidae	Hymenoptera	Insecta	Arthropoda	Cataglyphis niger	1	GCA_050437125.1	reference genome	ASM5043712v1	Chromosome		236217473	yes
934923	Catarhoe cuculata	Catarhoe	Geometridae	Lepidoptera	Insecta	Arthropoda	Catarhoe cuculata	1	GCA_964341365.1	reference genome	ilCatCucu1.hap1.1	Chromosome		297559853	no
986953	Catarhoe rubidata	Catarhoe	Geometridae	Lepidoptera	Insecta	Arthropoda	Catarhoe rubidata	2	GCA_978765485.1	reference genome	ilCatRubi1.hap1.1	Chromosome		335008493	no
938183	Catephia alchymista	Catephia	Erebidae	Lepidoptera	Insecta	Arthropoda	Catephia alchymista	1	GCA_981950965.1	reference genome	ilCatAlch1.hap1.1	Chromosome		654873027	no
206819	Catharsius molossus	Catharsius	Scarabaeidae	Coleoptera	Insecta	Arthropoda	Catharsius molossus	1	GCA_051362485.1	reference genome	ASM5136248v1	Chromosome		1536637355	no
3441413	Catocala disjuncta	Catocala	Erebidae	Lepidoptera	Insecta	Arthropoda	Catocala disjuncta	1	GCA_988282195.1		ilCatDisj1.hap1.1	Chromosome		574666244	no
423510	Catocala fraxini	Catocala	Erebidae	Lepidoptera	Insecta	Arthropoda	Catocala fraxini	1	GCA_930367265.1	reference genome	ilCatFrax1.1	Chromosome		780586440	no
423515	Catocala fulminea	Catocala	Erebidae	Lepidoptera	Insecta	Arthropoda	Catocala fulminea	1	GCA_978264095.1	reference genome	ilCatFulm1.hap1.1	Chromosome		962892893	no
423320	Catocala nupta	Catocala	Erebidae	Lepidoptera	Insecta	Arthropoda	Catocala nupta	1	GCA_963675205.1	reference genome	ilCatNupt1.1	Chromosome		930383026	no
1734902	Catocala nymphagoga	Catocala	Erebidae	Lepidoptera	Insecta	Arthropoda	Catocala nymphagoga	1	GCA_977072295.1	reference genome	ilCatNymp1.1	Chromosome		628065065	no
1734906	Catocala promissa	Catocala	Erebidae	Lepidoptera	Insecta	Arthropoda	Catocala promissa	1	GCA_965154605.1	reference genome	ilCatProm1.hap1.1	Chromosome		743982325	no
753163	Catocala sponsa	Catocala	Erebidae	Lepidoptera	Insecta	Arthropoda	Catocala sponsa	1	GCA_963564715.1	reference genome	ilCatSpon1.1	Chromosome		803653718	no
346753	Catops nigricans	Catops	Leiodidae	Coleoptera	Insecta	Arthropoda	Catops nigricans	2	GCA_965642125.1	reference genome	icCatNigr1.hap1.1	Chromosome		209696841	no
1241338	Catoptria furcatella	Catoptria	Crambidae	Lepidoptera	Insecta	Arthropoda	Catoptria furcatella	2	GCA_966095715.1	reference genome	ilCatFura1.hap1.1	Chromosome		443194072	no
1869553	Catoptria maculalis	Catoptria	Crambidae	Lepidoptera	Insecta	Arthropoda	Catoptria maculalis	1	GCA_987193185.1	reference genome	ilCatMacl1.hap1.1	Chromosome		609056747	no
1869554	Catoptria margaritella	Catoptria	Crambidae	Lepidoptera	Insecta	Arthropoda	Catoptria margaritella	1	GCA_982340725.1	reference genome	ilCatMara2.hap1.1	Chromosome		387897156	no
1869556	Catoptria permutatellus	Catoptria	Crambidae	Lepidoptera	Insecta	Arthropoda	Catoptria permutatellus	1	GCA_971856475.1	reference genome	ilCatPerm1.hap1.1	Chromosome		468951771	no
1100938	Catoptria pinella	Catoptria	Crambidae	Lepidoptera	Insecta	Arthropoda	Catoptria pinella	1	GCA_963556745.1	reference genome	ilCatPine1.1	Chromosome		386880875	no
1100941	Cauchas fibulella	Cauchas	Adelidae	Lepidoptera	Insecta	Arthropoda	Cauchas fibulella	2	GCA_965226335.1	reference genome	ilCauFibu1.hap1.1	Chromosome		578625531	no
753286	Cauchas rufimitrella	Cauchas	Adelidae	Lepidoptera	Insecta	Arthropoda	Cauchas rufimitrella	1	GCA_965201095.1	reference genome	ilCauRufi1.hap1.1	Chromosome		700509516	no
1101090	Cedestis gysseleniella	Cedestis	Yponomeutidae	Lepidoptera	Insecta	Arthropoda	Cedestis gysseleniella	2	GCA_976917565.1	reference genome	ilCedGyss1.hap1.1	Chromosome		799902381	no
3116505	Cedrorum azoricus	Cedrorum	Carabidae	Coleoptera	Insecta	Arthropoda	Cedrorum azoricus	1	GCA_965287095.1	reference genome	icCedAzor3.1	Chromosome		567877672	no
203782	Celastrina argiolus	Celastrina	Lycaenidae	Lepidoptera	Insecta	Arthropoda	Celastrina argiolus	1	GCA_905187575.2	reference genome	ilCelArgi3.2	Chromosome		499114119	no
1030479	Celypha cespitana	Celypha	Tortricidae	Lepidoptera	Insecta	Arthropoda	Celypha cespitana	2	GCA_977012545.1	reference genome	ilCelCesp1.hap2.1	Chromosome		555775200	no
1594247	Celypha lacunana	Celypha	Tortricidae	Lepidoptera	Insecta	Arthropoda	Celypha lacunana	1	GCA_964237635.1	reference genome	ilCelLacu3.1	Chromosome		591825041	no
1030480	Celypha rufana	Celypha	Tortricidae	Lepidoptera	Insecta	Arthropoda	Celypha rufana	2	GCA_971854235.1	reference genome	ilCelRufa1.hap2.1	Chromosome		631497723	no
1030481	Celypha striana	Celypha	Tortricidae	Lepidoptera	Insecta	Arthropoda	Celypha striana	1	GCA_965642925.1	reference genome	ilCelStri2.hap1.1	Chromosome		681144164	no
2561073	Celypha tiedemanniana	Celypha	Tortricidae	Lepidoptera	Insecta	Arthropoda	Celypha tiedemanniana	1	GCA_977014705.1	reference genome	ilCelTied1.hap1.1	Chromosome		495000853	no
2566676	Cenopis cana	Cenopis	Tortricidae	Lepidoptera	Insecta	Arthropoda	Cenopis cana	2	GCA_982374255.1	reference genome	ilCenCana3.hap1.1	Chromosome		546147483	no
222802	Cephus pygmeus	Cephus	Cephidae	Hymenoptera	Insecta	Arthropoda	Cephus pygmeus	1	GCA_984807495.1	reference genome	iyCepPygm1.1	Chromosome		188112100	no
1001278	Cephus spinipes	Cephus	Cephidae	Hymenoptera	Insecta	Arthropoda	Cephus spinipes	1	GCA_963971525.1	reference genome	iyCepSpin2.1	Chromosome		238614314	no
1875254	Ceraclea albimacula	Ceraclea	Leptoceridae	Trichoptera	Insecta	Arthropoda	Ceraclea albimacula	1	GCA_986264805.1	reference genome	iiCerAlbi1.hap1.1	Chromosome		586996318	no
446427	Ceraclea dissimilis	Ceraclea	Leptoceridae	Trichoptera	Insecta	Arthropoda	Ceraclea dissimilis	1	GCA_963576895.1	reference genome	iiCerDiss1.1	Chromosome		452735462	no
988087	Ceramica pisi	Ceramica	Noctuidae	Lepidoptera	Insecta	Arthropoda	Ceramica pisi	1	GCA_963859965.1	reference genome	ilCerPisi1.1	Chromosome		732699946	no
980960	Cerapteryx graminis	Cerapteryx	Noctuidae	Lepidoptera	Insecta	Arthropoda	Cerapteryx graminis	1	GCA_965112785.1	reference genome	ilCerGram1.hap1.1	Chromosome		1023388902	no
997530	Cerastis leucographa	Cerastis	Noctuidae	Lepidoptera	Insecta	Arthropoda	Cerastis leucographa	1	GCA_963082945.1	reference genome	ilCerLeuc1.1	Chromosome		637492715	no
988089	Cerastis rubricosa	Cerastis	Noctuidae	Lepidoptera	Insecta	Arthropoda	Cerastis rubricosa	1	GCA_949152445.1	reference genome	ilCerRubr1.1	Chromosome		678693941	no
3158463	Ceratina cypriaca	Ceratina	Apidae	Hymenoptera	Insecta	Arthropoda	Ceratina cypriaca	1	GCA_977000435.1	reference genome	iyCerCypr5.pri	Chromosome		372762118	no
102983	Ceratinostoma ostiorum	Ceratinostoma	Scathophagidae	Diptera	Insecta	Arthropoda	Ceratinostoma ostiorum	1	GCA_984660805.1	reference genome	idCerOsti1.hap1.1	Chromosome		367751686	no
2494881	Cerceris ruficornis	Cerceris	Crabronidae	Hymenoptera	Insecta	Arthropoda	Cerceris ruficornis	1	GCA_963989415.1	reference genome	iyCerRufi2.1	Chromosome		566083233	no
1167272	Cerceris rybyensis	Cerceris	Crabronidae	Hymenoptera	Insecta	Arthropoda	Cerceris rybyensis	1	GCA_910591515.1	reference genome	iyCerRyby1.1	Chromosome		418076835	no
2599366	Cercyonis lupina	Cercyonis	Nymphalidae	Lepidoptera	Insecta	Arthropoda	Cercyonis lupina	1	GCA_965213455.1	reference genome	ilHypLupi1.hap1.1	Chromosome		508647412	no
3038947	Cercyonis lycaon	Cercyonis	Nymphalidae	Lepidoptera	Insecta	Arthropoda	Cercyonis lycaon	1	GCA_964270755.1	reference genome	ilCerLyca1.hap1.1	Chromosome		601000020	no
638464	Ceriagrion tenellum	Ceriagrion	Coenagrionidae	Odonata	Insecta	Arthropoda	Ceriagrion tenellum	1	GCA_963169105.1	reference genome	ioCerTene1.1	Chromosome		2076995503	no
1182651	Ceroplastes pseudoceriferus	Ceroplastes	Coccidae	Hemiptera	Insecta	Arthropoda	Ceroplastes pseudoceriferus	1	GCA_050872025.1	reference genome	LFNU_Cps_1.0	Chromosome		364527212	no
1285730	Ceroplastes rusci	Ceroplastes	Coccidae	Hemiptera	Insecta	Arthropoda	Ceroplastes rusci	1	GCA_058129095.1	reference genome	ASM5812909v1	Chromosome		426426212	no
987900	Cerura vinula	Cerura	Notodontidae	Lepidoptera	Insecta	Arthropoda	Cerura vinula	1	GCA_964276795.1	reference genome	ilCerVinu1.hap1.1	Chromosome		690591562	no
290679	Cetonia aurata	Cetonia	Scarabaeidae	Coleoptera	Insecta	Arthropoda	Cetonia aurata	1	GCA_949128085.1	reference genome	icCetAura1.1	Chromosome		479625900	no
467358	Ceutorhynchus assimilis	Ceutorhynchus	Curculionidae	Coleoptera	Insecta	Arthropoda	Ceutorhynchus assimilis	1	GCA_917834065.1	reference genome	PGI_CEUTPL_v4	Chromosome		674950870	yes
307131	Ceutorhynchus obstrictus	Ceutorhynchus	Curculionidae	Coleoptera	Insecta	Arthropoda	Ceutorhynchus obstrictus	1	GCA_965178145.1	reference genome	icCeuObst1.1	Chromosome		728810078	no
346761	Chaetocnema hortensis	Chaetocnema	Chrysomelidae	Coleoptera	Insecta	Arthropoda	Chaetocnema hortensis	2	GCA_965653155.1	reference genome	icChaHort1.hap1.1	Chromosome		384621628	no
2939601	Chaetogeoica ovagalla	Chaetogeoica	Aphididae	Hemiptera	Insecta	Arthropoda	Chaetogeoica ovagalla	1	GCA_032441825.1	reference genome	ASM3244182v1	Chromosome		293085176	no
1118640	Chalcis sispes	Chalcis	Chalcididae	Hymenoptera	Insecta	Arthropoda	Chalcis sispes	1	GCA_949987625.1	reference genome	iyChaSisp2.1	Chromosome		412394341	no
226170	Chalcosyrphus nemorum	Chalcosyrphus	Syrphidae	Diptera	Insecta	Arthropoda	Chalcosyrphus nemorum	1	GCA_949716465.1	reference genome	idChaNemo1.1	Chromosome		366181142	no
987475	Charanyca ferruginea	Charanyca	Noctuidae	Lepidoptera	Insecta	Arthropoda	Charanyca ferruginea	1	GCA_947361185.1	reference genome	ilChaFerr1.1	Chromosome		854648588	no
987901	Charanyca trigrammica	Charanyca	Noctuidae	Lepidoptera	Insecta	Arthropoda	Charanyca trigrammica	1	GCA_965151675.1	reference genome	ilChaTrig1.hap1.1	Chromosome		546429361	no
658804	Charaxes jasius	Charaxes	Nymphalidae	Lepidoptera	Insecta	Arthropoda	Charaxes jasius	1	GCA_965212305.1	reference genome	ilChaJasi1.hap1.1	Chromosome		465225742	no
393355	Chariaspilates formosaria	Chariaspilates	Geometridae	Lepidoptera	Insecta	Arthropoda	Chariaspilates formosaria	2	GCA_973946435.1	reference genome	ilChaForm1.hap1.1	Chromosome		336734305	no
204503	Charissa obscurata	Charissa	Geometridae	Lepidoptera	Insecta	Arthropoda	Charissa obscurata	1	GCA_965178735.1	reference genome	ilChaObsc1.hap1.1	Chromosome		669177504	no
204497	Charissa subtaurica	Charissa	Geometridae	Lepidoptera	Insecta	Arthropoda	Charissa subtaurica	1	GCA_978018225.1	reference genome	ilChaSubt4.1	Chromosome		675591976	no
273438	Cheilosia fraterna	Cheilosia	Syrphidae	Diptera	Insecta	Arthropoda	Cheilosia fraterna	1	GCA_977112175.2	reference genome	idCheFrat1.hap1.2	Chromosome		571240919	no
273442	Cheilosia grossa	Cheilosia	Syrphidae	Diptera	Insecta	Arthropoda	Cheilosia grossa	1	GCA_963082955.1	reference genome	idCheGros1.1	Chromosome		362389299	no
226154	Cheilosia illustrata	Cheilosia	Syrphidae	Diptera	Insecta	Arthropoda	Cheilosia illustrata	1	GCA_966185155.1	reference genome	idCheIllu6.1	Chromosome		872706913	no
273439	Cheilosia impressa	Cheilosia	Syrphidae	Diptera	Insecta	Arthropoda	Cheilosia impressa	1	GCA_948293265.1	reference genome	idCheImpr3.1	Chromosome		394950496	no
273407	Cheilosia pagana	Cheilosia	Syrphidae	Diptera	Insecta	Arthropoda	Cheilosia pagana	1	GCA_936431705.1	reference genome	idChePaga1.1	Chromosome		354108297	no
273429	Cheilosia scutellata	Cheilosia	Syrphidae	Diptera	Insecta	Arthropoda	Cheilosia scutellata	1	GCA_955612985.1	reference genome	idCheScut6.1	Chromosome		470966589	no
368781	Cheilosia soror	Cheilosia	Syrphidae	Diptera	Insecta	Arthropoda	Cheilosia soror	2	GCA_949372485.1	reference genome	idCheSoro4.1	Chromosome		480329122	no
173985	Cheilosia urbana	Cheilosia	Syrphidae	Diptera	Insecta	Arthropoda	Cheilosia urbana	1	GCA_946477585.1	reference genome	idCheUrba1.1	Chromosome		546925253	no
273447	Cheilosia variabilis	Cheilosia	Syrphidae	Diptera	Insecta	Arthropoda	Cheilosia variabilis	1	GCA_951230905.1	reference genome	idCheVari2.1	Chromosome		414741101	no
423616	Cheilosia vernalis	Cheilosia	Syrphidae	Diptera	Insecta	Arthropoda	Cheilosia vernalis	1	GCA_949126925.1	reference genome	idCheVern2.1	Chromosome		441623484	no
273409	Cheilosia vulpina	Cheilosia	Syrphidae	Diptera	Insecta	Arthropoda	Cheilosia vulpina	1	GCA_916610125.1	reference genome	idCheVulp2.1	Chromosome		405365642	no
1297118	Cheirotonus jansoni	Cheirotonus	Scarabaeidae	Coleoptera	Insecta	Arthropoda	Cheirotonus jansoni	1	GCA_059056395.1	reference genome	Cjans _QLF_v1	Chromosome		619924125	no
2546182	Chelidurella thaleri	Chelidurella	Forficulidae	Dermaptera	Insecta	Arthropoda	Chelidurella thaleri	1	GCA_965178615.1	reference genome	igCheThal5.hap1.1	Chromosome		648153886	no
1837119	Chelis maculosa	Chelis	Erebidae	Lepidoptera	Insecta	Arthropoda	Chelis maculosa	1	GCA_965196785.1	reference genome	ilCheMacu1.hap1.1	Chromosome		701915235	no
2739011	Chelonus formosanus	Chelonus	Braconidae	Hymenoptera	Insecta	Arthropoda	Chelonus formosanus	1	GCA_028641665.1	reference genome	GZ_Cfor_V1	Chromosome		139590424	no
988091	Chersotis cuprea	Chersotis	Noctuidae	Lepidoptera	Insecta	Arthropoda	Chersotis cuprea	1	GCA_987114655.1		ilCheCupr1.hap1.1	Chromosome		483284806	no
988093	Chersotis multangula	Chersotis	Noctuidae	Lepidoptera	Insecta	Arthropoda	Chersotis multangula	1	GCA_977013235.1	reference genome	ilCheMult1.hap1.1	Chromosome		511555282	no
934925	Chesias legatella	Chesias	Geometridae	Lepidoptera	Insecta	Arthropoda	Chesias legatella	1	GCA_947359385.1	reference genome	ilCheLega1.1	Chromosome		310258074	no
1875285	Cheumatopsyche charites	Cheumatopsyche	Hydropsychidae	Trichoptera	Insecta	Arthropoda	Cheumatopsyche charites	1	GCA_024721215.1	reference genome	NJAU_Cchar-v1	Chromosome		223232897	no
722671	Chiasmia clathrata	Chiasmia	Geometridae	Lepidoptera	Insecta	Arthropoda	Chiasmia clathrata	1	GCA_964234795.1	reference genome	ilChiClat1.hap1.1	Chromosome		334860271	no
168631	Chilo suppressalis	Chilo	Crambidae	Lepidoptera	Insecta	Arthropoda	Chilo suppressalis	2	GCA_902850365.2	reference genome	PGI_CHILSU_V6	Chromosome		783446955	yes
1588098	Chionodes distinctella	Chionodes	Gelechiidae	Lepidoptera	Insecta	Arthropoda	Chionodes distinctella	1	GCA_976777915.1	reference genome	ilChiDist1.hap1.1	Chromosome		814292613	no
1197226	Chionodes viduella	Chionodes	Gelechiidae	Lepidoptera	Insecta	Arthropoda	Chionodes viduella	2	GCA_971861385.1	reference genome	ilChiVidu1.hap2.1	Chromosome		582009476	no
84408	Chironomus kiiensis	Chironomus	Chironomidae	Diptera	Insecta	Arthropoda	Chironomus kiiensis	1	GCA_050306575.1	reference genome	ASM5030657v1	Chromosome		174940190	no
315576	Chironomus riparius	Chironomus	Chironomidae	Diptera	Insecta	Arthropoda	Chironomus riparius	1	GCA_917627325.4	reference genome	PGI_CHIRRI_v4	Chromosome		191837449	yes
3395417	Chironomus sp. SAN22000474	Chironomus	Chironomidae	Diptera	Insecta	Arthropoda	Chironomus sp. SAN22000474	1	GCA_986497585.1		idChiSpeb1.hap1.1	Chromosome		182161638	no
1768614	Chironomus striatipennis	Chironomus	Chironomidae	Diptera	Insecta	Arthropoda	Chironomus striatipennis	1	GCA_026123125.1	reference genome	ASM2612312v1	Chromosome		181841860	no
7153	Chironomus tentans	Chironomus	Chironomidae	Diptera	Insecta	Arthropoda	Chironomus tentans	1	GCA_963573255.1	reference genome	idChiTent1.1	Chromosome		185472635	no
986954	Chlorissa cloraria	Chlorissa	Geometridae	Lepidoptera	Insecta	Arthropoda	Chlorissa cloraria	1	GCA_965788885.1	reference genome	ilChlClor1.hap1.1	Chromosome		462609821	no
934828	Chloroclysta siterata	Chloroclysta	Geometridae	Lepidoptera	Insecta	Arthropoda	Chloroclysta siterata	1	GCA_932294275.1	reference genome	ilChlSite2.1	Chromosome		437871077	no
190337	Chloroclystis v-ata	Chloroclystis	Geometridae	Lepidoptera	Insecta	Arthropoda	Chloroclystis v-ata	1	GCA_963691955.1	reference genome	ilChlVata1.1	Chromosome		275352430	no
343672	Chloromyia formosa	Chloromyia	Stratiomyidae	Diptera	Insecta	Arthropoda	Chloromyia formosa	1	GCA_964017055.1	reference genome	idChlForm1.1	Chromosome		790811816	no
1046848	Chlorops oryzae	Chlorops	Chloropidae	Diptera	Insecta	Arthropoda	Chlorops oryzae	1	GCA_020466095.1	reference genome	Cory_1.0	Chromosome		445960279	no
2881707	Chlorops pumilionis	Chlorops	Chloropidae	Diptera	Insecta	Arthropoda	Chlorops pumilionis	1	GCA_982375285.1	reference genome	idChlPumi1.hap1.1	Chromosome		645390564	no
2887108	Choerades gilvus	Choerades	Asilidae	Diptera	Insecta	Arthropoda	Choerades gilvus	1	GCA_982093775.1	reference genome	idChoGilv1.hap1.1	Chromosome		1055497352	no
688368	Choreutis diana	Choreutis	Choreutidae	Lepidoptera	Insecta	Arthropoda	Choreutis diana	1	GCA_977020105.1		ilChoDian1.hap1.1	Chromosome		311088169	no
1209621	Choreutis nemorana	Choreutis	Choreutidae	Lepidoptera	Insecta	Arthropoda	Choreutis nemorana	1	GCA_949316135.1	reference genome	ilChoNemo1.1	Chromosome		300243466	no
2823186	Chorisops tibialis	Chorisops	Stratiomyidae	Diptera	Insecta	Arthropoda	Chorisops tibialis	1	GCA_963669355.1	reference genome	idChoTibi2.1	Chromosome		865301470	no
7141	Choristoneura fumiferana	Choristoneura	Tortricidae	Lepidoptera	Insecta	Arthropoda	Choristoneura fumiferana	3	GCF_025370935.1	reference genome	NRCan_CFum_1	Chromosome		575343295	yes
1100946	Choristoneura hebenstreitella	Choristoneura	Tortricidae	Lepidoptera	Insecta	Arthropoda	Choristoneura hebenstreitella	1	GCA_977012695.1	reference genome	ilChoHebe1.hap1.1	Chromosome		653715466	no
27543	Choristoneura rosaceana	Choristoneura	Tortricidae	Lepidoptera	Insecta	Arthropoda	Choristoneura rosaceana	1	GCA_037349165.2	reference genome	ilChoRosa1_p1.2	Chromosome		531713045	no
987445	Chortodes pygminus	Chortodes	Noctuidae	Lepidoptera	Insecta	Arthropoda	Chortodes pygminus	1	GCA_988221955.1	reference genome	ilChoPygm4.hap1.1	Chromosome		1170060586	no
3098083	Chrysina gloriosa	Chrysina	Scarabaeidae	Coleoptera	Insecta	Arthropoda	Chrysina gloriosa	1	GCA_038088585.1	reference genome	Cglo_1.0	Chromosome		642274021	no
913277	Chrysis angustula	Chrysis	Chrysididae	Hymenoptera	Insecta	Arthropoda	Chrysis angustula	1	GCA_965642015.1		iyChrAngu1.hap1.1	Chromosome		243497664	no
689277	Chrysodeixis includens	Chrysodeixis	Noctuidae	Lepidoptera	Insecta	Arthropoda	Chrysodeixis includens	2	GCA_941860345.1	reference genome	PGI_CINC_vHiFi1	Chromosome		369676332	no
2795675	Chrysogaster coemiteriorum	Chrysogaster	Syrphidae	Diptera	Insecta	Arthropoda	Chrysogaster coemiteriorum	1	GCA_987217035.1	reference genome	idChrCemi1.1	Chromosome		1111709600	no
75506	Chrysolina americana	Chrysolina	Chrysomelidae	Coleoptera	Insecta	Arthropoda	Chrysolina americana	1	GCA_958502065.1	reference genome	icChrAmer1.1	Chromosome		980572297	no
111401	Chrysolina graminis	Chrysolina	Chrysomelidae	Coleoptera	Insecta	Arthropoda	Chrysolina graminis	1	GCA_964197785.1	reference genome	icChrGram1.hap1.1	Chromosome		1467195049	no
75519	Chrysolina haemoptera	Chrysolina	Chrysomelidae	Coleoptera	Insecta	Arthropoda	Chrysolina haemoptera	1	GCA_958298965.1	reference genome	icChrHaem1.1	Chromosome		718304979	no
75521	Chrysolina herbacea	Chrysolina	Chrysomelidae	Coleoptera	Insecta	Arthropoda	Chrysolina herbacea	1	GCA_979300175.1	reference genome	icChrHerb2.hap1.1	Chromosome		1277230547	no
111402	Chrysolina hyperici	Chrysolina	Chrysomelidae	Coleoptera	Insecta	Arthropoda	Chrysolina hyperici	1	GCA_982264245.1	reference genome	icChrHype1.hap1.1	Chromosome		731509177	no
1587174	Chrysolina oricalcia	Chrysolina	Chrysomelidae	Coleoptera	Insecta	Arthropoda	Chrysolina oricalcia	1	GCA_944452925.2	reference genome	icChrOric1.2	Chromosome		1423436458	no
153825	Chrysomela aeneicollis	Chrysomela	Chrysomelidae	Coleoptera	Insecta	Arthropoda	Chrysomela aeneicollis	1	GCA_027562985.1		Caen_1.0	Chromosome		353918979	no
154003	Chrysomela populi	Chrysomela	Chrysomelidae	Coleoptera	Insecta	Arthropoda	Chrysomela populi	1	GCA_965642295.1	reference genome	icChrPopu2.hap1.1	Chromosome		546976414	no
1587176	Chrysomela saliceti	Chrysomela	Chrysomelidae	Coleoptera	Insecta	Arthropoda	Chrysomela saliceti	1	GCA_965121785.1	reference genome	icChrSali1.hap1.1	Chromosome		738629865	no
115424	Chrysomya megacephala	Chrysomya	Calliphoridae	Diptera	Insecta	Arthropoda	Chrysomya megacephala	2	GCA_051942615.1	reference genome	ASM5194261v1	Chromosome		816961675	no
417485	Chrysopa pallens	Chrysopa	Chrysopidae	Neuroptera	Insecta	Arthropoda	Chrysopa pallens	1	GCA_020423425.1	reference genome	ASM2042342v1	Chromosome		538352598	no
189513	Chrysoperla carnea	Chrysoperla	Chrysopidae	Neuroptera	Insecta	Arthropoda	Chrysoperla carnea	2	GCF_905475395.1	reference genome	inChrCarn1.1	Chromosome		560232532	yes
1822507	Chrysopilus asiliformis	Chrysopilus	Rhagionidae	Diptera	Insecta	Arthropoda	Chrysopilus asiliformis	1	GCA_964034945.1	reference genome	idChrAsil3.1	Chromosome		429048661	no
1547359	Chrysops caecutiens	Chrysops	Tabanidae	Diptera	Insecta	Arthropoda	Chrysops caecutiens	1	GCA_963971475.1	reference genome	idChrCaec1.1	Chromosome		333688536	no
2881718	Chrysops relictus	Chrysops	Tabanidae	Diptera	Insecta	Arthropoda	Chrysops relictus	1	GCA_982340685.1	reference genome	idChrReli1.hap1.1	Chromosome		352754745	no
798133	Chrysops viduatus	Chrysops	Tabanidae	Diptera	Insecta	Arthropoda	Chrysops viduatus	1	GCA_964274935.1	reference genome	idChrVidu2.1	Chromosome		312354284	no
1594250	Chrysoteuchia culmella	Chrysoteuchia	Crambidae	Lepidoptera	Insecta	Arthropoda	Chrysoteuchia culmella	1	GCA_910589605.1	reference genome	ilChrCulm1.1	Chromosome		645211292	no
323313	Chrysotoxum bicinctum	Chrysotoxum	Syrphidae	Diptera	Insecta	Arthropoda	Chrysotoxum bicinctum	1	GCA_911387755.1	reference genome	idChrBici1.1	Chromosome		912918972	no
2714347	Chrysotoxum verralli	Chrysotoxum	Syrphidae	Diptera	Insecta	Arthropoda	Chrysotoxum verralli	1	GCA_965637335.1	reference genome	idChrVerr4.hap1.1	Chromosome		1019884036	no
1692350	Chymomyza fuscimana	Chymomyza	Drosophilidae	Diptera	Insecta	Arthropoda	Chymomyza fuscimana	1	GCA_949987675.1	reference genome	idChyFusc2.1	Chromosome		337961389	no
134416	Cicada orni	Cicada	Cicadidae	Hemiptera	Insecta	Arthropoda	Cicada orni	1	GCA_979322825.1	reference genome	ihCicOrni1.hap1.1	Chromosome		4991566508	no
36150	Cicadella viridis	Cicadella	Cicadellidae	Hemiptera	Insecta	Arthropoda	Cicadella viridis	1	GCA_964205205.1	reference genome	ihCicViri2.1	Chromosome		1425453996	no
934927	Cidaria fulvata	Cidaria	Geometridae	Lepidoptera	Insecta	Arthropoda	Cidaria fulvata	1	GCA_964340525.1	reference genome	ilCidFulv1.hap1.1	Chromosome		503966230	no
757355	Cimex hemipterus	Cimex	Cimicidae	Hemiptera	Insecta	Arthropoda	Cimex hemipterus	1	GCA_039619505.1	reference genome	CUHK_Chem_1	Chromosome		490569871	no
79782	Cimex lectularius	Cimex	Cimicidae	Hemiptera	Insecta	Arthropoda	Cimex lectularius	3	GCA_050655605.1		ASM5065560v1	Chromosome		505835457	no
506608	Cinara cedri	Cinara	Aphididae	Hemiptera	Insecta	Arthropoda	Cinara cedri	1	GCA_978407195.1	reference genome	ihCinCedr1.hap1.1	Chromosome		507295866	no
97058	Cinara pinea	Cinara	Aphididae	Hemiptera	Insecta	Arthropoda	Cinara pinea	1	GCA_976225425.1	reference genome	ihCinPine1.hap1.1	Chromosome		816348762	no
577748	Cis bilamellatus	Cis	Ciidae	Coleoptera	Insecta	Arthropoda	Cis bilamellatus	1	GCA_977930235.1	reference genome	icCisBila1.1	Chromosome		249050507	no
1918221	Cistogaster globosa	Cistogaster	Tachinidae	Diptera	Insecta	Arthropoda	Cistogaster globosa	1	GCA_937654795.1	reference genome	idCisGlob1.1	Chromosome		837758165	no
215161	Clanis bilineata	Clanis	Sphingidae	Lepidoptera	Insecta	Arthropoda	Clanis bilineata	1	GCA_036417725.1	reference genome	ASM3641772v1	Chromosome		477454959	no
439565	Cleorodes lichenaria	Cleorodes	Geometridae	Lepidoptera	Insecta	Arthropoda	Cleorodes lichenaria	1	GCA_984589715.1	reference genome	ilCleLich2.hap1.1	Chromosome		414740638	no
1100947	Clepsis consimilana	Clepsis	Tortricidae	Lepidoptera	Insecta	Arthropoda	Clepsis consimilana	2	GCA_965362255.1	reference genome	ilCleCons1.hap1.2	Chromosome		488869147	no
2561093	Clepsis dumicolana	Clepsis	Tortricidae	Lepidoptera	Insecta	Arthropoda	Clepsis dumicolana	1	GCA_963691665.1	reference genome	ilCleDumi1.1	Chromosome		459690492	no
2561094	Clepsis lindebergi	Clepsis	Tortricidae	Lepidoptera	Insecta	Arthropoda	Clepsis lindebergi	1	GCA_984589785.1	reference genome	ilCleLind1.hap1.1	Chromosome		520926460	no
1144648	Clepsis rurinana	Clepsis	Tortricidae	Lepidoptera	Insecta	Arthropoda	Clepsis rurinana	1	GCA_965111835.1	reference genome	ilCleRuri1.hap1.1	Chromosome		388388139	no
1869585	Clepsis senecionana	Clepsis	Tortricidae	Lepidoptera	Insecta	Arthropoda	Clepsis senecionana	1	GCA_976974225.1	reference genome	ilCleSene1.hap1.1	Chromosome		562530818	no
494138	Clistopyga incitator	Clistopyga	Ichneumonidae	Hymenoptera	Insecta	Arthropoda	Clistopyga incitator	1	GCA_947507545.1	reference genome	iyCliInci1.1	Chromosome		260675948	no
325643	Clitarchus hookeri	Clitarchus	Phasmatidae	Phasmatodea	Insecta	Arthropoda	Clitarchus hookeri	1	GCA_040182645.1	reference genome	ASM4018264v1	Chromosome		2818478710	no
795047	Clivina fossor	Clivina	Carabidae	Coleoptera	Insecta	Arthropoda	Clivina fossor	1	GCA_963966155.1	reference genome	icCliFoss2.1	Chromosome		612599023	no
197152	Cloeon dipterum	Cloeon	Baetidae	Ephemeroptera	Insecta	Arthropoda	Cloeon dipterum	2	GCF_949628265.1	reference genome	ieCloDipt1.1	Chromosome		190111064	yes
85120	Clogmia albipunctata	Clogmia	Psychodidae	Diptera	Insecta	Arthropoda	Clogmia albipunctata	1	GCA_965637365.1	reference genome	idCloAlbi1.1	Chromosome		309196353	no
987902	Clostera curtula	Clostera	Notodontidae	Lepidoptera	Insecta	Arthropoda	Clostera curtula	1	GCA_905475355.2	reference genome	ilCloCurt1.2	Chromosome		512665902	no
2008422	Clostera restitura	Clostera	Notodontidae	Lepidoptera	Insecta	Arthropoda	Clostera restitura	1	GCA_051201345.1	reference genome	ASM5120134v1	Chromosome		501227191	no
1545100	Closterotomus norwegicus	Closterotomus	Miridae	Hemiptera	Insecta	Arthropoda	Closterotomus norwegicus	1	GCA_985689795.1	reference genome	ihCloNorw1.hap1.1	Chromosome		903277728	no
2026310	Closterotomus trivialis	Closterotomus	Miridae	Hemiptera	Insecta	Arthropoda	Closterotomus trivialis	1	GCA_965211935.1	reference genome	ihCloTriv1.1	Chromosome		1163703463	no
576317	Clusia tigrina	Clusia	Clusiidae	Diptera	Insecta	Arthropoda	Clusia tigrina	1	GCA_920105625.2	reference genome	idCluTigr1.2	Chromosome		1216377468	no
3373430	Clytie syriaca	Clytie	Erebidae	Lepidoptera	Insecta	Arthropoda	Clytie syriaca	2	GCA_965246645.1	reference genome	ilClySyri1.hap2.1	Chromosome		1293285049	no
1870613	Cnaemidophorus rhododactyla	Cnaemidophorus	Pterophoridae	Lepidoptera	Insecta	Arthropoda	Cnaemidophorus rhododactyla	1	GCA_987217105.1	reference genome	ilCnaRhod3.1	Chromosome		902070377	no
437488	Cnaphalocrocis medinalis	Cnaphalocrocis	Crambidae	Lepidoptera	Insecta	Arthropoda	Cnaphalocrocis medinalis	1	GCA_014851415.1	reference genome	ASM1485141v1	Chromosome		528450314	no
1594251	Cnephasia asseclana	Cnephasia	Tortricidae	Lepidoptera	Insecta	Arthropoda	Cnephasia asseclana	1	GCA_965637065.1	reference genome	ilCneAsse1.hap1.1	Chromosome		273581186	no
1869587	Cnephasia incertana	Cnephasia	Tortricidae	Lepidoptera	Insecta	Arthropoda	Cnephasia incertana	1	GCA_977071105.1	reference genome	ilCneInce1.hap1.1	Chromosome		389090165	no
1869588	Cnephasia longana	Cnephasia	Tortricidae	Lepidoptera	Insecta	Arthropoda	Cnephasia longana	2	GCA_978041815.1	reference genome	ilCneLong2.hap1.1	Chromosome		618854752	no
1116892	Cnephasia stephensiana	Cnephasia	Tortricidae	Lepidoptera	Insecta	Arthropoda	Cnephasia stephensiana	1	GCA_964276465.1	reference genome	ilCneStep1.hap1.1	Chromosome		465142608	no
115345	Coccidula rufa	Coccidula	Coccinellidae	Coleoptera	Insecta	Arthropoda	Coccidula rufa	1	GCA_965178175.1	reference genome	icCocRufa1.hap1.1	Chromosome		1068724422	no
185877	Coccinella magnifica	Coccinella	Coccinellidae	Coleoptera	Insecta	Arthropoda	Coccinella magnifica	1	GCA_965644565.1	reference genome	icCocMagn1.hap1.1	Chromosome		498771620	no
41139	Coccinella septempunctata	Coccinella	Coccinellidae	Coleoptera	Insecta	Arthropoda	Coccinella septempunctata	2	GCF_907165205.1	reference genome	icCocSept1.1	Chromosome		398849173	yes
1790162	Coccinella transversoguttata	Coccinella	Coccinellidae	Coleoptera	Insecta	Arthropoda	Coccinella transversoguttata	2	GCA_053478235.1	reference genome	ASM5347823v1	Chromosome		416882278	no
185878	Coccinella undecimpunctata	Coccinella	Coccinellidae	Coleoptera	Insecta	Arthropoda	Coccinella undecimpunctata	2	GCA_986269875.1	reference genome	icCocUnde3.hap2.1	Chromosome		548849324	no
538890	Coccus hesperidum	Coccus	Coccidae	Hemiptera	Insecta	Arthropoda	Coccus hesperidum	1	GCA_964257065.1	reference genome	ihCocHesp2.1	Chromosome		405400678	no
115425	Cochliomyia hominivorax	Cochliomyia	Calliphoridae	Diptera	Insecta	Arthropoda	Cochliomyia hominivorax	2	GCA_051144965.1	reference genome	Cochliomyia_hominivorax_M2_hap1_scaffolds	Chromosome		455542081	yes
66361	Cochliomyia macellaria	Cochliomyia	Calliphoridae	Diptera	Insecta	Arthropoda	Cochliomyia macellaria	2	GCA_052576185.1	reference genome	Cmac_reference.fasta	Chromosome		554627798	no
1869589	Cochylidia implicitana	Cochylidia	Tortricidae	Lepidoptera	Insecta	Arthropoda	Cochylidia implicitana	1	GCA_984660675.1	reference genome	ilCocImpl2.hap1.1	Chromosome		364817368	no
1869591	Cochylidia rupicola	Cochylidia	Tortricidae	Lepidoptera	Insecta	Arthropoda	Cochylidia rupicola	1	GCA_978258895.1	reference genome	ilCocRupi2.hap1.1	Chromosome		425617516	no
1594252	Cochylidia subroseana	Cochylidia	Tortricidae	Lepidoptera	Insecta	Arthropoda	Cochylidia subroseana	2	GCA_965605805.1	reference genome	ilCocSubr1.hap1.1	Chromosome		476844405	no
1869593	Cochylis atricapitana	Cochylis	Tortricidae	Lepidoptera	Insecta	Arthropoda	Cochylis atricapitana	1	GCA_971847545.1	reference genome	ilCocAtri3.hap1.1	Chromosome		387588671	no
1594254	Cochylis nana	Cochylis	Tortricidae	Lepidoptera	Insecta	Arthropoda	Cochylis nana	1	GCA_971878185.1	reference genome	ilCocNana1.hap1.1	Chromosome		449964286	no
2881741	Coelichneumon leucocerus	Coelichneumon	Ichneumonidae	Hymenoptera	Insecta	Arthropoda	Coelichneumon leucocerus	1	GCA_965643745.1	reference genome	iyCoeLeuc1.hap1.1	Chromosome		383977339	no
2922063	Coelioxys conoideus	Coelioxys	Megachilidae	Hymenoptera	Insecta	Arthropoda	Coelioxys conoideus	1	GCA_947623535.1	reference genome	iyCoeConi1.1	Chromosome		417571978	no
169498	Coelopa frigida	Coelopa	Coelopidae	Diptera	Insecta	Arthropoda	Coelopa frigida	2	GCA_981559755.1	reference genome	idCoeFrig38.1	Chromosome		225479376	no
169500	Coelopa pilipes	Coelopa	Coelopidae	Diptera	Insecta	Arthropoda	Coelopa pilipes	1	GCA_947389925.1	reference genome	idCoePili4.1	Chromosome		262952336	no
290652	Coelostoma orbiculare	Coelostoma	Hydrophilidae	Coleoptera	Insecta	Arthropoda	Coelostoma orbiculare	1	GCA_979606585.1	reference genome	icCoeOrbi2.hap1.1	Chromosome		750994069	no
1219321	Coenobia rufa	Coenobia	Noctuidae	Lepidoptera	Insecta	Arthropoda	Coenobia rufa	1	GCA_977012855.1	reference genome	ilCoeRufa1.hap1.1	Chromosome		720595556	no
111894	Coenonympha arcania	Coenonympha	Nymphalidae	Lepidoptera	Insecta	Arthropoda	Coenonympha arcania	2	GCA_036785405.1	reference genome	UGA_Carc_1.0	Chromosome		497320610	no
2505772	Coenonympha darwiniana	Coenonympha	Nymphalidae	Lepidoptera	Insecta	Arthropoda	Coenonympha darwiniana	1	GCA_964270855.1		ilCoeDarw1.hap1.1	Chromosome		476242121	no
111896	Coenonympha dorus	Coenonympha	Nymphalidae	Lepidoptera	Insecta	Arthropoda	Coenonympha dorus	1	GCA_964275305.2	reference genome	ilCoeDoru1.hap1.2	Chromosome		445190544	no
554481	Coenonympha gardetta	Coenonympha	Nymphalidae	Lepidoptera	Insecta	Arthropoda	Coenonympha gardetta	1	GCA_964258855.1		ilCoeGard1.hap1.1	Chromosome		500330172	no
242261	Coenonympha glycerion	Coenonympha	Nymphalidae	Lepidoptera	Insecta	Arthropoda	Coenonympha glycerion	2	GCA_963855885.1	reference genome	ilCoeGlyc1.1	Chromosome		457721346	no
554486	Coenonympha oedippus	Coenonympha	Nymphalidae	Lepidoptera	Insecta	Arthropoda	Coenonympha oedippus	1	GCA_964304575.1	reference genome	ilCoeOedi1.1	Chromosome		397580023	no
988098	Coenophila subrosea	Coenophila	Noctuidae	Lepidoptera	Insecta	Arthropoda	Coenophila subrosea	1	GCA_986281025.1	reference genome	ilCoeSubr1.hap1.1	Chromosome		674838395	no
559643	Coenosia tigrina	Coenosia	Muscidae	Diptera	Insecta	Arthropoda	Coenosia tigrina	1	GCA_987216955.1	reference genome	idCoeTigr2.hap1.1	Chromosome		1573176021	no
561076	Colaphellus bowringi	Colaphellus	Chrysomelidae	Coleoptera	Insecta	Arthropoda	Colaphellus bowringi	1	GCA_058382475.1	reference genome	ASM5838247v1	Chromosome		530332209	yes
3342242	Colaspoides femoralis						Colaspoides femoralis	1	GCA_060230915.1	reference genome	ASM6023091v1	Chromosome		1222620124	no
1150026	Coleophora ahenella	Coleophora	Coleophoridae	Lepidoptera	Insecta	Arthropoda	Coleophora ahenella	1	GCA_988222105.1	reference genome	ilColAhen1.hap1.1	Chromosome		837642641	no
1150031	Coleophora alticolella	Coleophora	Coleophoridae	Lepidoptera	Insecta	Arthropoda	Coleophora alticolella	1	GCA_977013745.1	reference genome	ilColAlti2.1	Chromosome		385415006	no
1150032	Coleophora argentula	Coleophora	Coleophoridae	Lepidoptera	Insecta	Arthropoda	Coleophora argentula	1	GCA_982551595.1	reference genome	ilColArge1.hap1.1	Chromosome		555274498	no
687026	Coleophora deauratella	Coleophora	Coleophoridae	Lepidoptera	Insecta	Arthropoda	Coleophora deauratella	1	GCA_958295455.1	reference genome	ilColDeau1.1	Chromosome		518446195	no
1100951	Coleophora flavipennella	Coleophora	Coleophoridae	Lepidoptera	Insecta	Arthropoda	Coleophora flavipennella	1	GCA_947284805.1	reference genome	ilColFlav1.1	Chromosome		989256818	no
1857990	Coleophora follicularis	Coleophora	Coleophoridae	Lepidoptera	Insecta	Arthropoda	Coleophora follicularis	1	GCA_986694545.1	reference genome	ilColFoll4.hap1.1	Chromosome		591209986	no
1100952	Coleophora galbulipennella	Coleophora	Coleophoridae	Lepidoptera	Insecta	Arthropoda	Coleophora galbulipennella	1	GCA_986449135.1	reference genome	ilColGalb1.hap1.1	Chromosome		653559770	no
1150053	Coleophora gryphipennella	Coleophora	Coleophoridae	Lepidoptera	Insecta	Arthropoda	Coleophora gryphipennella	1	GCA_982551685.1	reference genome	ilColGryp1.hap1.1	Chromosome		728356719	no
2561135	Coleophora lixella	Coleophora	Coleophoridae	Lepidoptera	Insecta	Arthropoda	Coleophora lixella	1	GCA_982551485.1	reference genome	ilColLixe3.hap1.1	Chromosome		429123111	no
1150063	Coleophora lutipennella	Coleophora	Coleophoridae	Lepidoptera	Insecta	Arthropoda	Coleophora lutipennella	1	GCA_985758345.1	reference genome	ilColLuti2.1	Chromosome		1196878747	no
691564	Coleophora mayrella	Coleophora	Coleophoridae	Lepidoptera	Insecta	Arthropoda	Coleophora mayrella	1	GCA_976917495.1	reference genome	ilColMayr1.hap1.1	Chromosome		518536048	no
1150066	Coleophora niveicostella	Coleophora	Coleophoridae	Lepidoptera	Insecta	Arthropoda	Coleophora niveicostella	1	GCA_987312975.1	reference genome	ilColNive1.hap1.1	Chromosome		726768441	no
1150024	Coleophora obscenella	Coleophora	Coleophoridae	Lepidoptera	Insecta	Arthropoda	Coleophora obscenella	2	GCA_977014435.1	reference genome	ilColObse1.hap1.1	Chromosome		485303479	no
1150075	Coleophora otidipennella	Coleophora	Coleophoridae	Lepidoptera	Insecta	Arthropoda	Coleophora otidipennella	1	GCA_987193225.1	reference genome	ilColOtid1.hap1.1	Chromosome		465534875	no
1150076	Coleophora pennella	Coleophora	Coleophoridae	Lepidoptera	Insecta	Arthropoda	Coleophora pennella	1	GCA_982585925.1	reference genome	ilColPenn1.hap1.1	Chromosome		498591187	no
572742	Coleophora serratella	Coleophora	Coleophoridae	Lepidoptera	Insecta	Arthropoda	Coleophora serratella	1	GCA_988228175.1	reference genome	ilColSerr1.hap1.1	Chromosome		898668333	no
1150085	Coleophora solitariella	Coleophora	Coleophoridae	Lepidoptera	Insecta	Arthropoda	Coleophora solitariella	1	GCA_984659125.1	reference genome	ilColSoli1.hap1.1	Chromosome		482435157	no
1150089	Coleophora sternipennella	Coleophora	Coleophoridae	Lepidoptera	Insecta	Arthropoda	Coleophora sternipennella	1	GCA_978020625.1	reference genome	ilColSter1.hap1.1	Chromosome		471117526	no
1150090	Coleophora striatipennella	Coleophora	Coleophoridae	Lepidoptera	Insecta	Arthropoda	Coleophora striatipennella	1	GCA_986708425.1	reference genome	ilColStri1.hap1.1	Chromosome		505674970	no
1100957	Coleophora sylvaticella	Coleophora	Coleophoridae	Lepidoptera	Insecta	Arthropoda	Coleophora sylvaticella	1	GCA_988143455.1	reference genome	ilColSylv1.hap1.1	Chromosome		440399447	no
1150100	Coleophora violacea	Coleophora	Coleophoridae	Lepidoptera	Insecta	Arthropoda	Coleophora violacea	1	GCA_973871665.1		ilColViol1.hap1.1	Chromosome		892299514	no
72248	Colias croceus	Colias	Pieridae	Lepidoptera	Insecta	Arthropoda	Colias croceus	2	GCF_905220415.1	reference genome	ilColCroc2.1	Chromosome		324897031	yes
72852	Colias erate	Colias	Pieridae	Lepidoptera	Insecta	Arthropoda	Colias erate	1	GCA_965153205.1	reference genome	ilColErat1.hap1.1	Chromosome		324535804	no
42296	Colias eurytheme	Colias	Pieridae	Lepidoptera	Insecta	Arthropoda	Colias eurytheme	2	GCA_061535395.1	reference genome	ilColEury1 Martin Lab GWU primary	Chromosome		337372308	no
78613	Colias hecla	Colias	Pieridae	Lepidoptera	Insecta	Arthropoda	Colias hecla	1	GCA_977013305.1	reference genome	ilColHecl1.hap1.1	Chromosome		373266678	no
78615	Colias hyale	Colias	Pieridae	Lepidoptera	Insecta	Arthropoda	Colias hyale	1	GCA_964258725.1	reference genome	ilColHyal1.hap1.1	Chromosome		330450674	no
78620	Colias palaeno	Colias	Pieridae	Lepidoptera	Insecta	Arthropoda	Colias palaeno	1	GCA_964258765.1	reference genome	ilColPala1.hap1.1	Chromosome		350584954	no
78622	Colias phicomone	Colias	Pieridae	Lepidoptera	Insecta	Arthropoda	Colias phicomone	1	GCA_964270545.1	reference genome	ilColPhic1.hap1.1	Chromosome		420597916	no
72851	Colias philodice	Colias	Pieridae	Lepidoptera	Insecta	Arthropoda	Colias philodice	1	GCA_061535455.1	reference genome	ilColPhil1 Martin Lab GWU primary	Chromosome		339993810	no
876052	Colias sareptensis	Colias	Pieridae	Lepidoptera	Insecta	Arthropoda	Colias sareptensis	1	GCA_964374355.1	reference genome	ilColSarp1.hap1.1	Chromosome		345509748	no
596544	Colias thisoa	Colias	Pieridae	Lepidoptera	Insecta	Arthropoda	Colias thisoa	1	GCA_964275215.1	reference genome	ilColThis1.hap1.1	Chromosome		398282359	no
3229145	Colletes cyprius	Colletes	Colletidae	Hymenoptera	Insecta	Arthropoda	Colletes cyprius	2	GCA_977880195.1	reference genome	iyColCypr3.hap2	Chromosome		278356588	no
2605962	Colletes latitarsis	Colletes	Colletidae	Hymenoptera	Insecta	Arthropoda	Colletes latitarsis	2	GCF_051014445.1	reference genome	iyColLati1	Chromosome		757410764	yes
979939	Collyria trichophthalma	Collyria	Ichneumonidae	Hymenoptera	Insecta	Arthropoda	Collyria trichophthalma	1	GCA_981124135.1	reference genome	iyColTric1.1	Chromosome		218635155	no
938222	Colobochyla salicalis	Colobochyla	Erebidae	Lepidoptera	Insecta	Arthropoda	Colobochyla salicalis	2	GCA_986268485.1	reference genome	ilColSalc1.hap1.1	Chromosome		623714877	no
987903	Colocasia coryli	Colocasia	Noctuidae	Lepidoptera	Insecta	Arthropoda	Colocasia coryli	1	GCA_965285835.1	reference genome	ilColCory3.1	Chromosome		768610949	no
1869728	Colostygia multistrigaria	Colostygia	Geometridae	Lepidoptera	Insecta	Arthropoda	Colostygia multistrigaria	1	GCA_965278185.1	reference genome	ilColMult2.hap1.1	Chromosome		482724758	no
934931	Colostygia pectinataria	Colostygia	Geometridae	Lepidoptera	Insecta	Arthropoda	Colostygia pectinataria	1	GCA_951394395.1	reference genome	ilColPect1.1	Chromosome		351557570	no
943180	Colotis evagore	Colotis	Pieridae	Lepidoptera	Insecta	Arthropoda	Colotis evagore	1	GCA_964332265.1	reference genome	ilColEvag1.hap1.1	Chromosome		270215572	no
104470	Colotois pennaria	Colotois	Geometridae	Lepidoptera	Insecta	Arthropoda	Colotois pennaria	1	GCA_964258875.1	reference genome	ilColPena1.hap1.1	Chromosome		449441475	no
295817	Colydium elongatum	Colydium	Zopheridae	Coleoptera	Insecta	Arthropoda	Colydium elongatum	1	GCA_964656385.1	reference genome	icColElon2.1	Chromosome		450155504	no
986958	Comibaena bajularia	Comibaena	Geometridae	Lepidoptera	Insecta	Arthropoda	Comibaena bajularia	1	GCA_965153335.1	reference genome	ilComBaju2.1	Chromosome		369732892	no
3127293	Commophila aeneana	Commophila	Tortricidae	Lepidoptera	Insecta	Arthropoda	Commophila aeneana	2	GCA_964341535.1	reference genome	ilComAene1.hap1.1	Chromosome		429470125	no
987905	Conistra ligula	Conistra	Noctuidae	Lepidoptera	Insecta	Arthropoda	Conistra ligula	1	GCA_965278235.1	reference genome	ilConLigu1.hap1.1	Chromosome		800773215	no
987906	Conistra rubiginosa	Conistra	Noctuidae	Lepidoptera	Insecta	Arthropoda	Conistra rubiginosa	1	GCA_965663715.1	reference genome	ilConRubg1.hap1.1	Chromosome		682586938	no
706635	Conistra vaccinii	Conistra	Noctuidae	Lepidoptera	Insecta	Arthropoda	Conistra vaccinii	1	GCA_948150665.1	reference genome	ilConVacc3.1	Chromosome		720835524	no
1133088	Conogethes punctiferalis	Conogethes	Crambidae	Lepidoptera	Insecta	Arthropoda	Conogethes punctiferalis	1	GCA_031163375.1	reference genome	ASM3116337v1	Chromosome		494479261	no
491269	Conomelus anceps	Conomelus	Delphacidae	Hemiptera	Insecta	Arthropoda	Conomelus anceps	1	GCA_948455865.1	reference genome	ihConAnce4.1	Chromosome		957836206	no
940481	Conopomorpha sinensis	Conopomorpha	Gracillariidae	Lepidoptera	Insecta	Arthropoda	Conopomorpha sinensis	1	GCA_056506535.1	reference genome	ASM5650653v1	Chromosome		464325189	no
2823188	Conops quadrifasciatus	Conops	Conopidae	Diptera	Insecta	Arthropoda	Conops quadrifasciatus	1	GCA_949752815.1	reference genome	idConQuad1.1	Chromosome		210441083	no
1323535	Conwentzia psociformis	Conwentzia	Coniopterygidae	Neuroptera	Insecta	Arthropoda	Conwentzia psociformis	1	GCA_976988905.1	reference genome	inConPsoc3.hap1.1	Chromosome		99603567	no
139036	Corcyra cephalonica	Corcyra	Pyralidae	Lepidoptera	Insecta	Arthropoda	Corcyra cephalonica	1	GCA_040436485.1	reference genome	ASM4043648v1	Chromosome		453370974	no
1118052	Cordilura impudica	Cordilura	Scathophagidae	Diptera	Insecta	Arthropoda	Cordilura impudica	1	GCA_963682025.1	reference genome	idCorImpu1.1	Chromosome		1489345213	no
126173	Cordulegaster boltonii	Cordulegaster	Cordulegastridae	Odonata	Insecta	Arthropoda	Cordulegaster boltonii	2	GCA_965663625.1	reference genome	ioCorBolt2.hap1.1	Chromosome		1610690654	no
1226616	Coremacera marginata	Coremacera	Sciomyzidae	Diptera	Insecta	Arthropoda	Coremacera marginata	1	GCA_914767935.1	reference genome	idCorMarg1.1	Chromosome		979662365	no
1028097	Coridius chinensis	Coridius	Dinidoridae	Hemiptera	Insecta	Arthropoda	Coridius chinensis	1	GCA_057531905.1	reference genome	YXTC_Cchin_T2T	Complete Genome		1600043520	no
1511259	Corizus hyoscyami	Corizus	Rhopalidae	Hemiptera	Insecta	Arthropoda	Corizus hyoscyami	1	GCA_059059285.1	reference genome	Chyo_1.0	Chromosome		1462676734	yes
3041021	Coronaproctus castanopsis	Coronaproctus	Monophlebidae	Hemiptera	Insecta	Arthropoda	Coronaproctus castanopsis	1	GCA_032883995.1	reference genome	ASM3288399v1	Chromosome		700113905	no
369451	Corythucha ciliata	Corythucha	Tingidae	Hemiptera	Insecta	Arthropoda	Corythucha ciliata	1	GCA_038030265.1	reference genome	CAU_Ccil_1.0	Chromosome		401195523	no
987907	Cosmia affinis	Cosmia	Noctuidae	Lepidoptera	Insecta	Arthropoda	Cosmia affinis	1	GCA_965218605.1	reference genome	ilCosAffi1.hap1.1	Chromosome		705846216	no
987909	Cosmia pyralina	Cosmia	Noctuidae	Lepidoptera	Insecta	Arthropoda	Cosmia pyralina	1	GCA_946251885.1	reference genome	ilCosPyra2.1	Chromosome		803261471	no
116126	Cosmia trapezina	Cosmia	Noctuidae	Lepidoptera	Insecta	Arthropoda	Cosmia trapezina	1	GCA_905163495.3	reference genome	ilCosTrap1.3	Chromosome		825172178	no
3104512	Cosmococcus erythrinae	Cosmococcus	Lecanodiaspididae	Hemiptera	Insecta	Arthropoda	Cosmococcus erythrinae	1	GCA_058218805.2	reference genome	cery_2	Chromosome		403444915	no
1594259	Cosmopterix orichalcea	Cosmopterix	Cosmopterigidae	Lepidoptera	Insecta	Arthropoda	Cosmopterix orichalcea	1	GCA_986269905.1	reference genome	ilCosOric1.hap1.1	Chromosome		709961199	no
934934	Cosmorhoe ocellata	Cosmorhoe	Geometridae	Lepidoptera	Insecta	Arthropoda	Cosmorhoe ocellata	1	GCA_963675405.1	reference genome	ilCosOcel1.1	Chromosome		327726721	no
753294	Cossus cossus	Cossus	Cossidae	Lepidoptera	Insecta	Arthropoda	Cossus cossus	1	GCA_965117205.1	reference genome	ilCosCoss1.hap1.1	Chromosome		518961920	no
1869748	Costaconvexa polygrammata	Costaconvexa	Geometridae	Lepidoptera	Insecta	Arthropoda	Costaconvexa polygrammata	1	GCA_983203595.1	reference genome	ilCosPoly1.hap1.1	Chromosome		322282710	no
32391	Cotesia glomerata	Cotesia	Braconidae	Hymenoptera	Insecta	Arthropoda	Cotesia glomerata	2	GCF_020080835.1	reference genome	MPM_Cglom_v2.3	Chromosome		288846213	yes
89806	Cotesia ruficrus	Cotesia	Braconidae	Hymenoptera	Insecta	Arthropoda	Cotesia ruficrus	1	GCA_048537615.1	reference genome	ZJU_Cruf_1.0	Chromosome		185315137	no
217443	Cotesia vestalis	Cotesia	Braconidae	Hymenoptera	Insecta	Arthropoda	Cotesia vestalis	1	GCA_054085095.1	reference genome	ASM5408509v1	Chromosome		199209824	no
2494887	Crabro cribrarius	Crabro	Crabronidae	Hymenoptera	Insecta	Arthropoda	Crabro cribrarius	1	GCA_987573005.1	reference genome	iyCraCrib2.hap1.1	Chromosome		223195794	no
1195448	Crambus alienellus	Crambus	Crambidae	Lepidoptera	Insecta	Arthropoda	Crambus alienellus	2	GCA_965614505.1	reference genome	ilCraAlie1.hap2.1	Chromosome		912038135	no
1100958	Crambus lathoniellus	Crambus	Crambidae	Lepidoptera	Insecta	Arthropoda	Crambus lathoniellus	1	GCA_949710035.1	reference genome	ilCraLath2.1	Chromosome		893766342	no
989760	Crambus pascuella	Crambus	Crambidae	Lepidoptera	Insecta	Arthropoda	Crambus pascuella	2	GCA_964341515.1	reference genome	ilCraPasc1.hap2.1	Chromosome		788209106	no
687067	Crambus perlellus	Crambus	Crambidae	Lepidoptera	Insecta	Arthropoda	Crambus perlellus	1	GCA_986177315.1	reference genome	ilCraPere1.hap1.1	Chromosome		993281296	no
1594261	Crambus pratella	Crambus	Crambidae	Lepidoptera	Insecta	Arthropoda	Crambus pratella	2	GCA_965267255.1	reference genome	ilCraPrat1.hap1.1	Chromosome		1045229498	no
938226	Craniophora ligustri	Craniophora	Noctuidae	Lepidoptera	Insecta	Arthropoda	Craniophora ligustri	1	GCA_905163465.1	reference genome	ilCraLigu1.1	Chromosome		437978302	no
1754071	Craniophora pontica	Craniophora	Noctuidae	Lepidoptera	Insecta	Arthropoda	Craniophora pontica	2	GCA_965277965.1	reference genome	ilCraPont1.hap1.1	Chromosome		430340534	no
452744	Crataerina pallida	Crataerina	Hippoboscidae	Diptera	Insecta	Arthropoda	Crataerina pallida	1	GCA_949710015.1	reference genome	idCraPall2.1	Chromosome		177048515	no
200911	Crepidodera aurata	Crepidodera	Chrysomelidae	Coleoptera	Insecta	Arthropoda	Crepidodera aurata	1	GCA_965645225.1	reference genome	icCreAura1.1	Chromosome		840273214	no
346762	Crepidodera aurea	Crepidodera	Chrysomelidae	Coleoptera	Insecta	Arthropoda	Crepidodera aurea	1	GCA_949320105.2	reference genome	icCreAure2.2	Chromosome		508956902	no
1425550	Crepidodera fulvicornis	Crepidodera	Chrysomelidae	Coleoptera	Insecta	Arthropoda	Crepidodera fulvicornis	1	GCA_965615805.1	reference genome	icCreFulv2.1	Chromosome		493208072	no
131627	Crioceris asparagi	Crioceris	Chrysomelidae	Coleoptera	Insecta	Arthropoda	Crioceris asparagi	1	GCA_958507055.1	reference genome	icCriAspa1.1	Chromosome		639283977	no
1637456	Criorhina ranunculi	Criorhina	Syrphidae	Diptera	Insecta	Arthropoda	Criorhina ranunculi	1	GCA_951813785.1	reference genome	idCriRanu1.1	Chromosome		357640822	no
934829	Crocallis elinguaria	Crocallis	Geometridae	Lepidoptera	Insecta	Arthropoda	Crocallis elinguaria	1	GCA_907269065.1	reference genome	ilCroElin1.1	Chromosome		430382504	no
1830362	Crossocerus annulipes	Crossocerus	Crabronidae	Hymenoptera	Insecta	Arthropoda	Crossocerus annulipes	1	GCA_980886745.1	reference genome	iyCroAnnu1.hap1.1	Chromosome		234658017	no
2494894	Crossocerus cetratus	Crossocerus	Crabronidae	Hymenoptera	Insecta	Arthropoda	Crossocerus cetratus	1	GCA_963675795.1	reference genome	iyCroCetr1.1	Chromosome		251131327	no
879036	Crudosilis ruficollis	Crudosilis	Cantharidae	Coleoptera	Insecta	Arthropoda	Crudosilis ruficollis	1	GCA_978018155.1	reference genome	icCruRufi1.1	Chromosome		1193653282	no
987910	Cryphia algae	Cryphia	Noctuidae	Lepidoptera	Insecta	Arthropoda	Cryphia algae	2	GCA_964341545.1	reference genome	ilCryAlga1.hap1.1	Chromosome		881987931	no
3119716	Cryphia pallida	Cryphia	Noctuidae	Lepidoptera	Insecta	Arthropoda	Cryphia pallida	1	GCA_982474125.1	reference genome	ilCryPald1.hap1.1	Chromosome		860248966	no
1100962	Cryptoblabes bistriga	Cryptoblabes	Pyralidae	Lepidoptera	Insecta	Arthropoda	Cryptoblabes bistriga	2	GCA_977014725.1	reference genome	ilCryBist1.hap2.1	Chromosome		375367775	no
204949	Cryptocephalus moraei	Cryptocephalus	Chrysomelidae	Coleoptera	Insecta	Arthropoda	Cryptocephalus moraei	1	GCA_946251905.1	reference genome	icCryMora2.1	Chromosome		500544478	no
1587206	Cryptocephalus primarius	Cryptocephalus	Chrysomelidae	Coleoptera	Insecta	Arthropoda	Cryptocephalus primarius	1	GCA_963576515.1	reference genome	icCryPrim1.1	Chromosome		370993376	no
877924	Cryptocephalus pusillus	Cryptocephalus	Chrysomelidae	Coleoptera	Insecta	Arthropoda	Cryptocephalus pusillus	1	GCA_965663585.1	reference genome	icCroPusi3.1	Chromosome		312950058	no
1553241	Cryptophagus acutangulus	Cryptophagus	Cryptophagidae	Coleoptera	Insecta	Arthropoda	Cryptophagus acutangulus	1	GCA_963556235.1	reference genome	icCryAcut1.1	Chromosome		177322694	no
2778107	Cryptophyllium westwoodii	Cryptophyllium	Phylliidae	Phasmatodea	Insecta	Arthropoda	Cryptophyllium westwoodii	1	GCA_055697375.1	reference genome	ASM5569737v1	Chromosome		4119208074	no
201897	Cryptorhynchus lapathi	Cryptorhynchus	Curculionidae	Coleoptera	Insecta	Arthropoda	Cryptorhynchus lapathi	1	GCA_965641385.1	reference genome	icCryLapa1.hap1.1	Chromosome		478883289	no
494149	Cryptus armator	Cryptus	Ichneumonidae	Hymenoptera	Insecta	Arthropoda	Cryptus armator	1	GCA_963971235.1	reference genome	iyCryArma1.1	Chromosome		366664426	no
273764	Cryptus viduatorius	Cryptus	Ichneumonidae	Hymenoptera	Insecta	Arthropoda	Cryptus viduatorius	1	GCA_964006125.1	reference genome	iyCryVidu1.1	Chromosome		225366130	no
1132042	Ctenicera cuprea	Ctenicera	Elateridae	Coleoptera	Insecta	Arthropoda	Ctenicera cuprea	1	GCA_958336395.1	reference genome	icCteCupr1.1	Chromosome		647669400	no
254370	Ctenoplusia agnata	Ctenoplusia	Noctuidae	Lepidoptera	Insecta	Arthropoda	Ctenoplusia agnata	1	GCA_041146325.1	reference genome	ASM4114632v1	Chromosome		406728298	no
1594263	Cucullia asteris	Cucullia	Noctuidae	Lepidoptera	Insecta	Arthropoda	Cucullia asteris	2	GCA_988225385.1	reference genome	ilCucAste1.hap1.1	Chromosome		505479544	no
1464561	Culex laticinctus	Culex	Culicidae	Diptera	Insecta	Arthropoda	Culex laticinctus	1	GCA_964187845.1	reference genome	idCulLati1.1	Chromosome		833812495	no
545656	Culex modestus	Culex	Culicidae	Diptera	Insecta	Arthropoda	Culex modestus	1	GCA_964213205.1	reference genome	idCulMode1.1	Chromosome		697666902	no
943103	Culex perexiguus	Culex	Culicidae	Diptera	Insecta	Arthropoda	Culex perexiguus	1	GCA_964243045.1	reference genome	idCulPerx1.1	Chromosome		436181468	no
7175	Culex pipiens	Culex	Culicidae	Diptera	Insecta	Arthropoda	Culex pipiens pallens	4	GCF_016801865.2	reference genome	TS_CPP_V2	Chromosome		566339288	yes
7176	Culex quinquefasciatus	Culex	Culicidae	Diptera	Insecta	Arthropoda	Culex quinquefasciatus	2	GCF_015732765.1	reference genome	VPISU_Cqui_1.0_pri_paternal	Chromosome		573214445	yes
561267	Culex theileri	Culex	Culicidae	Diptera	Insecta	Arthropoda	Culex theileri	1	GCA_964340515.1	reference genome	idCulThei1.1	Chromosome		832043836	no
469753	Culicoides brevitarsis	Culicoides	Ceratopogonidae	Diptera	Insecta	Arthropoda	Culicoides brevitarsis	2	GCF_036172545.1	reference genome	AGI_CSIRO_Cbre_v1	Chromosome		129492607	yes
179676	Culicoides sonorensis	Culicoides	Ceratopogonidae	Diptera	Insecta	Arthropoda	Culicoides sonorensis	1	GCA_047716325.1	reference genome	idCulSono.KS.ABADRU.1.0.female	Chromosome		136849852	no
332058	Culiseta annulata	Culiseta	Culicidae	Diptera	Insecta	Arthropoda	Culiseta annulata	1	GCA_977035755.1	reference genome	idCulAnnu2.1	Chromosome		1797733427	no
876058	Cupido alcetas	Cupido	Lycaenidae	Lepidoptera	Insecta	Arthropoda	Cupido alcetas	1	GCA_964656375.1	reference genome	ilCupAlce1.hap1.1	Chromosome		493024007	no
596724	Cupido argiades	Cupido	Lycaenidae	Lepidoptera	Insecta	Arthropoda	Cupido argiades	1	GCA_964277285.1	reference genome	ilCupArgi2.hap1.1	Chromosome		445874939	no
596548	Cupido minimus	Cupido	Lycaenidae	Lepidoptera	Insecta	Arthropoda	Cupido minimus	1	GCA_965195375.1	reference genome	ilCupMini1.1	Chromosome		474388012	no
282382	Cupido osiris	Cupido	Lycaenidae	Lepidoptera	Insecta	Arthropoda	Cupido osiris	1	GCA_965112425.1	reference genome	ilCupOsir1.hap1.1	Chromosome		481430556	no
13025	Curculio caryae	Curculio	Curculionidae	Coleoptera	Insecta	Arthropoda	Curculio caryae	1	GCA_051047995.1	reference genome	icCurCary2.1	Chromosome		2169789399	no
197013	Curculio glandium	Curculio	Curculionidae	Coleoptera	Insecta	Arthropoda	Curculio glandium	1	GCA_965648435.1	reference genome	icCurGlan1.1	Chromosome		1121340361	no
2604842	Cyamophila willieti	Cyamophila	Psyllidae	Hemiptera	Insecta	Arthropoda	Cyamophila willieti	1	GCA_041222665.1	reference genome	Cwil_1.0	Chromosome		359659768	yes
988025	Cyaniris semiargus	Cyaniris	Lycaenidae	Lepidoptera	Insecta	Arthropoda	Cyaniris semiargus	1	GCA_905187585.1	reference genome	ilCyaSemi1.1	Chromosome		441504031	no
987918	Cybosia mesomella	Cybosia	Erebidae	Lepidoptera	Insecta	Arthropoda	Cybosia mesomella	1	GCA_946251805.1	reference genome	ilCybMeso1.1	Chromosome		947567172	no
505405	Cyclophora albipunctata	Cyclophora	Geometridae	Lepidoptera	Insecta	Arthropoda	Cyclophora albipunctata	1	GCA_963082685.1	reference genome	ilCycAlbi1.1	Chromosome		319399757	no
986959	Cyclophora annularia	Cyclophora	Geometridae	Lepidoptera	Insecta	Arthropoda	Cyclophora annularia	1	GCA_987569885.1	reference genome	ilCycAnnu3.1	Chromosome		273019762	no
934830	Cyclophora linearia	Cyclophora	Geometridae	Lepidoptera	Insecta	Arthropoda	Cyclophora linearia	1	GCA_965112375.1	reference genome	ilCycLine1.hap1.1	Chromosome		280217832	no
310442	Cyclophora punctaria	Cyclophora	Geometridae	Lepidoptera	Insecta	Arthropoda	Cyclophora punctaria	1	GCA_951394245.1	reference genome	ilCycPunc2.1	Chromosome		301466079	no
190339	Cyclophora puppillaria	Cyclophora	Geometridae	Lepidoptera	Insecta	Arthropoda	Cyclophora puppillaria	1	GCA_976986405.1		ilCycPupp1.hap1.1	Chromosome		295484078	no
1869771	Cydia amplana	Cydia	Tortricidae	Lepidoptera	Insecta	Arthropoda	Cydia amplana	2	GCF_948474715.1	reference genome	ilCydAmpl1.1	Chromosome		504318984	yes
1458189	Cydia fagiglandana	Cydia	Tortricidae	Lepidoptera	Insecta	Arthropoda	Cydia fagiglandana	2	GCF_963556715.1	reference genome	ilCydFagi1.1	Chromosome		555051570	yes
1594266	Cydia inquinatana	Cydia	Tortricidae	Lepidoptera	Insecta	Arthropoda	Cydia inquinatana	1	GCA_971869465.1	reference genome	ilCydInqu1.hap1.1	Chromosome		1220580922	no
1660612	Cydia pactolana	Cydia	Tortricidae	Lepidoptera	Insecta	Arthropoda	Cydia pactolana	1	GCA_976915165.1	reference genome	ilCydPact1.hap1.1	Chromosome		452166417	no
82600	Cydia pomonella	Cydia	Tortricidae	Lepidoptera	Insecta	Arthropoda	Cydia pomonella	3	GCF_033807575.1	reference genome	ilCydPomo1	Chromosome		642246045	yes
1100963	Cydia splendana	Cydia	Tortricidae	Lepidoptera	Insecta	Arthropoda	Cydia splendana	2	GCF_910591565.1	reference genome	ilCydSple1.2	Chromosome		630601649	yes
1100964	Cydia strobilella	Cydia	Tortricidae	Lepidoptera	Insecta	Arthropoda	Cydia strobilella	2	GCF_947568885.1	reference genome	ilCydStro3.1	Chromosome		542588748	yes
1690321	Cylindromyia interrupta	Cylindromyia	Tachinidae	Diptera	Insecta	Arthropoda	Cylindromyia interrupta	1	GCA_984089045.1	reference genome	idCylInte1.hap1.1	Chromosome		819125866	no
2881813	Cylloceria caligata	Cylloceria	Ichneumonidae	Hymenoptera	Insecta	Arthropoda	Cylloceria caligata	1	GCA_963942595.1	reference genome	iyCylCali1.1	Chromosome		596249907	no
1101074	Cymatophorima diluta	Cymatophorima	Drepanidae	Lepidoptera	Insecta	Arthropoda	Cymatophorima diluta	1	GCA_986264775.1	reference genome	ilCymDilt1.hap1.1	Chromosome		410072654	no
1875022	Cymbalophora pudica	Cymbalophora	Erebidae	Lepidoptera	Insecta	Arthropoda	Cymbalophora pudica	1	GCA_964277295.1	reference genome	ilCymPudi1.hap1.1	Chromosome		814974761	no
1553252	Cynaeus angustus	Cynaeus	Tenebrionidae	Coleoptera	Insecta	Arthropoda	Cynaeus angustus	1	GCA_030157275.1	reference genome	icCynAngu1.1	Chromosome		236991183	no
141376	Cynomya mortuorum	Cynomya	Calliphoridae	Diptera	Insecta	Arthropoda	Cynomya mortuorum	1	GCA_987270445.1	reference genome	idCynMort1.hap1.1	Chromosome		608993787	no
3163543	Cyphopterum fauveli	Cyphopterum	Flatidae	Hemiptera	Insecta	Arthropoda	Cyphopterum fauveli	1	GCA_978021815.1	reference genome	ihCypFauv1.hap1.1	Chromosome		1202282383	no
1545302	Cyphostethus tristriatus	Cyphostethus	Acanthosomatidae	Hemiptera	Insecta	Arthropoda	Cyphostethus tristriatus	1	GCA_976982355.1	reference genome	ihCypTris2.1	Chromosome		584023683	no
2881815	Cyrtopogon pulchripes	Cyrtopogon	Asilidae	Diptera	Insecta	Arthropoda	Cyrtopogon pulchripes	1	GCA_971800845.1	reference genome	idCyrPulc1.hap1.1	Chromosome		1370561012	no
1032904	Cyrtorhinus lividipennis	Cyrtorhinus	Miridae	Hemiptera	Insecta	Arthropoda	Cyrtorhinus lividipennis	1	GCA_019603395.1	reference genome	ASM1960339v1	Chromosome		345739711	no
1892066	Cyrtotrachelus buqueti	Cyrtotrachelus	Curculionidae	Coleoptera	Insecta	Arthropoda	Cyrtotrachelus buqueti	1	GCA_056777075.1	reference genome	ASM5677707v1	Chromosome		632312319	no
765876	Dactylopius coccus	Dactylopius	Dactylopiidae	Hemiptera	Insecta	Arthropoda	Dactylopius coccus	1	GCA_977009245.1	reference genome	ihDacCocc15.1	Chromosome		360308663	no
575809	Dailognatha quadricollis	Dailognatha	Tenebrionidae	Coleoptera	Insecta	Arthropoda	Dailognatha quadricollis	2	GCA_965183915.1	reference genome	icDaiQuad1.1	Chromosome		524066671	no
74070	Dalbulus elimatus	Dalbulus	Cicadellidae	Hemiptera	Insecta	Arthropoda	Dalbulus elimatus	1	GCA_976225285.1	reference genome	ihDalElim1.hap1.1	Chromosome		1015357212	no
74065	Dalbulus maidis	Dalbulus	Cicadellidae	Hemiptera	Insecta	Arthropoda	Dalbulus maidis	1	GCA_975739785.1	reference genome	ihDalMaid1.1	Chromosome		972206121	no
1553258	Dalopius marginatus	Dalopius	Elateridae	Coleoptera	Insecta	Arthropoda	Dalopius marginatus	1	GCA_965112895.1	reference genome	icDalMarg2.1	Chromosome		831207925	no
13037	Danaus plexippus	Danaus	Nymphalidae	Lepidoptera	Insecta	Arthropoda	Danaus plexippus	4	GCF_018135715.1	reference genome	MEX_DaPlex	Chromosome		245173502	yes
285223	Dascillus cervinus	Dascillus	Dascillidae	Coleoptera	Insecta	Arthropoda	Dascillus cervinus	1	GCA_949768715.1	reference genome	icDasCerv2.1	Chromosome		282734897	no
1169899	Dastarcus helophoroides	Dastarcus	Bothrideridae	Coleoptera	Insecta	Arthropoda	Dastarcus helophoroides	1	GCA_028583605.1	reference genome	ASM2858360v1	Chromosome		538902350	no
288372	Dasypoda hirtipes	Dasypoda	Melittidae	Hymenoptera	Insecta	Arthropoda	Dasypoda hirtipes	1	GCA_982499815.1	reference genome	iyDasHirt1.1	Chromosome		362040488	no
987919	Dasypolia templi	Dasypolia	Noctuidae	Lepidoptera	Insecta	Arthropoda	Dasypolia templi	1	GCA_963555695.1	reference genome	ilDasTemp1.1	Chromosome		855270231	no
414801	Dasysyrphus albostriatus	Dasysyrphus	Syrphidae	Diptera	Insecta	Arthropoda	Dasysyrphus albostriatus	1	GCA_946251815.1	reference genome	idDasAlbo1.1	Chromosome		662539497	no
1244581	Dasysyrphus tricinctus	Dasysyrphus	Syrphidae	Diptera	Insecta	Arthropoda	Dasysyrphus tricinctus	1	GCA_963921185.1	reference genome	idDasTrii1.1	Chromosome		1054864930	no
470614	Decticus albifrons	Decticus	Tettigoniidae	Orthoptera	Insecta	Arthropoda	Decticus albifrons	1	GCA_971833225.1	reference genome	iqDecAlbi3.1	Chromosome		6526031816	no
283834	Deilephila elpenor	Deilephila	Sphingidae	Lepidoptera	Insecta	Arthropoda	Deilephila elpenor	1	GCA_949752805.1	reference genome	ilDeiElpe2.1	Chromosome		414050916	no
644661	Deilephila porcellus	Deilephila	Sphingidae	Lepidoptera	Insecta	Arthropoda	Deilephila porcellus	1	GCA_905220455.2	reference genome	ilDeiPorc1.2	Chromosome		402056583	no
30064	Delia radicum	Delia	Anthomyiidae	Diptera	Insecta	Arthropoda	Delia radicum	2	GCA_979463655.1	reference genome	idDelRadi1.hap1.1	Chromosome		1264219263	no
1870621	Delplanqueia inscriptella	Delplanqueia	Pyralidae	Lepidoptera	Insecta	Arthropoda	Delplanqueia inscriptella	1	GCA_979326695.1	reference genome	ilDelInsc2.hap1.1	Chromosome		697643016	no
753172	Deltote uncula	Deltote	Noctuidae	Lepidoptera	Insecta	Arthropoda	Deltote uncula	1	GCA_977014735.1	reference genome	ilDelUncu1.hap1.1	Chromosome		627462754	no
1918230	Demoticus plebejus	Demoticus	Tachinidae	Diptera	Insecta	Arthropoda	Demoticus plebejus	1	GCA_977927385.1	reference genome	idDemPleb1.hap1.1	Chromosome		770327137	no
2712997	Dendarus foraminosus	Dendarus	Tenebrionidae	Coleoptera	Insecta	Arthropoda	Dendarus foraminosus	1	GCA_965152765.1	reference genome	icDenFora10.1	Chromosome		593951423	no
77161	Dendroctonus frontalis	Dendroctonus	Curculionidae	Coleoptera	Insecta	Arthropoda	Dendroctonus frontalis	1	GCA_040113315.1	reference genome	ASM4011331v1	Chromosome		173601287	no
77166	Dendroctonus ponderosae	Dendroctonus	Curculionidae	Coleoptera	Insecta	Arthropoda	Dendroctonus ponderosae	6	GCA_061561545.1		ASM61561545v1	Chromosome		237579687	no
765132	Dendrolimus houi	Dendrolimus	Lasiocampidae	Lepidoptera	Insecta	Arthropoda	Dendrolimus houi	1	GCA_039645545.1	reference genome	ASM3964554v1	Chromosome		663131350	no
765133	Dendrolimus kikuchii	Dendrolimus	Lasiocampidae	Lepidoptera	Insecta	Arthropoda	Dendrolimus kikuchii	1	GCA_019925095.2	reference genome	A622	Chromosome		705515768	yes
151304	Dendrolimus pini	Dendrolimus	Lasiocampidae	Lepidoptera	Insecta	Arthropoda	Dendrolimus pini	1	GCA_949752895.1	reference genome	ilDenPini1.1	Chromosome		611132046	no
238572	Dendrolimus punctatus	Dendrolimus	Lasiocampidae	Lepidoptera	Insecta	Arthropoda	Dendrolimus punctatus	1	GCA_012273795.1	reference genome	ASM1227379v1	Chromosome		614070971	no
420341	Dendrolimus sibiricus	Dendrolimus	Lasiocampidae	Lepidoptera	Insecta	Arthropoda	Dendrolimus sibiricus	1	GCA_046627935.1	reference genome	ISEA_Dsib_1.0	Chromosome		611731842	no
416556	Dendrolimus tabulaeformis	Dendrolimus	Lasiocampidae	Lepidoptera	Insecta	Arthropoda	Dendrolimus tabulaeformis	1	GCA_042997425.1	reference genome	ASM4299742v1	Chromosome		584920419	no
1030662	Dendrothrips minowai	Dendrothrips	Thripidae	Thysanoptera	Insecta	Arthropoda	Dendrothrips minowai	1	GCA_046868235.1	reference genome	ASM4686823v1	Chromosome		350114598	no
1100966	Denisia stipella	Denisia	Oecophoridae	Lepidoptera	Insecta	Arthropoda	Denisia stipella	1	GCA_965637195.1	reference genome	ilDenStip2.hap1.1	Chromosome		600210954	no
333879	Denticollis linearis	Denticollis	Elateridae	Coleoptera	Insecta	Arthropoda	Denticollis linearis	1	GCA_964205235.1	reference genome	icDenLine1.1	Chromosome		1601175470	no
1448897	Depressaria daucella	Depressaria	Depressariidae	Lepidoptera	Insecta	Arthropoda	Depressaria daucella	1	GCA_976954725.1	reference genome	ilDepDauc1.hap1.1	Chromosome		467823665	no
1858003	Depressaria douglasella	Depressaria	Depressariidae	Lepidoptera	Insecta	Arthropoda	Depressaria douglasella	1	GCA_986176505.1	reference genome	ilDepDoug3.hap1.1	Chromosome		384578109	no
627735	Deroplatys truncata	Deroplatys	Mantidae	Mantodea	Insecta	Arthropoda	Deroplatys truncata	1	GCA_030765065.1	reference genome	ASM3076506v1	Chromosome		4290777887	no
1918232	Dexiosoma caninum	Dexiosoma	Tachinidae	Diptera	Insecta	Arthropoda	Dexiosoma caninum	1	GCA_963924685.1	reference genome	idDexCann1.1	Chromosome		517069627	no
107213	Diabrotica balteata	Diabrotica	Chrysomelidae	Coleoptera	Insecta	Arthropoda	Diabrotica balteata	1	GCA_918026665.1	reference genome	PGI_DIABBA_v3	Chromosome		1607257046	yes
50387	Diabrotica undecimpunctata	Diabrotica	Chrysomelidae	Coleoptera	Insecta	Arthropoda	Diabrotica undecimpunctata	2	GCF_040954645.1	reference genome	icDiaUnde3	Chromosome		1742964013	yes
50389	Diabrotica virgifera	Diabrotica	Chrysomelidae	Coleoptera	Insecta	Arthropoda	Diabrotica virgifera virgifera	2	GCF_917563875.1	reference genome	PGI_DIABVI_V3a	Chromosome		2533404242	yes
58733	Diachasmimorpha longicaudata	Diachasmimorpha	Braconidae	Hymenoptera	Insecta	Arthropoda	Diachasmimorpha longicaudata	2	GCF_034640455.1	reference genome	iyDiaLong2	Chromosome		194452999	yes
179674	Diachrysia chrysitis	Diachrysia	Noctuidae	Lepidoptera	Insecta	Arthropoda	Diachrysia chrysitis	1	GCA_932294365.1	reference genome	ilDiaChry1.1	Chromosome		386364714	no
254378	Diachrysia stenochrysis	Diachrysia	Noctuidae	Lepidoptera	Insecta	Arthropoda	Diachrysia stenochrysis	2	GCA_977964125.1	reference genome	ilDiaSten1.hap1.1	Chromosome		392508652	no
464721	Diacrisia sannio	Diacrisia	Erebidae	Lepidoptera	Insecta	Arthropoda	Diacrisia sannio	2	GCA_965282695.1	reference genome	ilDiaSann1.hap2.1	Chromosome		724101684	no
310001	Diadegma fenestrale	Diadegma	Ichneumonidae	Hymenoptera	Insecta	Arthropoda	Diadegma fenestrale	1	GCA_037043255.1	reference genome	ASM3704325v1	Chromosome		221095588	no
560722	Diadocidia ferruginosa	Diadocidia	Diadocidiidae	Diptera	Insecta	Arthropoda	Diadocidia ferruginosa	1	GCA_987562535.1	reference genome	idDiaFerr1.hap1.1	Chromosome		482097235	no
984905	Diamesa hyperborea	Diamesa	Chironomidae	Diptera	Insecta	Arthropoda	Diamesa hyperborea	1	GCA_975301275.1	reference genome	idDiaHype1.1.h1	Chromosome		104918785	yes
3021724	Diamesa lindrothi	Diamesa	Chironomidae	Diptera	Insecta	Arthropoda	Diamesa lindrothi	1	GCA_982524305.1	reference genome	idDiaLind1.1.hap1	Chromosome		105867279	yes
2578515	Diamesa serratosioi	Diamesa	Chironomidae	Diptera	Insecta	Arthropoda	Diamesa serratosioi	1	GCA_975302115.1	reference genome	idDiaSerr1.1.h2	Chromosome		98976556	yes
1751538	Diamesa tonsa	Diamesa	Chironomidae	Diptera	Insecta	Arthropoda	Diamesa tonsa	1	GCA_975301885.1	reference genome	idDiaTons1.1.h2	Chromosome		104481022	yes
1581339	Dianemobius fascipes	Dianemobius	Trigonidiidae	Orthoptera	Insecta	Arthropoda	Dianemobius fascipes	1	GCA_053455685.1	reference genome	ASM5345568v1	Chromosome		1674636833	no
209010	Dianemobius nigrofasciatus	Dianemobius	Trigonidiidae	Orthoptera	Insecta	Arthropoda	Dianemobius nigrofasciatus	1	GCA_060287425.1	reference genome	Dnig_1.0	Chromosome		1452621196	no
433215	Diaperis boleti	Diaperis	Tenebrionidae	Coleoptera	Insecta	Arthropoda	Diaperis boleti	1	GCA_963583935.1	reference genome	icDiaBole1.1	Chromosome		542623182	no
987922	Diaphora mendica	Diaphora	Erebidae	Lepidoptera	Insecta	Arthropoda	Diaphora mendica	1	GCA_949125395.1	reference genome	ilDiaMend1.1	Chromosome		748667298	no
121845	Diaphorina citri	Diaphorina	Psyllidae	Hemiptera	Insecta	Arthropoda	Diaphorina citri	1	GCA_044336275.1		Diaci v3.0	Chromosome		470000869	no
987923	Diarsia brunnea	Diarsia	Noctuidae	Lepidoptera	Insecta	Arthropoda	Diarsia brunnea	1	GCA_949774965.1	reference genome	ilDiaBrun1.1	Chromosome		586774993	no
1804828	Diarsia dahlii	Diarsia	Noctuidae	Lepidoptera	Insecta	Arthropoda	Diarsia dahlii	1	GCA_949775195.1	reference genome	ilDiaDahl1.1	Chromosome		682968571	no
987924	Diarsia mendica	Diarsia	Noctuidae	Lepidoptera	Insecta	Arthropoda	Diarsia mendica	1	GCA_949316265.1	reference genome	ilDiaMeni1.1	Chromosome		727937164	no
987925	Diarsia rubi	Diarsia	Noctuidae	Lepidoptera	Insecta	Arthropoda	Diarsia rubi	1	GCA_932274075.1	reference genome	ilDiaRubi1.1	Chromosome		624913938	no
1594274	Diasemia reticularis	Diasemia	Crambidae	Lepidoptera	Insecta	Arthropoda	Diasemia reticularis	1	GCA_977013365.1	reference genome	ilDiaReti1.hap1.1	Chromosome		611936342	no
40085	Diatraea saccharalis	Diatraea	Crambidae	Lepidoptera	Insecta	Arthropoda	Diatraea saccharalis	1	GCA_918026875.4	reference genome	PGI_DIATSA_v4	Chromosome		507694123	yes
987471	Dicallomera fascelina	Dicallomera	Erebidae	Lepidoptera	Insecta	Arthropoda	Dicallomera fascelina	1	GCA_976984565.1	reference genome	ilDicFasc1.hap1.1	Chromosome		857742702	no
1226583	Dichetophora obliterata	Dichetophora	Sciomyzidae	Diptera	Insecta	Arthropoda	Dichetophora obliterata	1	GCA_963920525.1	reference genome	idDicObli2.1	Chromosome		1312793690	no
753173	Dichomeris juniperella	Dichomeris	Gelechiidae	Lepidoptera	Insecta	Arthropoda	Dichomeris juniperella	1	GCA_976225245.1	reference genome	ilDicJuni1.hap1.1	Chromosome		318575410	no
1100968	Dichomeris latipennella	Dichomeris	Gelechiidae	Lepidoptera	Insecta	Arthropoda	Dichomeris latipennella	1	GCA_976227265.1	reference genome	ilDicLati1.hap1.1	Chromosome		562795658	no
1594275	Dichomeris limosellus	Dichomeris	Gelechiidae	Lepidoptera	Insecta	Arthropoda	Dichomeris limosellus	1	GCA_988221855.1	reference genome	ilDicLims1.hap1.1	Chromosome		406514642	no
1869806	Dichomeris marginella	Dichomeris	Gelechiidae	Lepidoptera	Insecta	Arthropoda	Dichomeris marginella	1	GCA_977013505.1		ilDicMarg1.hap1.1	Chromosome		292535699	no
1858007	Dichomeris rasilella	Dichomeris	Gelechiidae	Lepidoptera	Insecta	Arthropoda	Dichomeris rasilella	1	GCA_987195755.1	reference genome	ilDicRasi2.1	Chromosome		431368142	no
1869808	Dichrorampha acuminatana	Dichrorampha	Tortricidae	Lepidoptera	Insecta	Arthropoda	Dichrorampha acuminatana	2	GCA_965278155.1	reference genome	ilDicAcui1.hap1.1	Chromosome		892119309	no
1858008	Dichrorampha aeratana	Dichrorampha	Tortricidae	Lepidoptera	Insecta	Arthropoda	Dichrorampha aeratana	1	GCA_971874695.1	reference genome	ilDicAera1.hap1.1	Chromosome		1108050444	no
2561210	Dichrorampha agilana	Dichrorampha	Tortricidae	Lepidoptera	Insecta	Arthropoda	Dichrorampha agilana	1	GCA_976225225.1	reference genome	ilDicAgil1.hap1.1	Chromosome		1078750106	no
2561213	Dichrorampha consortana	Dichrorampha	Tortricidae	Lepidoptera	Insecta	Arthropoda	Dichrorampha consortana	1	GCA_985558015.1	reference genome	ilDicCons1.hap1.1	Chromosome		944339712	no
1858009	Dichrorampha obscuratana	Dichrorampha	Tortricidae	Lepidoptera	Insecta	Arthropoda	Dichrorampha obscuratana	1	GCA_971861855.1	reference genome	ilDicObsc2.hap1.1	Chromosome		1110833410	no
1847356	Dichrorampha petiverella	Dichrorampha	Tortricidae	Lepidoptera	Insecta	Arthropoda	Dichrorampha petiverella	1	GCA_971875875.1	reference genome	ilDicPeti1.hap1.1	Chromosome		1073852344	no
2561216	Dichrorampha plumbagana	Dichrorampha	Tortricidae	Lepidoptera	Insecta	Arthropoda	Dichrorampha plumbagana	1	GCA_977020425.1	reference genome	ilDicPlum1.hap1.1	Chromosome		1068480078	no
2561217	Dichrorampha plumbana	Dichrorampha	Tortricidae	Lepidoptera	Insecta	Arthropoda	Dichrorampha plumbana	2	GCA_977090025.1	reference genome	ilDicPlub1.hap1.1	Chromosome		1252732407	no
2561218	Dichrorampha sequana	Dichrorampha	Tortricidae	Lepidoptera	Insecta	Arthropoda	Dichrorampha sequana	1	GCA_978407275.1	reference genome	ilDicSequ4.hap1.1	Chromosome		974344753	no
1666525	Dichrorampha vancouverana	Dichrorampha	Tortricidae	Lepidoptera	Insecta	Arthropoda	Dichrorampha vancouverana	1	GCA_965669695.1	reference genome	ilDicVanc1.hap1.1	Chromosome		986929296	no
2203729	Dicraeus fennicus	Dicraeus	Chloropidae	Diptera	Insecta	Arthropoda	Dicraeus fennicus	1	GCA_965648445.1	reference genome	idDicFenn1.1	Chromosome		724332753	no
1858094	Dicycla oo	Dicycla	Noctuidae	Lepidoptera	Insecta	Arthropoda	Dicycla oo	1	GCA_948252095.1	reference genome	ilDicOoxx2.1	Chromosome		936702010	no
2561220	Digitivalva pulicariae	Digitivalva	Plutellidae	Lepidoptera	Insecta	Arthropoda	Digitivalva pulicariae	1	GCA_965363005.2	reference genome	ilDigPuli1.hap1.2	Chromosome		377096903	no
987926	Diloba caeruleocephala	Diloba	Noctuidae	Lepidoptera	Insecta	Arthropoda	Diloba caeruleocephala	1	GCA_947459985.1	reference genome	ilDilCaer1.1	Chromosome		762516417	no
52734	Dilophus febrilis	Dilophus	Bibionidae	Diptera	Insecta	Arthropoda	Dilophus febrilis	1	GCA_958336335.1	reference genome	idDilFebr1.1	Chromosome		305558315	no
1086758	Dilophus femoratus	Dilophus	Bibionidae	Diptera	Insecta	Arthropoda	Dilophus femoratus	1	GCA_977927335.1	reference genome	idDilFemo2.hap1.1	Chromosome		416837383	no
144245	Dinocampus coccinellae	Dinocampus	Braconidae	Hymenoptera	Insecta	Arthropoda	Dinocampus coccinellae	1	GCA_963920625.1	reference genome	iyDinCocc1.1	Chromosome		110449871	no
441509	Dinocras cephalotes	Dinocras	Perlidae	Plecoptera	Insecta	Arthropoda	Dinocras cephalotes	1	GCA_965637155.1	reference genome	ipDinCeph2.hap1.1	Chromosome		1983178378	no
1890997	Dioctria baumhaueri	Dioctria	Asilidae	Diptera	Insecta	Arthropoda	Dioctria baumhaueri	2	GCA_965653115.1	reference genome	idDioBaum1.hap1.1	Chromosome		1692240899	no
1717392	Dioctria linearis	Dioctria	Asilidae	Diptera	Insecta	Arthropoda	Dioctria linearis	1	GCA_963930735.1	reference genome	idDioLine1.1	Chromosome		1613167115	no
468723	Dioctria rufipes	Dioctria	Asilidae	Diptera	Insecta	Arthropoda	Dioctria rufipes	1	GCA_963924295.1	reference genome	idDioRufi1.1	Chromosome		1451570944	no
2715158	Diogma glabrata	Diogma	Cylindrotomidae	Diptera	Insecta	Arthropoda	Diogma glabrata	1	GCA_963693315.1	reference genome	idDioGlab1.1	Chromosome		1328682309	no
1163344	Diorhabda carinata	Diorhabda	Chrysomelidae	Coleoptera	Insecta	Arthropoda	Diorhabda carinata	1	GCA_029229535.1	reference genome	icDioCarn1.1	Chromosome		449895081	no
1163345	Diorhabda carinulata	Diorhabda	Chrysomelidae	Coleoptera	Insecta	Arthropoda	Diorhabda carinulata	3	GCF_026250575.1	reference genome	icDioCari1.1	Chromosome		415369604	yes
217247	Diorhabda elongata	Diorhabda	Chrysomelidae	Coleoptera	Insecta	Arthropoda	Diorhabda elongata	1	GCA_026230145.1	reference genome	icDioElon1.1	Chromosome		485337276	no
1163346	Diorhabda sublineata	Diorhabda	Chrysomelidae	Coleoptera	Insecta	Arthropoda	Diorhabda sublineata	2	GCF_026230105.1	reference genome	icDioSubl1.1	Chromosome		456219552	yes
305662	Dioryctria abietella	Dioryctria	Pyralidae	Lepidoptera	Insecta	Arthropoda	Dioryctria abietella	1	GCA_977930225.1	reference genome	ilDioAbie1.hap1.1	Chromosome		715157240	no
500707	Dioryctria mendacella	Dioryctria	Pyralidae	Lepidoptera	Insecta	Arthropoda	Dioryctria mendacella	1	GCA_964374295.1	reference genome	ilDioMend1.hap1.1	Chromosome		801360535	no
500708	Dioryctria simplicella	Dioryctria	Pyralidae	Lepidoptera	Insecta	Arthropoda	Dioryctria simplicella	1	GCA_988143885.1	reference genome	ilDioSimp1.hap1.1	Chromosome		765473906	no
65311	Diplazon laetatorius	Diplazon	Ichneumonidae	Hymenoptera	Insecta	Arthropoda	Diplazon laetatorius	1	GCA_963662125.1	reference genome	iyDipLaet1.1	Chromosome		251011704	no
433040	Diplocoelus fagi	Diplocoelus	Biphyllidae	Coleoptera	Insecta	Arthropoda	Diplocoelus fagi	1	GCA_975146085.1	reference genome	icDipFagi1.hap1.1	Chromosome		1695924577	no
362088	Diprion similis	Diprion	Diprionidae	Hymenoptera	Insecta	Arthropoda	Diprion similis	2	GCF_021155765.1	reference genome	iyDipSimi1.1	Chromosome		270225736	yes
1498004	Distenia gracilis	Distenia	Cerambycidae	Coleoptera	Insecta	Arthropoda	Distenia gracilis	1	GCA_055671715.1	reference genome	Dgra_1.0	Chromosome		1835744894	no
572840	Ditula angustiorana	Ditula	Tortricidae	Lepidoptera	Insecta	Arthropoda	Ditula angustiorana	1	GCA_963691745.1	reference genome	ilDitAngu1.1	Chromosome		468362281	no
753308	Diurnea fagella	Diurnea	Lypusidae	Lepidoptera	Insecta	Arthropoda	Diurnea fagella	1	GCA_964059355.1	reference genome	ilDiuFage2.1	Chromosome		662696560	no
1594279	Diurnea lipsiella	Diurnea	Lypusidae	Lepidoptera	Insecta	Arthropoda	Diurnea lipsiella	1	GCA_964258865.1	reference genome	ilDiuLips1.hap1.1	Chromosome		709063898	no
2870500	Dixa nubilipennis	Dixa	Dixidae	Diptera	Insecta	Arthropoda	Dixa nubilipennis	1	GCA_982345085.2	reference genome	idDixNubi2.hap1.2	Chromosome		211906117	no
1086284	Dolbina elegans	Dolbina	Sphingidae	Lepidoptera	Insecta	Arthropoda	Dolbina elegans	1	GCA_977013115.1	reference genome	ilDolEleg1.1	Chromosome		431432458	no
1384818	Dolerus asper	Dolerus	Tenthredinidae	Hymenoptera	Insecta	Arthropoda	Dolerus asper	1	GCA_984589175.1	reference genome	iyDolAspe1.hap1.1	Chromosome		264605338	no
1384835	Dolerus haematodes	Dolerus	Tenthredinidae	Hymenoptera	Insecta	Arthropoda	Dolerus haematodes	2	GCA_984806795.1	reference genome	iyDolHaem1.hap1.1	Chromosome		292664035	no
1384840	Dolerus madidus	Dolerus	Tenthredinidae	Hymenoptera	Insecta	Arthropoda	Dolerus madidus	1	GCA_986267865.1	reference genome	iyDolMadi1.hap1.1	Chromosome		424041117	no
1384843	Dolerus nigratus	Dolerus	Tenthredinidae	Hymenoptera	Insecta	Arthropoda	Dolerus nigratus	1	GCA_982560505.1	reference genome	iyDolNigr1.hap1.1	Chromosome		301160969	no
1384856	Dolerus triplicatus	Dolerus	Tenthredinidae	Hymenoptera	Insecta	Arthropoda	Dolerus triplicatus	2	GCA_982500815.1	reference genome	iyDolTrip1.hap1.1	Chromosome		243492835	no
1858011	Dolicharthria punctalis	Dolicharthria	Crambidae	Lepidoptera	Insecta	Arthropoda	Dolicharthria punctalis	1	GCA_965194675.1	reference genome	ilDolPunc1.hap1.1	Chromosome		368906956	no
2881873	Dolichomitus mesocentrus	Dolichomitus	Ichneumonidae	Hymenoptera	Insecta	Arthropoda	Dolichomitus mesocentrus	1	GCA_964273575.1	reference genome	iyDolMeso1.1	Chromosome		1144959873	no
441337	Dolichopoda araneiformis	Dolichopoda	Rhaphidophoridae	Orthoptera	Insecta	Arthropoda	Dolichopoda araneiformis	1	GCA_978018455.1	reference genome	iqDolAran1.1	Chromosome		1736842136	no
327083	Dolichopus griseipennis	Dolichopus	Dolichopodidae	Diptera	Insecta	Arthropoda	Dolichopus griseipennis	1	GCA_963082915.1	reference genome	idDolGris1.1	Chromosome		897527385	no
310621	Dolichopus picipes	Dolichopus	Dolichopodidae	Diptera	Insecta	Arthropoda	Dolichopus picipes	1	GCA_982319375.1	reference genome	idDolPici1.hap1.1	Chromosome		947270939	no
2998528	Dolichopus virgultorum	Dolichopus	Dolichopodidae	Diptera	Insecta	Arthropoda	Dolichopus virgultorum	1	GCA_965140195.1	reference genome	idDolVirg1.hap1.1	Chromosome		817464019	no
881891	Dolichovespula media	Dolichovespula	Vespidae	Hymenoptera	Insecta	Arthropoda	Dolichovespula media	1	GCA_911387685.1	reference genome	iyDolMedi1.1	Chromosome		247580636	no
85443	Dolichovespula saxonica	Dolichovespula	Vespidae	Hymenoptera	Insecta	Arthropoda	Dolichovespula saxonica	1	GCA_911387935.1	reference genome	iyDolSaxo1.1	Chromosome		221833836	no
85444	Dolichovespula sylvestris	Dolichovespula	Vespidae	Hymenoptera	Insecta	Arthropoda	Dolichovespula sylvestris	1	GCA_918808275.2	reference genome	iyDolSylv1.2	Chromosome		232580358	no
1858012	Donacaula forficella	Donacaula	Crambidae	Lepidoptera	Insecta	Arthropoda	Donacaula forficella	1	GCA_977930485.1	reference genome	ilDonForf1.hap1.1	Chromosome		1009789909	no
1594281	Donacaula mucronella	Donacaula	Crambidae	Lepidoptera	Insecta	Arthropoda	Donacaula mucronella	2	GCA_977018515.1	reference genome	ilDonMucr1.hap1.1	Chromosome		1062064207	no
139543	Doratura stylata	Doratura	Cicadellidae	Hemiptera	Insecta	Arthropoda	Doratura stylata	1	GCA_982382505.1	reference genome	ihDorStya1.hap1.1	Chromosome		910046325	no
618762	Dorcus hopei	Dorcus	Lucanidae	Coleoptera	Insecta	Arthropoda	Dorcus hopei	1	GCA_033060865.1	reference genome	AHU_Dhop_1.0	Chromosome		520705759	no
41107	Dorcus parallelipipedus	Dorcus	Lucanidae	Coleoptera	Insecta	Arthropoda	Dorcus parallelipipedus	1	GCA_958336345.1	reference genome	icDorPara1.1	Chromosome		470880531	no
690275	Dorysthenes granulosus	Dorysthenes	Cerambycidae	Coleoptera	Insecta	Arthropoda	Dorysthenes granulosus	1	GCA_052815825.1	reference genome	ASM5281582v1	Chromosome		1008056856	no
3478417	Doubledaya ruficollis	Doubledaya	Erotylidae	Coleoptera	Insecta	Arthropoda	Doubledaya ruficollis	1	GCA_059804115.1		Doubledaya_1	Chromosome		2577162063	yes
2682853	Drasteria caucasica	Drasteria	Erebidae	Lepidoptera	Insecta	Arthropoda	Drasteria caucasica	1	GCA_965641345.1	reference genome	ilDraCauc1.hap1.1	Chromosome		1388857006	no
104427	Drepana curvatula	Drepana	Drepanidae	Lepidoptera	Insecta	Arthropoda	Drepana curvatula	1	GCA_964345945.1	reference genome	ilDreCurv1.hap1.1	Chromosome		325775168	no
104428	Drepana falcataria	Drepana	Drepanidae	Lepidoptera	Insecta	Arthropoda	Drepana falcataria	1	GCA_945859725.1	reference genome	ilDreFalc1.1	Chromosome		326729860	no
527648	Drepanosiphum platanoidis	Drepanosiphum	Aphididae	Hemiptera	Insecta	Arthropoda	Drepanosiphum platanoidis	1	GCA_948098885.1	reference genome	ihDrePlat2.1	Chromosome		284505041	no
295522	Drilus flavescens	Drilus	Elateridae	Coleoptera	Insecta	Arthropoda	Drilus flavescens	2	GCA_973896625.1	reference genome	icDriFlav1.hap1.1	Chromosome		1008850195	no
346772	Dromius quadrimaculatus	Dromius	Carabidae	Coleoptera	Insecta	Arthropoda	Dromius quadrimaculatus	1	GCA_963989225.1	reference genome	icDroQuad1.1	Chromosome		778777306	no
3410338	Drosicha contrahens	Drosicha	Monophlebidae	Hemiptera	Insecta	Arthropoda	Drosicha contrahens	1	GCA_054252755.1	reference genome	ASM5425275v1	Chromosome		681679123	no
7246	Drosophila affinis	Drosophila	Drosophilidae	Diptera	Insecta	Arthropoda	Drosophila affinis	1	GCA_037356375.1	reference genome	KU_Daffinis_5.1	Chromosome		186973953	no
7291	Drosophila albomicans	Drosophila	Drosophilidae	Diptera	Insecta	Arthropoda	Drosophila albomicans	2	GCF_009650485.2	reference genome	ASM965048v2	Chromosome		167525814	yes
40366	Drosophila americana	Drosophila	Drosophilidae	Diptera	Insecta	Arthropoda	Drosophila americana	2	GCA_047116735.1	reference genome	ASM4711673v1	Chromosome		183577241	no
7217	Drosophila ananassae	Drosophila	Drosophilidae	Diptera	Insecta	Arthropoda	Drosophila ananassae	4	GCF_017639315.1	reference genome	ASM1763931v2	Chromosome		213817545	yes
7263	Drosophila arizonae	Drosophila	Drosophilidae	Diptera	Insecta	Arthropoda	Drosophila arizonae	2	GCA_054131065.1		UAZ_ARI_1.0	Chromosome		163519647	no
7248	Drosophila athabasca	Drosophila	Drosophilidae	Diptera	Insecta	Arthropoda	Drosophila athabasca	3	GCA_008121215.1	reference genome	UCBerk_Dath_EB_1.0	Chromosome		192660667	no
47315	Drosophila auraria	Drosophila	Drosophilidae	Diptera	Insecta	Arthropoda	Drosophila auraria	1	GCA_051940825.1	reference genome	ASM5194082v1	Chromosome		205806029	no
125945	Drosophila biarmipes	Drosophila	Drosophilidae	Diptera	Insecta	Arthropoda	Drosophila biarmipes	2	GCF_025231255.1	reference genome	RU_DBia_V1.1	Chromosome		193597863	yes
7218	Drosophila bifasciata	Drosophila	Drosophilidae	Diptera	Insecta	Arthropoda	Drosophila bifasciata	1	GCA_009664405.1	reference genome	UCBerk_Dbif_1.0	Chromosome		192749618	no
42026	Drosophila bipectinata	Drosophila	Drosophilidae	Diptera	Insecta	Arthropoda	Drosophila bipectinata	3	GCF_030179905.1	reference genome	DbipHiC1v2	Chromosome		191877550	yes
74549	Drosophila bocqueti	Drosophila	Drosophilidae	Diptera	Insecta	Arthropoda	Drosophila bocqueti	1	GCA_047116555.1		ASM4711655v1	Chromosome		172415541	no
30019	Drosophila busckii	Drosophila	Drosophilidae	Diptera	Insecta	Arthropoda	Drosophila busckii	4	GCF_011750605.1	reference genome	ASM1175060v1	Chromosome		118492362	yes
30023	Drosophila elegans	Drosophila	Drosophilidae	Diptera	Insecta	Arthropoda	Drosophila elegans	1	GCA_011057505.1		D.elegans_HK_3.0	Chromosome		294667071	no
46790	Drosophila equinoxialis	Drosophila	Drosophilidae	Diptera	Insecta	Arthropoda	Drosophila equinoxialis	1	GCA_047116475.1	reference genome	ASM4711647v1	Chromosome		221284248	no
7220	Drosophila erecta	Drosophila	Drosophilidae	Diptera	Insecta	Arthropoda	Drosophila erecta	1	GCA_047116545.1		ASM4711654v1	Chromosome		135659413	no
7221	Drosophila funebris	Drosophila	Drosophilidae	Diptera	Insecta	Arthropoda	Drosophila funebris	1	GCA_958295475.1		idDroFune2.1	Chromosome		181080082	no
103775	Drosophila gunungcola	Drosophila	Drosophilidae	Diptera	Insecta	Arthropoda	Drosophila gunungcola	2	GCF_025200985.1	reference genome	Dgunungcola_SK_2	Chromosome		189841955	yes
77129	Drosophila helvetica	Drosophila	Drosophilidae	Diptera	Insecta	Arthropoda	Drosophila helvetica	1	GCA_963969585.1	reference genome	idDroHelv2.1	Chromosome		224183749	no
198718	Drosophila histrio	Drosophila	Drosophilidae	Diptera	Insecta	Arthropoda	Drosophila histrio	1	GCA_958299025.2	reference genome	idDroHist2.2	Chromosome		189249459	no
7250	Drosophila immigrans	Drosophila	Drosophilidae	Diptera	Insecta	Arthropoda	Drosophila immigrans	3	GCA_978041835.1	reference genome	idDroImmi8.1	Chromosome		191523956	no
198719	Drosophila innubila	Drosophila	Drosophilidae	Diptera	Insecta	Arthropoda	Drosophila innubila	3	GCF_004354385.1	reference genome	UK_Dinn_1.0	Chromosome		167978031	yes
46792	Drosophila insularis	Drosophila	Drosophilidae	Diptera	Insecta	Arthropoda	Drosophila insularis	1	GCA_047116485.1	reference genome	ASM4711648v1	Chromosome		212412242	no
111875	Drosophila jambulina	Drosophila	Drosophilidae	Diptera	Insecta	Arthropoda	Drosophila jambulina	1	GCA_047116535.1	reference genome	ASM4711653v1	Chromosome		179657333	no
88882	Drosophila kepulauana	Drosophila	Drosophilidae	Diptera	Insecta	Arthropoda	Drosophila kepulauana	1	GCA_023558455.1	reference genome	ASM2355845v1	Chromosome		163752921	no
30033	Drosophila kikkawai	Drosophila	Drosophilidae	Diptera	Insecta	Arthropoda	Drosophila kikkawai	3	GCF_030179895.1	reference genome	DkikHiC1v2	Chromosome		188497101	yes
42028	Drosophila limbata	Drosophila	Drosophilidae	Diptera	Insecta	Arthropoda	Drosophila limbata	1	GCA_963924055.1	reference genome	idDroLimb2.1	Chromosome		233522359	no
47316	Drosophila littoralis	Drosophila	Drosophilidae	Diptera	Insecta	Arthropoda	Drosophila littoralis	1	GCA_047116335.1	reference genome	ASM4711633v1	Chromosome		236794385	no
7251	Drosophila lowei	Drosophila	Drosophilidae	Diptera	Insecta	Arthropoda	Drosophila lowei	1	GCA_008121275.1	reference genome	UCBerk_Dlow_1.0	Chromosome		184313494	no
30013	Drosophila madeirensis	Drosophila	Drosophilidae	Diptera	Insecta	Arthropoda	Drosophila madeirensis	1	GCA_040893045.1	reference genome	Dmadeirensis_assembly01	Chromosome		135508623	yes
30036	Drosophila malerkotliana	Drosophila	Drosophilidae	Diptera	Insecta	Arthropoda	Drosophila malerkotliana malerkotliana	2	GCA_047116305.1		ASM4711630v1	Chromosome		191317104	no
7226	Drosophila mauritiana	Drosophila	Drosophilidae	Diptera	Insecta	Arthropoda	Drosophila mauritiana	3	GCF_004382145.1	reference genome	ASM438214v1	Chromosome		152298302	yes
7227	Drosophila melanogaster	Drosophila	Drosophilidae	Diptera	Insecta	Arthropoda	Drosophila melanogaster	78	GCF_000001215.4	reference genome	Release 6 plus ISO1 MT	Chromosome		143706478	yes
7229	Drosophila miranda	Drosophila	Drosophilidae	Diptera	Insecta	Arthropoda	Drosophila miranda	2	GCF_000269505.1		DroMir_2.2	Chromosome		136728780	yes
7230	Drosophila mojavensis	Drosophila	Drosophilidae	Diptera	Insecta	Arthropoda	Drosophila mojavensis baja	3	GCA_054131185.1		UAZ_BC_1.0	Chromosome		161281634	no
42062	Drosophila nasuta	Drosophila	Drosophilidae	Diptera	Insecta	Arthropoda	Drosophila nasuta	2	GCF_023558535.2	reference genome	ASM2355853v2	Chromosome		171766801	yes
7232	Drosophila navojoa	Drosophila	Drosophilidae	Diptera	Insecta	Arthropoda	Drosophila navojoa	1	GCA_054131105.1		UAZ_NAV_1.0	Chromosome		156697941	no
7271	Drosophila nebulosa	Drosophila	Drosophilidae	Diptera	Insecta	Arthropoda	Drosophila nebulosa	1	GCA_024703675.1	reference genome	RU_Dneb_q3p	Chromosome		176556867	no
38839	Drosophila neotestacea	Drosophila	Drosophilidae	Diptera	Insecta	Arthropoda	Drosophila neotestacea	1	GCA_060227385.1	reference genome	ASM6022738v1	Chromosome		164733084	no
47314	Drosophila novamexicana	Drosophila	Drosophilidae	Diptera	Insecta	Arthropoda	Drosophila novamexicana	1	GCA_030788195.1		Dnov_AGI_RSII-ME	Chromosome		177223868	no
7282	Drosophila obscura	Drosophila	Drosophilidae	Diptera	Insecta	Arthropoda	Drosophila obscura	3	GCA_964023925.1		idDroObsc58.1	Chromosome		180726816	no
88884	Drosophila pallidifrons	Drosophila	Drosophilidae	Diptera	Insecta	Arthropoda	Drosophila pallidifrons	1	GCA_023558445.1	reference genome	ASM2355844v1	Chromosome		164659715	no
186283	Drosophila parabipectinata	Drosophila	Drosophilidae	Diptera	Insecta	Arthropoda	Drosophila parabipectinata	1	GCA_047116105.1	reference genome	ASM4711610v1	Chromosome		209868713	no
46793	Drosophila paulistorum	Drosophila	Drosophilidae	Diptera	Insecta	Arthropoda	Drosophila paulistorum	1	GCA_047116125.1		ASM4711612v1	Chromosome		256858952	no
7234	Drosophila persimilis	Drosophila	Drosophilidae	Diptera	Insecta	Arthropoda	Drosophila persimilis	2	GCA_047116115.1		ASM4711611v1	Chromosome		152834719	no
7283	Drosophila phalerata	Drosophila	Drosophilidae	Diptera	Insecta	Arthropoda	Drosophila phalerata	1	GCA_951394115.2	reference genome	idDroPhal2.2	Chromosome		223916180	no
65964	Drosophila pseudoananassae	Drosophila	Drosophilidae	Diptera	Insecta	Arthropoda	Drosophila pseudoananassae pseudoananassae	1	GCA_047116095.1	reference genome	ASM4711609v1	Chromosome		193745670	no
7237	Drosophila pseudoobscura	Drosophila	Drosophilidae	Diptera	Insecta	Arthropoda	Drosophila pseudoobscura	6	GCF_009870125.1	reference genome	UCI_Dpse_MV25	Chromosome		163266851	yes
67533	Drosophila rufa	Drosophila	Drosophilidae	Diptera	Insecta	Arthropoda	Drosophila rufa	1	GCA_047115885.1	reference genome	ASM4711588v1	Chromosome		208440671	no
129105	Drosophila santomea	Drosophila	Drosophilidae	Diptera	Insecta	Arthropoda	Drosophila santomea	2	GCF_016746245.2	reference genome	Prin_Dsan_1.1	Chromosome		146800522	yes
7238	Drosophila sechellia	Drosophila	Drosophilidae	Diptera	Insecta	Arthropoda	Drosophila sechellia	3	GCF_004382195.2	reference genome	ASM438219v2	Chromosome		153084571	yes
7240	Drosophila simulans	Drosophila	Drosophilidae	Diptera	Insecta	Arthropoda	Drosophila simulans	11	GCF_016746395.2	reference genome	Prin_Dsim_3.1	Chromosome		131663590	yes
7241	Drosophila subobscura	Drosophila	Drosophilidae	Diptera	Insecta	Arthropoda	Drosophila subobscura	6	GCF_008121235.1	reference genome	UCBerk_Dsub_1.0	Chromosome		126232139	yes
95625	Drosophila subpalustris	Drosophila	Drosophilidae	Diptera	Insecta	Arthropoda	Drosophila subpalustris	1	GCA_054883435.1	reference genome	PDG_Dspa_wgs	Chromosome		172551766	yes
1486046	Drosophila subpulchrella	Drosophila	Drosophilidae	Diptera	Insecta	Arthropoda	Drosophila subpulchrella	2	GCF_014743375.2	reference genome	RU_Dsub_v1.1	Chromosome		265153789	yes
88886	Drosophila sulfurigaster	Drosophila	Drosophilidae	Diptera	Insecta	Arthropoda	Drosophila sulfurigaster albostrigata	4	GCF_023558435.1	reference genome	ASM2355843v2	Chromosome		168251146	yes
28584	Drosophila suzukii	Drosophila	Drosophilidae	Diptera	Insecta	Arthropoda	Drosophila suzukii	8	GCF_043229965.1	reference genome	CBGP_Dsuzu_IsoJpt1.0	Chromosome		282295391	yes
29030	Drosophila takahashii	Drosophila	Drosophilidae	Diptera	Insecta	Arthropoda	Drosophila takahashii	3	GCF_030179915.1	reference genome	DtakHiC1v2	Chromosome		195929306	yes
7243	Drosophila teissieri	Drosophila	Drosophilidae	Diptera	Insecta	Arthropoda	Drosophila teissieri	3	GCF_016746235.2	reference genome	Prin_Dtei_1.1	Chromosome		149494471	yes
67534	Drosophila triauraria	Drosophila	Drosophilidae	Diptera	Insecta	Arthropoda	Drosophila triauraria	2	GCA_014170255.2	reference genome	RU_Dtri_1.1	Chromosome		195275685	no
46794	Drosophila tropicalis	Drosophila	Drosophilidae	Diptera	Insecta	Arthropoda	Drosophila tropicalis	1	GCA_047115605.1		ASM4711560v1	Chromosome		211044749	no
7244	Drosophila virilis	Drosophila	Drosophilidae	Diptera	Insecta	Arthropoda	Drosophila virilis	4	GCF_030788295.1	reference genome	Dvir_AGI_RSII-ME	Chromosome		189440335	yes
7260	Drosophila willistoni	Drosophila	Drosophilidae	Diptera	Insecta	Arthropoda	Drosophila willistoni	3	GCF_018902025.1	reference genome	UCI_dwil_1.1	Chromosome		246985538	yes
7245	Drosophila yakuba	Drosophila	Drosophilidae	Diptera	Insecta	Arthropoda	Drosophila yakuba	6	GCF_016746365.2	reference genome	Prin_Dyak_Tai18E2_2.1	Chromosome		147883098	yes
135868	Drusilla canaliculata	Drusilla	Staphylinidae	Coleoptera	Insecta	Arthropoda	Drusilla canaliculata	1	GCA_965644065.1	reference genome	icDruCana1.hap1.1	Chromosome		342065249	no
33453	Dryas iulia	Dryas	Nymphalidae	Lepidoptera	Insecta	Arthropoda	Dryas iulia moderata	1	GCA_019049465.1	reference genome	Diul.assembly.v1.1	Chromosome		440278161	no
988176	Drymonia dodonaea	Drymonia	Notodontidae	Lepidoptera	Insecta	Arthropoda	Drymonia dodonaea	1	GCA_965178025.1	reference genome	ilDryDodo1.hap1.1	Chromosome		330514582	no
988177	Drymonia obliterata	Drymonia	Notodontidae	Lepidoptera	Insecta	Arthropoda	Drymonia obliterata	2	GCA_965437455.1	reference genome	ilDryObli1.hap2.1	Chromosome		330432227	no
988178	Drymonia ruficornis	Drymonia	Notodontidae	Lepidoptera	Insecta	Arthropoda	Drymonia ruficornis	1	GCA_947859195.1	reference genome	ilDryRufi1.1	Chromosome		369594427	no
1545308	Drymus sylvaticus	Drymus	Rhyparochromidae	Hemiptera	Insecta	Arthropoda	Drymus sylvaticus	1	GCA_984577405.1	reference genome	ihDrySylv1.hap1.1	Chromosome		2148075944	no
2964684	Dryobota labecula	Dryobota	Noctuidae	Lepidoptera	Insecta	Arthropoda	Dryobota labecula	1	GCA_947523025.1	reference genome	ilDryLabe1.1	Chromosome		766976549	no
988106	Dryobotodes eremita	Dryobotodes	Noctuidae	Lepidoptera	Insecta	Arthropoda	Dryobotodes eremita	1	GCA_917490735.1	reference genome	ilDryErem1.1	Chromosome		709790899	no
1869817	Dryobotodes tenebrosa	Dryobotodes	Noctuidae	Lepidoptera	Insecta	Arthropoda	Dryobotodes tenebrosa	1	GCA_984577645.1	reference genome	ilDryTene1.hap1.1	Chromosome		581777354	no
614101	Dryococelus australis	Dryococelus	Phasmatidae	Phasmatodea	Insecta	Arthropoda	Dryococelus australis	1	GCA_029891345.1	reference genome	Daus_2.0	Chromosome		3421361566	yes
310278	Dryocosmus kuriphilus	Dryocosmus	Cynipidae	Hymenoptera	Insecta	Arthropoda	Dryocosmus kuriphilus	1	GCA_038277395.1	reference genome	ASM3827739v1	Chromosome		2283477291	no
169445	Dryomyza anilis	Dryomyza	Dryomyzidae	Diptera	Insecta	Arthropoda	Dryomyza anilis	1	GCA_951804985.1	reference genome	idDryAnil2.1	Chromosome		656604018	no
1970904	Duponchelia fovealis	Duponchelia	Crambidae	Lepidoptera	Insecta	Arthropoda	Duponchelia fovealis	1	GCA_964277135.1	reference genome	ilDupFove1.hap1.1	Chromosome		466575426	no
987927	Dypterygia scabriuscula	Dypterygia	Noctuidae	Lepidoptera	Insecta	Arthropoda	Dypterygia scabriuscula	1	GCA_981950845.1	reference genome	ilDypScab1.hap1.1	Chromosome		386143818	no
987928	Dysauxes ancilla	Dysauxes	Erebidae	Lepidoptera	Insecta	Arthropoda	Dysauxes ancilla	2	GCA_965246625.1	reference genome	ilDysAnci1.hap1.1	Chromosome		1338649455	no
753174	Dysauxes famula	Dysauxes	Erebidae	Lepidoptera	Insecta	Arthropoda	Dysauxes famula	2	GCA_965433805.1	reference genome	ilDysFamu1.hap2.1	Chromosome		1248253656	no
3411924	Dysauxes servula	Dysauxes	Erebidae	Lepidoptera	Insecta	Arthropoda	Dysauxes servula	1	GCA_984589605.1	reference genome	ilDysServ1.hap1.1	Chromosome		1061271074	no
203996	Dyscia simplicaria	Dyscia	Geometridae	Lepidoptera	Insecta	Arthropoda	Dyscia simplicaria	1	GCA_986269675.1	reference genome	ilDysSimp4.hap1.1	Chromosome		386440795	no
2561228	Dysgonia rogenhoferi	Dysgonia	Erebidae	Lepidoptera	Insecta	Arthropoda	Dysgonia rogenhoferi	2	GCA_965277395.1	reference genome	ilDysRoge1.hap2.1	Chromosome		683723907	no
468725	Dysmachus trigonus	Dysmachus	Asilidae	Diptera	Insecta	Arthropoda	Dysmachus trigonus	1	GCA_949715965.1	reference genome	idDysTrig1.1	Chromosome		450295657	no
3350242	Dyspersa apicalis	Dyspersa	Triozidae	Hemiptera	Insecta	Arthropoda	Dyspersa apicalis	1	GCA_047370795.1	reference genome	ASM4737079v1	Chromosome		594045867	no
1045598	Dyspetes luteomarginatus	Dyspetes	Ichneumonidae	Hymenoptera	Insecta	Arthropoda	Dyspetes luteomarginatus	1	GCA_963669185.1	reference genome	iyDysLute2.1	Chromosome		249596378	no
1594282	Eana incanana	Eana	Tortricidae	Lepidoptera	Insecta	Arthropoda	Eana incanana	1	GCA_964662145.1	reference genome	ilEanInca1.hap1.1	Chromosome		372325737	no
753175	Earias clorana	Earias	Nolidae	Lepidoptera	Insecta	Arthropoda	Earias clorana	1	GCA_964341335.1	reference genome	ilEarClor1.hap1.1	Chromosome		385833847	no
1869821	Earias vernana	Earias	Nolidae	Lepidoptera	Insecta	Arthropoda	Earias vernana	1	GCA_978021555.1	reference genome	ilEarVern1.Hap1.1	Chromosome		366537864	no
1178261	Earophila badiata	Earophila	Geometridae	Lepidoptera	Insecta	Arthropoda	Earophila badiata	1	GCA_964276565.1	reference genome	ilEarBadi1.hap1.1	Chromosome		417799980	no
2014018	Ecdyonurus torrentis	Ecdyonurus	Heptageniidae	Ephemeroptera	Insecta	Arthropoda	Ecdyonurus torrentis	1	GCA_949318235.1	reference genome	ieEcdTorr1.1	Chromosome		503205230	no
104457	Ecliptopera silaceata	Ecliptopera	Geometridae	Lepidoptera	Insecta	Arthropoda	Ecliptopera silaceata	1	GCA_932527185.1	reference genome	ilEclSila1.1	Chromosome		316535149	no
1518028	Ectemnius cavifrons	Ectemnius	Crabronidae	Hymenoptera	Insecta	Arthropoda	Ectemnius cavifrons	1	GCA_964023945.1	reference genome	iyEctCavi1.1	Chromosome		225310263	no
1126389	Ectemnius continuus	Ectemnius	Crabronidae	Hymenoptera	Insecta	Arthropoda	Ectemnius continuus	1	GCA_910591665.1	reference genome	iyEctCont1.1	Chromosome		260337310	no
2495015	Ectemnius lituratus	Ectemnius	Crabronidae	Hymenoptera	Insecta	Arthropoda	Ectemnius lituratus	1	GCA_910593735.2	reference genome	iyEctLitu1.2	Chromosome		235140587	no
406638	Ectobius pallidus	Ectobius	Ectobiidae	Blattodea	Insecta	Arthropoda	Ectobius pallidus	1	GCA_964059185.1	reference genome	ibEctPall1.hap1.1	Chromosome		2087550345	no
909822	Ectoedemia albifasciella	Ectoedemia	Nepticulidae	Lepidoptera	Insecta	Arthropoda	Ectoedemia albifasciella	1	GCA_988242185.1	reference genome	ilEctAlbi2.1	Chromosome		618355973	no
1070333	Ectoedemia decentella	Ectoedemia	Nepticulidae	Lepidoptera	Insecta	Arthropoda	Ectoedemia decentella	1	GCA_964235475.1	reference genome	ilEctDece2.1	Chromosome		418141872	no
572747	Ectropis crepuscularia	Ectropis	Geometridae	Lepidoptera	Insecta	Arthropoda	Ectropis crepuscularia	1	GCA_963693475.1	reference genome	ilEctCrep1.1	Chromosome		878531996	no
1530245	Ectropis grisescens	Ectropis	Geometridae	Lepidoptera	Insecta	Arthropoda	Ectropis grisescens	1	GCA_017562165.1	reference genome	ASM1756216v1	Chromosome		784886525	no
997535	Egira conspicillaris	Egira	Noctuidae	Lepidoptera	Insecta	Arthropoda	Egira conspicillaris	1	GCA_965112495.1	reference genome	ilEgiCons1.hap1.1	Chromosome		724829187	no
987929	Eilema caniola	Eilema	Erebidae	Lepidoptera	Insecta	Arthropoda	Eilema caniola	1	GCA_949126895.1	reference genome	ilEilCani1.1	Chromosome		781734843	no
987419	Eilema depressum	Eilema	Erebidae	Lepidoptera	Insecta	Arthropoda	Eilema depressum	1	GCA_914767945.1	reference genome	ilEilDepe1.1	Chromosome		622006817	no
987420	Eilema griseolum	Eilema	Erebidae	Lepidoptera	Insecta	Arthropoda	Eilema griseolum	1	GCA_963662185.1	reference genome	ilEilGris10.1	Chromosome		800205253	no
987421	Eilema lurideolum	Eilema	Erebidae	Lepidoptera	Insecta	Arthropoda	Eilema lurideolum	1	GCA_977071765.1	reference genome	ilEilLurd6.hap1.1	Chromosome		796466042	no
987422	Eilema lutarellum	Eilema	Erebidae	Lepidoptera	Insecta	Arthropoda	Eilema lutarellum	1	GCA_982935455.1	reference genome	ilEilLuta1.hap1.1	Chromosome		959650028	no
987424	Eilema sororculum	Eilema	Erebidae	Lepidoptera	Insecta	Arthropoda	Eilema sororculum	1	GCA_914829495.1	reference genome	ilEilSoro1.1	Chromosome		729401876	no
2249535	Eilicrinia cordiaria	Eilicrinia	Geometridae	Lepidoptera	Insecta	Arthropoda	Eilicrinia cordiaria	1	GCA_982374285.1	reference genome	ilEilCord1.hap1.1	Chromosome		811025313	no
913188	Elachista alpinella	Elachista	Elachistidae	Lepidoptera	Insecta	Arthropoda	Elachista alpinella	1	GCA_977012625.1	reference genome	ilElaAlpi1.hap1.1	Chromosome		304052107	no
1442282	Elachista apicipunctella	Elachista	Elachistidae	Lepidoptera	Insecta	Arthropoda	Elachista apicipunctella	1	GCA_977783135.1	reference genome	ilElaApic1.hap1.1	Chromosome		290479748	no
1858013	Elachista bedellella	Elachista	Elachistidae	Lepidoptera	Insecta	Arthropoda	Elachista bedellella	1	GCA_984589575.1	reference genome	ilElaBede1.hap1.1	Chromosome		305191325	no
1858014	Elachista cinereopunctella	Elachista	Elachistidae	Lepidoptera	Insecta	Arthropoda	Elachista cinereopunctella	2	GCA_982587095.1	reference genome	ilElaCine2.hap1.1	Chromosome		746469248	no
1442285	Elachista diederichsiella	Elachista	Elachistidae	Lepidoptera	Insecta	Arthropoda	Elachista diederichsiella	1	GCA_977012715.1	reference genome	ilElaDied1.hap1.1	Chromosome		597264608	no
1442288	Elachista eskoi	Elachista	Elachistidae	Lepidoptera	Insecta	Arthropoda	Elachista eskoi	2	GCA_977012565.1	reference genome	ilElaEsko1.hap1.1	Chromosome		448954215	no
1442294	Elachista maculicerusella	Elachista	Elachistidae	Lepidoptera	Insecta	Arthropoda	Elachista maculicerusella	1	GCA_977013205.1	reference genome	ilElaMacu1.hap1.1	Chromosome		336778636	no
388773	Elachista pollinariella	Elachista	Elachistidae	Lepidoptera	Insecta	Arthropoda	Elachista pollinariella	1	GCA_977810715.1	reference genome	ilElaPoll1.hap1.1	Chromosome		414670711	no
2561265	Elachista serricornis	Elachista	Elachistidae	Lepidoptera	Insecta	Arthropoda	Elachista serricornis	1	GCA_977012555.1	reference genome	ilElaSerr1.hap1.1	Chromosome		536095966	no
1858016	Elachista stabilella	Elachista	Elachistidae	Lepidoptera	Insecta	Arthropoda	Elachista stabilella	1	GCA_986708465.1	reference genome	ilElaStab3.hap1.1	Chromosome		580910988	no
1241351	Elachista subalbidella	Elachista	Elachistidae	Lepidoptera	Insecta	Arthropoda	Elachista subalbidella	1	GCA_977066085.1	reference genome	ilElaSuba1.hap1.1	Chromosome		368873201	no
987930	Elaphria venustula	Elaphria	Noctuidae	Lepidoptera	Insecta	Arthropoda	Elaphria venustula	1	GCA_964656345.1	reference genome	ilElaVenu1.hap1.1	Chromosome		570284602	no
1191083	Elasmostethus interstinctus	Elasmostethus	Acanthosomatidae	Hemiptera	Insecta	Arthropoda	Elasmostethus interstinctus	1	GCA_982551325.1	reference genome	ihElaInte2.1	Chromosome		752324148	no
934936	Electrophaes corylata	Electrophaes	Geometridae	Lepidoptera	Insecta	Arthropoda	Electrophaes corylata	1	GCA_947095575.1	reference genome	ilEleCory1.1	Chromosome		347537795	no
347340	Eledona agricola	Eledona	Tenebrionidae	Coleoptera	Insecta	Arthropoda	Eledona agricola	1	GCA_964023215.2	reference genome	icEleAgri1.2	Chromosome		358828599	no
1101167	Elegia similella	Elegia	Pyralidae	Lepidoptera	Insecta	Arthropoda	Elegia similella	1	GCA_947532085.1	reference genome	ilEleSimi1.1	Chromosome		780449290	no
1226584	Elgiva cucularia	Elgiva	Sciomyzidae	Diptera	Insecta	Arthropoda	Elgiva cucularia	1	GCA_982374665.1	reference genome	idElgCucu4.1	Chromosome		960471208	no
186982	Elmis aenea	Elmis	Elmidae	Coleoptera	Insecta	Arthropoda	Elmis aenea	1	GCA_947652605.1	reference genome	icElmAene2.1	Chromosome		516500542	no
753177	Elophila nymphaeata	Elophila	Crambidae	Lepidoptera	Insecta	Arthropoda	Elophila nymphaeata	1	GCA_955850985.1	reference genome	ilEloNymp1.1	Chromosome		734131109	no
1254967	Elophila turbata	Elophila	Crambidae	Lepidoptera	Insecta	Arthropoda	Elophila turbata	1	GCA_977066325.1	reference genome	Eturbata_v1	Chromosome		514317879	no
1208769	Embia tyrrhenica	Embia	Embiidae	Embioptera	Insecta	Arthropoda	Embia tyrrhenica	1	GCA_965644375.1	reference genome	ipEmbTyrr5.hap1.1	Chromosome		2563847327	no
938230	Emmelia trabealis	Emmelia	Noctuidae	Lepidoptera	Insecta	Arthropoda	Emmelia trabealis	1	GCA_964291695.1	reference genome	ilEmmTrab1.hap1.1	Chromosome		550303188	no
467774	Emmelina monodactyla	Emmelina	Pterophoridae	Lepidoptera	Insecta	Arthropoda	Emmelina monodactyla	1	GCA_916618145.1	reference genome	ilEmmMono1.1	Chromosome		312395474	no
559673	Emmesomyia grisea	Emmesomyia	Anthomyiidae	Diptera	Insecta	Arthropoda	Emmesomyia grisea	1	GCA_982345055.1	reference genome	idEmmGris2.1	Chromosome		1186936895	no
178772	Empis livida	Empis	Empididae	Diptera	Insecta	Arthropoda	Empis livida	1	GCA_963932195.1	reference genome	idEmpLivi1.1	Chromosome		291246278	no
2715216	Empis opaca	Empis	Empididae	Diptera	Insecta	Arthropoda	Empis opaca	1	GCA_965283295.1	reference genome	idEmpOpac1.hap1.1	Chromosome		542879565	no
2484550	Empis stercorea	Empis	Empididae	Diptera	Insecta	Arthropoda	Empis stercorea	1	GCA_949752835.1	reference genome	idEmpSter1.1	Chromosome		342119506	no
139595	Empoasca fabae	Empoasca	Cicadellidae	Hemiptera	Insecta	Arthropoda	Empoasca fabae	1	GCA_057929975.1	reference genome	EFab_1.0	Chromosome		908556302	no
2033273	Empusa pennicornis	Empusa	Empusidae	Mantodea	Insecta	Arthropoda	Empusa pennicornis	1	GCA_976940595.1	reference genome	imEmpPeni1.1	Chromosome		2199512232	no
987931	Enargia paleacea	Enargia	Noctuidae	Lepidoptera	Insecta	Arthropoda	Enargia paleacea	2	GCA_965378805.1	reference genome	ilEnaPale1.hap1.1	Chromosome		813659180	no
32400	Encarsia formosa	Encarsia	Aphelinidae	Hymenoptera	Insecta	Arthropoda	Encarsia formosa	1	GCA_038277355.1	reference genome	ASM3827735v1	Chromosome		450754598	no
121815	Encarsia sophia	Encarsia	Aphelinidae	Hymenoptera	Insecta	Arthropoda	Encarsia sophia	1	GCA_041053325.1	reference genome	ASM4105332v1	Chromosome		398236794	no
3366363	Endomychus armeniacus	Endomychus	Endomychidae	Coleoptera	Insecta	Arthropoda	Endomychus armeniacus	1	GCA_977013105.1	reference genome	icEndArme8.1	Chromosome		577674904	no
295833	Endomychus coccineus	Endomychus	Endomychidae	Coleoptera	Insecta	Arthropoda	Endomychus coccineus	1	GCA_958510875.1	reference genome	icEndCocc1.1	Chromosome		906428809	no
1030483	Endothenia marginana	Endothenia	Tortricidae	Lepidoptera	Insecta	Arthropoda	Endothenia marginana	1	GCA_982319505.1	reference genome	ilEndMarg3.hap1.1	Chromosome		864140678	no
1660621	Endothenia ustulana	Endothenia	Tortricidae	Lepidoptera	Insecta	Arthropoda	Endothenia ustulana	1	GCA_982382435.1	reference genome	ilEndUstu2.hap1.1	Chromosome		968394159	no
1101095	Endotricha flammealis	Endotricha	Pyralidae	Lepidoptera	Insecta	Arthropoda	Endotricha flammealis	1	GCA_905163395.2	reference genome	ilEndFlam1.2	Chromosome		473933762	no
119269	Endromis versicolora	Endromis	Endromidae	Lepidoptera	Insecta	Arthropoda	Endromis versicolora	1	GCA_964306285.1	reference genome	ilEndVers1.hap1.1	Chromosome		391897325	no
1888416	Endromopoda detrita	Endromopoda	Ichneumonidae	Hymenoptera	Insecta	Arthropoda	Endromopoda detrita	1	GCA_976954455.1	reference genome	iyEndDetr3.1	Chromosome		514255586	no
1830372	Endromopoda phragmitidis	Endromopoda	Ichneumonidae	Hymenoptera	Insecta	Arthropoda	Endromopoda phragmitidis	1	GCA_987570705.1	reference genome	iyEndPhra1.hap1.1	Chromosome		568983790	no
721134	Ennomos autumnarius	Ennomos	Geometridae	Lepidoptera	Insecta	Arthropoda	Ennomos autumnarius	1	GCA_977066375.1	reference genome	ilEnnAutm2.1	Chromosome		558040372	no
934814	Ennomos erosarius	Ennomos	Geometridae	Lepidoptera	Insecta	Arthropoda	Ennomos erosarius	1	GCA_963580505.1	reference genome	ilEnnEroa1.1	Chromosome		423076631	no
722662	Ennomos fuscantarius	Ennomos	Geometridae	Lepidoptera	Insecta	Arthropoda	Ennomos fuscantarius	1	GCA_905220475.3	reference genome	ilEnnFusc2.3	Chromosome		444910036	no
875883	Ennomos quercinarius	Ennomos	Geometridae	Lepidoptera	Insecta	Arthropoda	Ennomos quercinarius	1	GCA_910589525.2	reference genome	ilEnnQuei1.2	Chromosome		491868579	no
2856761	Entephria byssata	Entephria	Geometridae	Lepidoptera	Insecta	Arthropoda	Entephria byssata	1	GCA_982374365.1	reference genome	ilEntByss1.hap1.1	Chromosome		374055981	no
986964	Entephria flavicinctata	Entephria	Geometridae	Lepidoptera	Insecta	Arthropoda	Entephria flavicinctata	1	GCA_982446735.1	reference genome	ilEntFlav1.hap1.1	Chromosome		297991286	no
696902	Eocanthecona furcellata	Eocanthecona	Pentatomidae	Hemiptera	Insecta	Arthropoda	Eocanthecona furcellata	3	GCA_052550355.1	reference genome	ASM5255035v1	Chromosome		1140699769	no
1566317	Epeorus assimilis	Epeorus	Heptageniidae	Ephemeroptera	Insecta	Arthropoda	Epeorus assimilis	1	GCA_987218895.1	reference genome	ieEpeAssi1.1	Chromosome		402939987	no
1178097	Epermenia chaerophyllella	Epermenia	Epermeniidae	Lepidoptera	Insecta	Arthropoda	Epermenia chaerophyllella	1	GCA_964235415.1	reference genome	ilEpeChae1.1	Chromosome		382136644	no
753320	Epermenia illigerella	Epermenia	Epermeniidae	Lepidoptera	Insecta	Arthropoda	Epermenia illigerella	1	GCA_973838865.1	reference genome	ilEpeIlli1.hap1.1	Chromosome		356712958	no
1100977	Epermenia pontificella	Epermenia	Epermeniidae	Lepidoptera	Insecta	Arthropoda	Epermenia pontificella	1	GCA_977067405.1	reference genome	ilEpePont1.hap1.1	Chromosome		273465997	no
1097458	Ephedrus lacertosus	Ephedrus	Braconidae	Hymenoptera	Insecta	Arthropoda	Ephedrus lacertosus	1	GCA_057802365.1	reference genome	SWU_Elac_1.0	Chromosome		205937336	no
515277	Ephemera orientalis	Ephemera	Ephemeridae	Ephemeroptera	Insecta	Arthropoda	Ephemera orientalis	1	GCA_059058835.1	reference genome	ASM5905883v1	Chromosome		388463657	yes
364141	Ephemera vulgata	Ephemera	Ephemeridae	Ephemeroptera	Insecta	Arthropoda	Ephemera vulgata	2	GCA_977061575.1	reference genome	ieEphVulg1.hap2.1	Chromosome		433056972	no
1373157	Ephestia elutella	Ephestia	Pyralidae	Lepidoptera	Insecta	Arthropoda	Ephestia elutella	1	GCA_018467065.1	reference genome	Eelu-V1	Chromosome		576941106	no
1869848	Ephestia unicolorella	Ephestia	Pyralidae	Lepidoptera	Insecta	Arthropoda	Ephestia unicolorella	1	GCA_977020505.1	reference genome	ilEphUnic1.hap1.1	Chromosome		604088304	no
65333	Ephialtes manifestator	Ephialtes	Ichneumonidae	Hymenoptera	Insecta	Arthropoda	Ephialtes manifestator	1	GCA_963970395.1	reference genome	iyEphMani1.1	Chromosome		577697262	no
1869849	Epiblema cirsiana	Epiblema	Tortricidae	Lepidoptera	Insecta	Arthropoda	Epiblema cirsiana	1	GCA_964346515.1	reference genome	ilEpiCirs1.hap1.1	Chromosome		592102068	no
1869850	Epiblema costipunctana	Epiblema	Tortricidae	Lepidoptera	Insecta	Arthropoda	Epiblema costipunctana	1	GCA_964291015.1	reference genome	ilEpiCost1.hap1.1	Chromosome		896909293	no
1100979	Epiblema foenella	Epiblema	Tortricidae	Lepidoptera	Insecta	Arthropoda	Epiblema foenella	1	GCA_963556455.1	reference genome	ilEpiFoen1.1	Chromosome		649834963	no
1594290	Epiblema grandaevana	Epiblema	Tortricidae	Lepidoptera	Insecta	Arthropoda	Epiblema grandaevana	1	GCA_976227175.1	reference genome	ilEpiGran1.hap1.1	Chromosome		595911508	no
1100980	Epiblema scutulana	Epiblema	Tortricidae	Lepidoptera	Insecta	Arthropoda	Epiblema scutulana	1	GCA_964662165.1	reference genome	ilEpiScut1.hap1.1	Chromosome		609820696	no
1594291	Epiblema sticticana	Epiblema	Tortricidae	Lepidoptera	Insecta	Arthropoda	Epiblema sticticana	1	GCA_976227255.1	reference genome	ilEpiStic1.hap1.1	Chromosome		710458189	no
569040	Epicampocera succincta	Epicampocera	Tachinidae	Diptera	Insecta	Arthropoda	Epicampocera succincta	1	GCA_932526305.1	reference genome	idEpiSucc1.1	Chromosome		398107694	no
691109	Epicopeia hainesii	Epicopeia	Epicopeiidae	Lepidoptera	Insecta	Arthropoda	Epicopeia hainesii	1	GCA_056506125.1	reference genome	ASM5650612v1	Chromosome		347078814	no
753137	Epicopeia mencia	Epicopeia	Epicopeiidae	Lepidoptera	Insecta	Arthropoda	Epicopeia mencia	1	GCA_056506155.1	reference genome	ASM5650615v1	Chromosome		326169505	no
1594292	Epinotia abbreviana	Epinotia	Tortricidae	Lepidoptera	Insecta	Arthropoda	Epinotia abbreviana	1	GCA_986419195.1	reference genome	ilEpiAbbr2.hap1.1	Chromosome		504176078	no
1594293	Epinotia bilunana	Epinotia	Tortricidae	Lepidoptera	Insecta	Arthropoda	Epinotia bilunana	1	GCA_947049275.1	reference genome	ilEpiBilu1.1	Chromosome		659028177	no
2566568	Epinotia brunnichana	Epinotia	Tortricidae	Lepidoptera	Insecta	Arthropoda	Epinotia brunnichana	1	GCA_963854355.1	reference genome	ilEpiBrun1.1	Chromosome		943098519	no
1666553	Epinotia crenana	Epinotia	Tortricidae	Lepidoptera	Insecta	Arthropoda	Epinotia crenana	1	GCA_976987325.1	reference genome	ilEpiCren1.hap1.1	Chromosome		705169733	no
1666554	Epinotia cruciana	Epinotia	Tortricidae	Lepidoptera	Insecta	Arthropoda	Epinotia cruciana	1	GCA_977071775.1	reference genome	ilEpiCruc3.1	Chromosome		865929350	no
1594294	Epinotia demarniana	Epinotia	Tortricidae	Lepidoptera	Insecta	Arthropoda	Epinotia demarniana	1	GCA_945867215.1	reference genome	ilEpiDema1.1	Chromosome		735796338	no
687034	Epinotia nanana	Epinotia	Tortricidae	Lepidoptera	Insecta	Arthropoda	Epinotia nanana	1	GCA_966183675.1	reference genome	ilEpiNana1.hap1.1	Chromosome		377804045	no
1241352	Epinotia nemorivaga	Epinotia	Tortricidae	Lepidoptera	Insecta	Arthropoda	Epinotia nemorivaga	1	GCA_978020705.1	reference genome	ilEpiNemo1.hap1.1	Chromosome		746036048	no
989769	Epinotia nisella	Epinotia	Tortricidae	Lepidoptera	Insecta	Arthropoda	Epinotia nisella	1	GCA_932294315.1	reference genome	ilEpiNise2.1	Chromosome		584985792	no
1660626	Epinotia pygmaeana	Epinotia	Tortricidae	Lepidoptera	Insecta	Arthropoda	Epinotia pygmaeana	2	GCA_966185135.1	reference genome	ilEpiPygm1.hap1.1	Chromosome		753291754	no
1594296	Epinotia ramella	Epinotia	Tortricidae	Lepidoptera	Insecta	Arthropoda	Epinotia ramella	1	GCA_947578815.1	reference genome	ilEpiRame1.1	Chromosome		781976700	no
1100985	Epinotia subocellana	Epinotia	Tortricidae	Lepidoptera	Insecta	Arthropoda	Epinotia subocellana	1	GCA_982551475.1	reference genome	ilEpiSubo1.hap1.1	Chromosome		675317170	no
1100986	Epinotia tedella	Epinotia	Tortricidae	Lepidoptera	Insecta	Arthropoda	Epinotia tedella	2	GCA_965654325.1	reference genome	ilEpiTede1.hap1.1	Chromosome		305033541	no
1660628	Epinotia tenerana	Epinotia	Tortricidae	Lepidoptera	Insecta	Arthropoda	Epinotia tenerana	1	GCA_965225655.1	reference genome	ilEpiTene3.1	Chromosome		656661833	no
1391527	Epinotia tetraquetrana	Epinotia	Tortricidae	Lepidoptera	Insecta	Arthropoda	Epinotia tetraquetrana	1	GCA_976289765.1	reference genome	ilEpiTetr1.hap1.1	Chromosome		707249027	no
2561289	Epinotia thapsiana	Epinotia	Tortricidae	Lepidoptera	Insecta	Arthropoda	Epinotia thapsiana	1	GCA_984799255.1	reference genome	ilEpiThap1.hap1.1	Chromosome		533891311	no
989771	Epinotia trigonella	Epinotia	Tortricidae	Lepidoptera	Insecta	Arthropoda	Epinotia trigonella	2	GCA_965378785.1	reference genome	ilEpiTrig1.hap2.1	Chromosome		695638880	no
934834	Epione repandaria	Epione	Geometridae	Lepidoptera	Insecta	Arthropoda	Epione repandaria	1	GCA_964204675.1	reference genome	ilEpiRepa2.1	Chromosome		848246538	no
65032	Epiphyas postvittana	Epiphyas	Tortricidae	Lepidoptera	Insecta	Arthropoda	Epiphyas postvittana	1	GCA_964304675.1	reference genome	ilEpiPost1.hap1.1	Chromosome		462775050	no
190347	Epirrhoe alternata	Epirrhoe	Geometridae	Lepidoptera	Insecta	Arthropoda	Epirrhoe alternata	3	GCA_963565295.1	reference genome	ilEpiAlte1.1	Chromosome		358478584	no
934835	Epirrhoe galiata	Epirrhoe	Geometridae	Lepidoptera	Insecta	Arthropoda	Epirrhoe galiata	1	GCA_988137155.1	reference genome	ilEpiGali1.hap1.1	Chromosome		334373700	no
934838	Epirrhoe tristata	Epirrhoe	Geometridae	Lepidoptera	Insecta	Arthropoda	Epirrhoe tristata	1	GCA_951394285.1	reference genome	ilEpiTris1.1	Chromosome		313804960	no
247947	Epirrita christyi	Epirrita	Geometridae	Lepidoptera	Insecta	Arthropoda	Epirrita christyi	1	GCA_951392215.1	reference genome	ilEpiChri1.1	Chromosome		474153346	no
1869863	Episcythrastis tetricella	Episcythrastis	Pyralidae	Lepidoptera	Insecta	Arthropoda	Episcythrastis tetricella	1	GCA_987114585.1	reference genome	ilEpiTeti1.hap1.1	Chromosome		586822107	no
1870626	Episema korsakovi	Episema	Noctuidae	Lepidoptera	Insecta	Arthropoda	Episema korsakovi	1	GCA_965183765.1	reference genome	ilEpiKors1.hap1.1	Chromosome		500014607	no
3127327	Episema tersa	Episema	Noctuidae	Lepidoptera	Insecta	Arthropoda	Episema tersa	2	GCA_965212655.1	reference genome	ilEpiTers1.hap1.1	Chromosome		626701915	no
1124511	Epistrophe eligans	Epistrophe	Syrphidae	Diptera	Insecta	Arthropoda	Epistrophe eligans	1	GCA_951394125.1	reference genome	idEpiElig2.1	Chromosome		405883223	no
1352479	Epistrophe grossulariae	Epistrophe	Syrphidae	Diptera	Insecta	Arthropoda	Epistrophe grossulariae	1	GCA_929447395.1	reference genome	idEpiGros1.1	Chromosome		556592610	no
414814	Epistrophella euchroma	Epistrophella	Syrphidae	Diptera	Insecta	Arthropoda	Epistrophella euchroma	1	GCA_947049315.1	reference genome	idEpiEuco1.1	Chromosome		523309982	no
286459	Episyrphus balteatus	Episyrphus	Syrphidae	Diptera	Insecta	Arthropoda	Episyrphus balteatus	4	GCF_945859705.1	reference genome	idEpiBalt1.1	Chromosome		535345329	yes
104474	Erannis defoliaria	Erannis	Geometridae	Lepidoptera	Insecta	Arthropoda	Erannis defoliaria	1	GCA_905404285.2	reference genome	ilEraDefo1.2	Chromosome		522356532	no
447833	Erebia aethiops	Erebia	Nymphalidae	Lepidoptera	Insecta	Arthropoda	Erebia aethiops	1	GCA_923060345.2	reference genome	ilEreAeth2.2	Chromosome		473453904	no
2599362	Erebia albergana	Erebia	Nymphalidae	Lepidoptera	Insecta	Arthropoda	Erebia albergana	1	GCA_964188065.1	reference genome	ilEreAlbe1.1	Chromosome		466889496	no
2505774	Erebia bubastis	Erebia	Nymphalidae	Lepidoptera	Insecta	Arthropoda	Erebia bubastis	1	GCA_964270845.1	reference genome	ilEreBuba1.hap1.1	Chromosome		545447315	no
111900	Erebia cassioides	Erebia	Nymphalidae	Lepidoptera	Insecta	Arthropoda	Erebia cassioides	1	GCA_976986335.1	reference genome	ilEreCass2.1	Chromosome		546104319	no
2057221	Erebia christi	Erebia	Nymphalidae	Lepidoptera	Insecta	Arthropoda	Erebia christi	1	GCA_964264545.1	reference genome	ilEreChri1.hap1.1	Chromosome		546192299	no
1664817	Erebia disa	Erebia	Nymphalidae	Lepidoptera	Insecta	Arthropoda	Erebia disa	1	GCA_964271725.1	reference genome	ilEreDisa1.hap1.1	Chromosome		584043645	no
2057223	Erebia embla	Erebia	Nymphalidae	Lepidoptera	Insecta	Arthropoda	Erebia embla	1	GCA_964271835.1	reference genome	ilEreEmbl2.hap1.1	Chromosome		571543567	no
242257	Erebia epiphron	Erebia	Nymphalidae	Lepidoptera	Insecta	Arthropoda	Erebia epiphron	1	GCA_963932025.1	reference genome	ilEreEpip2.1	Chromosome		523373149	no
1660629	Erebia eriphyle	Erebia	Nymphalidae	Lepidoptera	Insecta	Arthropoda	Erebia eriphyle	1	GCA_964260725.1	reference genome	ilEreErip1.hap1.1	Chromosome		523963031	no
1664822	Erebia flavofasciata	Erebia	Nymphalidae	Lepidoptera	Insecta	Arthropoda	Erebia flavofasciata	1	GCA_976918365.1		ilEreFlav1.hap1.2	Chromosome		647542767	no
242260	Erebia gorge	Erebia	Nymphalidae	Lepidoptera	Insecta	Arthropoda	Erebia gorge	2	GCA_964277455.1	reference genome	ilEreGorg1.hap1.1	Chromosome		530784775	no
111903	Erebia ligea	Erebia	Nymphalidae	Lepidoptera	Insecta	Arthropoda	Erebia ligea	1	GCA_917051295.2	reference genome	ilEreLige1.2	Chromosome		506382226	no
598736	Erebia manto	Erebia	Nymphalidae	Lepidoptera	Insecta	Arthropoda	Erebia manto	1	GCA_964656315.1	reference genome	ilEreMant2.hap1.1	Chromosome		513488130	no
447850	Erebia medusa	Erebia	Nymphalidae	Lepidoptera	Insecta	Arthropoda	Erebia medusa	1	GCA_964187935.1	reference genome	ilEreMedu1.hap1.1	Chromosome		542852916	no
1660630	Erebia melampus	Erebia	Nymphalidae	Lepidoptera	Insecta	Arthropoda	Erebia melampus	1	GCA_964261625.1	reference genome	ilEreMelm1.hap1.1	Chromosome		479185252	no
1664830	Erebia melancholica	Erebia	Nymphalidae	Lepidoptera	Insecta	Arthropoda	Erebia melancholica	1	GCA_964304705.1	reference genome	ilEreMeln1.hap1.1	Chromosome		516369301	no
111904	Erebia meolans	Erebia	Nymphalidae	Lepidoptera	Insecta	Arthropoda	Erebia meolans	1	GCA_964271795.1	reference genome	ilEreMeol1.hap1.1	Chromosome		512875074	no
468186	Erebia mnestra	Erebia	Nymphalidae	Lepidoptera	Insecta	Arthropoda	Erebia mnestra	1	GCA_964260655.1	reference genome	ilEreMnes1.hap1.1	Chromosome		448852891	no
111905	Erebia montana	Erebia	Nymphalidae	Lepidoptera	Insecta	Arthropoda	Erebia montana	1	GCA_964260675.1	reference genome	ilEreMont1.hap1.1	Chromosome		597206826	no
242259	Erebia oeme	Erebia	Nymphalidae	Lepidoptera	Insecta	Arthropoda	Erebia oeme	2	GCA_964277275.1	reference genome	ilEreOeme1.hap2.1	Chromosome		449532156	no
191414	Erebia palarica	Erebia	Nymphalidae	Lepidoptera	Insecta	Arthropoda	Erebia palarica	1	GCA_964035005.3	reference genome	ilErePala4.3	Complete Genome		513165250	no
242258	Erebia pandrose	Erebia	Nymphalidae	Lepidoptera	Insecta	Arthropoda	Erebia pandrose	1	GCA_977810695.1	reference genome	ilErePand1.hap1.1	Chromosome		559587874	no
111906	Erebia pharte	Erebia	Nymphalidae	Lepidoptera	Insecta	Arthropoda	Erebia pharte	1	GCA_965112705.1	reference genome	ilErePhar2.1	Chromosome		616834580	no
598737	Erebia pronoe	Erebia	Nymphalidae	Lepidoptera	Insecta	Arthropoda	Erebia pronoe	1	GCA_965113275.1	reference genome	ilErePron1.hap1.1	Chromosome		539215718	no
468190	Erebia rondoui	Erebia	Nymphalidae	Lepidoptera	Insecta	Arthropoda	Erebia rondoui	1	GCA_964332105.1	reference genome	ilEreRond1.hap1.1	Chromosome		599307043	no
2057229	Erebia stirius	Erebia	Nymphalidae	Lepidoptera	Insecta	Arthropoda	Erebia stirius	1	GCA_964264005.1		ilEreStir1.hap1.1	Chromosome		515651403	no
876060	Erebia sudetica	Erebia	Nymphalidae	Lepidoptera	Insecta	Arthropoda	Erebia sudetica	2	GCA_965637145.1	reference genome	ilEreSude1.hap1.1	Chromosome		486936601	no
242256	Erebia triaria	Erebia	Nymphalidae	Lepidoptera	Insecta	Arthropoda	Erebia triaria	1	GCA_964166005.1	reference genome	ilEreTria2.hap1.1	Chromosome		521298422	no
1870628	Eremobia ochroleuca	Eremobia	Noctuidae	Lepidoptera	Insecta	Arthropoda	Eremobia ochroleuca	1	GCA_949629135.1	reference genome	ilEreOchr1.1	Chromosome		625449678	no
1545314	Eremocoris podagricus	Eremocoris	Rhyparochromidae	Hemiptera	Insecta	Arthropoda	Eremocoris podagricus	1	GCA_987200115.1	reference genome	ihErePoda1.hap1.1	Chromosome		1923492570	no
2998532	Eremotylus marginatus	Eremotylus	Ichneumonidae	Hymenoptera	Insecta	Arthropoda	Eremotylus marginatus	1	GCA_965218635.1	reference genome	iyEreMarg1.hap1.1	Chromosome		330927633	no
113324	Eresia pelonia	Eresia	Nymphalidae	Lepidoptera	Insecta	Arthropoda	Eresia pelonia	1	GCA_983181855.1	reference genome	ilErePelo1.hap1.1	Chromosome		561077076	no
3691855	Eretmocerus corni						Eretmocerus corni	1	GCA_059628425.1		ASM5962842v1	Chromosome		778017642	no
131215	Eretmocerus hayati	Eretmocerus	Aphelinidae	Hymenoptera	Insecta	Arthropoda	Eretmocerus hayati	1	GCA_029851415.1	reference genome	Ehay_zju_1.0	Chromosome		692130109	yes
2890553	Eriocrania chrysolepidella	Eriocrania	Eriocraniidae	Lepidoptera	Insecta	Arthropoda	Eriocrania chrysolepidella	1	GCA_978041875.1	reference genome	ilEriChry1.hap1.1	Chromosome		718269774	no
1869865	Eriocrania cicatricella	Eriocrania	Eriocraniidae	Lepidoptera	Insecta	Arthropoda	Eriocrania cicatricella	2	GCA_977067495.1	reference genome	ilEriCica2.hap1.1	Chromosome		520763659	no
2561294	Eriocrania salopiella	Eriocrania	Eriocraniidae	Lepidoptera	Insecta	Arthropoda	Eriocrania salopiella	1	GCA_988276965.1	reference genome	ilEriSalo1.hap1.1	Chromosome		508727442	no
41180	Eriocrania semipurpurella	Eriocrania	Eriocraniidae	Lepidoptera	Insecta	Arthropoda	Eriocrania semipurpurella alpina	1	GCA_045547075.1	reference genome	ASM4554707v1	Chromosome		523712486	no
871382	Eriocrania sparrmannella	Eriocrania	Eriocraniidae	Lepidoptera	Insecta	Arthropoda	Eriocrania sparrmannella	1	GCA_976918355.1	reference genome	ilEriSpar1.hap1.1	Chromosome		605702979	no
1869866	Eriopsela quadrana	Eriopsela	Tortricidae	Lepidoptera	Insecta	Arthropoda	Eriopsela quadrana	1	GCA_976986865.1	reference genome	ilEriQuad1.hap1.1	Chromosome		558219254	no
133082	Eriosoma lanigerum	Eriosoma	Aphididae	Hemiptera	Insecta	Arthropoda	Eriosoma lanigerum	1	GCA_013282895.1	reference genome	WAA_JIC_1.0	Chromosome		334868328	no
2017640	Eristalinus aeneus	Eristalinus	Syrphidae	Diptera	Insecta	Arthropoda	Eristalinus aeneus	1	GCA_955652365.1	reference genome	idEriAene1.1	Chromosome		495373098	no
2725509	Eristalinus sepulchralis	Eristalinus	Syrphidae	Diptera	Insecta	Arthropoda	Eristalinus sepulchralis	1	GCA_944738645.1	reference genome	idEriSepu1.1	Chromosome		376833488	no
1124515	Eristalis arbustorum	Eristalis	Syrphidae	Diptera	Insecta	Arthropoda	Eristalis arbustorum	1	GCA_916610145.1	reference genome	idEriArbu1.1	Chromosome		451027004	no
1859540	Eristalis intricaria	Eristalis	Syrphidae	Diptera	Insecta	Arthropoda	Eristalis intricaria	1	GCA_964034865.1	reference genome	idEriIntr1.1	Chromosome		586385591	no
1572519	Eristalis pertinax	Eristalis	Syrphidae	Diptera	Insecta	Arthropoda	Eristalis pertinax	1	GCA_907269125.1	reference genome	idEriPert2.1	Chromosome		482075123	no
198635	Eristalis tenax	Eristalis	Syrphidae	Diptera	Insecta	Arthropoda	Eristalis tenax	1	GCA_905231855.2	reference genome	idEriTena2.2	Chromosome		487002646	no
520884	Erynnis tages	Erynnis	Hesperiidae	Lepidoptera	Insecta	Arthropoda	Erynnis tages	1	GCA_905147235.1	reference genome	ilEryTage1.1	Chromosome		329343411	no
2870497	Esperia sulphurella	Esperia	Oecophoridae	Lepidoptera	Insecta	Arthropoda	Esperia sulphurella	1	GCA_947086405.1	reference genome	ilEspSulp1.1	Chromosome		453206733	no
2803874	Estheria cristata	Estheria	Tachinidae	Diptera	Insecta	Arthropoda	Estheria cristata	1	GCA_977927455.1	reference genome	idEstCris1.1	Chromosome		795283889	no
574927	Ethiromyia chalybea	Ethiromyia	Dolichopodidae	Diptera	Insecta	Arthropoda	Ethiromyia chalybea	1	GCA_980608935.1	reference genome	idEthChal1.hap1.1	Chromosome		900058216	no
3373431	Ethmia candidella	Ethmia	Depressariidae	Lepidoptera	Insecta	Arthropoda	Ethmia candidella	1	GCA_973358925.1	reference genome	ilEthCand1.hap1.1	Chromosome		485308446	no
1660634	Ethmia dodecea	Ethmia	Depressariidae	Lepidoptera	Insecta	Arthropoda	Ethmia dodecea	1	GCA_963855545.1	reference genome	ilEthDode4.1	Chromosome		457547265	no
1869869	Ethmia quadrillella	Ethmia	Depressariidae	Lepidoptera	Insecta	Arthropoda	Ethmia quadrillella	1	GCA_985198445.1	reference genome	ilEthQuad1.hap1.1	Chromosome		447550454	no
1875367	Eubasilissa splendida	Eubasilissa	Phryganeidae	Trichoptera	Insecta	Arthropoda	Eubasilissa splendida	1	GCA_031772225.1	reference genome	ASM3177222v1	Chromosome		859283379	no
1373361	Eublemma amoena	Eublemma	Erebidae	Lepidoptera	Insecta	Arthropoda	Eublemma amoena	2	GCA_977013875.1	reference genome	ilEubAmoe1.hap2.1	Chromosome		664933630	no
1973540	Eublemma ostrina	Eublemma	Erebidae	Lepidoptera	Insecta	Arthropoda	Eublemma ostrina	1	GCA_964604975.1	reference genome	ilEubOstr1.hap1.1	Chromosome		455151197	no
997510	Eublemma parva	Eublemma	Erebidae	Lepidoptera	Insecta	Arthropoda	Eublemma parva	1	GCA_984573305.1	reference genome	ilEubParv1.hap1.1	Chromosome		930685800	no
938232	Eublemma purpurina	Eublemma	Erebidae	Lepidoptera	Insecta	Arthropoda	Eublemma purpurina	1	GCA_982587025.1	reference genome	ilEubPurp1.hap1.1	Chromosome		609831716	no
3229266	Eucera mavromoustakisi	Eucera	Apidae	Hymenoptera	Insecta	Arthropoda	Eucera mavromoustakisi	1	GCA_977019085.1	reference genome	iyEucMavr2.1	Chromosome		620345852	no
1932631	Euchalcia modestoides	Euchalcia	Noctuidae	Lepidoptera	Insecta	Arthropoda	Euchalcia modestoides	2	GCA_987312625.1	reference genome	ilEucMode1.hap1.1	Chromosome		418987644	no
997517	Euchalcia variabilis	Euchalcia	Noctuidae	Lepidoptera	Insecta	Arthropoda	Euchalcia variabilis	1	GCA_964260715.1	reference genome	ilEucVari1.hap1.1	Chromosome		452012815	no
415329	Euchloe bazae	Euchloe	Pieridae	Lepidoptera	Insecta	Arthropoda	Euchloe bazae	1	GCA_982936575.1	reference genome	ilEucBaza1.hap1.1	Chromosome		283830509	no
535715	Euchloe belemia	Euchloe	Pieridae	Lepidoptera	Insecta	Arthropoda	Euchloe belemia	2	GCA_964340475.1	reference genome	ilEucBele1.hap2.1	Chromosome		367195972	no
547581	Euchloe insularis	Euchloe	Pieridae	Lepidoptera	Insecta	Arthropoda	Euchloe insularis	1	GCA_964605045.1	reference genome	ilEucInsu1.hap1.1	Chromosome		372273105	no
547582	Euchloe simplonia	Euchloe	Pieridae	Lepidoptera	Insecta	Arthropoda	Euchloe simplonia	1	GCA_964265075.1	reference genome	ilEucSimp1.hap1.1	Chromosome		397322855	no
415341	Euchloe tagis	Euchloe	Pieridae	Lepidoptera	Insecta	Arthropoda	Euchloe tagis	1	GCA_964277245.2	reference genome	ilEucTagi1.hap1.2	Chromosome		309315221	no
326953	Euchoeca nebulata	Euchoeca	Geometridae	Lepidoptera	Insecta	Arthropoda	Euchoeca nebulata	1	GCA_964638615.1	reference genome	ilEucNebu1.hap1.1	Chromosome		416701136	no
1888541	Euchromius ocelleus	Euchromius	Crambidae	Lepidoptera	Insecta	Arthropoda	Euchromius ocelleus	1	GCA_976986845.1	reference genome	ilEucOcel1.hap1.1	Chromosome		503902263	no
938167	Euclidia mi	Euclidia	Erebidae	Lepidoptera	Insecta	Arthropoda	Euclidia mi	1	GCA_944739405.2	reference genome	ilEucMixx1.2	Chromosome		2320373592	no
2561307	Eucosma aemulana	Eucosma	Tortricidae	Lepidoptera	Insecta	Arthropoda	Eucosma aemulana	1	GCA_986269815.1	reference genome	ilEucAemu1.hap1.1	Chromosome		614775441	no
2561309	Eucosma lacteana	Eucosma	Tortricidae	Lepidoptera	Insecta	Arthropoda	Eucosma lacteana	2	GCA_987195745.1	reference genome	ilEucLact1.hap1.1	Chromosome		453078584	no
1594298	Eucosmomorpha albersana	Eucosmomorpha	Tortricidae	Lepidoptera	Insecta	Arthropoda	Eucosmomorpha albersana	1	GCA_977035835.1	reference genome	ilEucAlbe1.hap1.1	Chromosome		420476806	no
470944	Eucriotettix oculatus	Eucriotettix	Tetrigidae	Orthoptera	Insecta	Arthropoda	Eucriotettix oculatus	1	GCA_034510155.1	reference genome	GX_Eocu_V1	Chromosome		985268080	no
436910	Eucryptorrhynchus brandti	Eucryptorrhynchus	Curculionidae	Coleoptera	Insecta	Arthropoda	Eucryptorrhynchus brandti	1	GCA_040894065.1	reference genome	TRW_Ebra_1.0	Chromosome		401807607	no
1552824	Eucryptorrhynchus scrobiculatus	Eucryptorrhynchus	Curculionidae	Coleoptera	Insecta	Arthropoda	Eucryptorrhynchus scrobiculatus	1	GCA_046736385.1	reference genome	TTW_Escr_1.0	Chromosome		318251290	no
1643974	Eudasyphora cyanicolor	Eudasyphora	Muscidae	Diptera	Insecta	Arthropoda	Eudasyphora cyanicolor	1	GCA_963930755.1	reference genome	idEudCyai1.1	Chromosome		1450416854	no
1594299	Eudemis porphyrana	Eudemis	Tortricidae	Lepidoptera	Insecta	Arthropoda	Eudemis porphyrana	1	GCA_977013375.1	reference genome	ilEudPorp1.hap1.1	Chromosome		575776861	no
1100989	Eudemis profundana	Eudemis	Tortricidae	Lepidoptera	Insecta	Arthropoda	Eudemis profundana	1	GCA_947034925.1	reference genome	ilEudProf1.1	Chromosome		691272826	no
1498833	Eudonia angustea	Eudonia	Crambidae	Lepidoptera	Insecta	Arthropoda	Eudonia angustea	1	GCA_964502725.1	reference genome	ilEudAngu1.hap1.1	Chromosome		502943191	no
1100990	Eudonia delunella	Eudonia	Crambidae	Lepidoptera	Insecta	Arthropoda	Eudonia delunella	1	GCA_964655575.1	reference genome	ilEudDelu1.hap1.1	Chromosome		758826217	no
1100991	Eudonia lacustrata	Eudonia	Crambidae	Lepidoptera	Insecta	Arthropoda	Eudonia lacustrata	1	GCA_947562085.1	reference genome	ilEudLacu3.1	Chromosome		699495293	no
3119739	Eudonia lineola	Eudonia	Crambidae	Lepidoptera	Insecta	Arthropoda	Eudonia lineola	2	GCA_984573225.1	reference genome	ilEudLine2.hap2.1	Chromosome		542626972	no
1100992	Eudonia mercurella	Eudonia	Crambidae	Lepidoptera	Insecta	Arthropoda	Eudonia mercurella	1	GCA_963082485.2	reference genome	ilEudMerc1.2	Chromosome		590349557	no
1594301	Eudonia murana	Eudonia	Crambidae	Lepidoptera	Insecta	Arthropoda	Eudonia murana	2	GCA_964468325.1	reference genome	ilEudMura1.hap1.1	Chromosome		729582000	no
1660724	Eudonia pallida	Eudonia	Crambidae	Lepidoptera	Insecta	Arthropoda	Eudonia pallida	2	GCA_964340915.1	reference genome	ilEudPall1.hap1.1	Chromosome		921554482	no
753179	Eudonia truncicolella	Eudonia	Crambidae	Lepidoptera	Insecta	Arthropoda	Eudonia truncicolella	1	GCA_949315975.1	reference genome	ilEudTrun2.1	Chromosome		499116632	no
33448	Eueides isabella	Eueides	Nymphalidae	Lepidoptera	Insecta	Arthropoda	Eueides isabella	1	GCA_019049475.1	reference genome	ASM1904947v1	Chromosome		440123586	no
988113	Eugnorisma depuncta	Eugnorisma	Noctuidae	Lepidoptera	Insecta	Arthropoda	Eugnorisma depuncta	1	GCA_988225195.1	reference genome	ilEugDepu1.hap1.1	Chromosome		511058931	no
988114	Eugnorisma glareosa	Eugnorisma	Noctuidae	Lepidoptera	Insecta	Arthropoda	Eugnorisma glareosa	1	GCA_947578425.1	reference genome	ilEugGlar6.1	Chromosome		630991255	no
3411918	Eugnosta lathoniana	Eugnosta	Tortricidae	Lepidoptera	Insecta	Arthropoda	Eugnosta lathoniana	1	GCA_982340655.1	reference genome	ilEugLath1.hap1.1	Chromosome		415128047	no
1241339	Euhyponomeutoides albithoracellus	Euhyponomeutoides	Yponomeutidae	Lepidoptera	Insecta	Arthropoda	Euhyponomeutoides albithoracellus	1	GCA_976988695.1	reference genome	ilEuhAlbi1.hap1.1	Chromosome		365671417	no
753180	Euhyponomeutoides ribesiellus	Euhyponomeutoides	Yponomeutidae	Lepidoptera	Insecta	Arthropoda	Euhyponomeutoides ribesiellus	1	GCA_977063415.1	reference genome	ilEuhRibe1.hap1.1	Chromosome		469932225	no
1586587	Eulagius filicornis	Eulagius	Mycetophagidae	Coleoptera	Insecta	Arthropoda	Eulagius filicornis	1	GCA_965643585.1	reference genome	icEulFili2.1	Chromosome		160712976	no
572847	Eulia ministrana	Eulia	Tortricidae	Lepidoptera	Insecta	Arthropoda	Eulia ministrana	1	GCA_978045195.1	reference genome	ilEulMini1.hap1.1	Chromosome		557771050	no
326958	Eulithis populata	Eulithis	Geometridae	Lepidoptera	Insecta	Arthropoda	Eulithis populata	1	GCA_977035735.1	reference genome	ilEulPopu2.hap1.1	Chromosome		296600371	no
934839	Eulithis prunata	Eulithis	Geometridae	Lepidoptera	Insecta	Arthropoda	Eulithis prunata	1	GCA_918843925.1	reference genome	ilEulPrun1.1	Chromosome		263131874	no
326959	Eulithis testata	Eulithis	Geometridae	Lepidoptera	Insecta	Arthropoda	Eulithis testata	1	GCA_947507515.1	reference genome	ilEulTest2.1	Chromosome		308082778	no
3229155	Eumannia arenbergeri	Eumannia	Geometridae	Lepidoptera	Insecta	Arthropoda	Eumannia arenbergeri	2	GCA_978753355.1	reference genome	ilEumAren4_hap1.1	Chromosome		420681263	no
282031	Eumedonia eumedon	Eumedonia	Lycaenidae	Lepidoptera	Insecta	Arthropoda	Eumedonia eumedon	1	GCA_964396525.1	reference genome	ilAriEume1.hap1.1	Chromosome		551860436	no
3229156	Eumera mulier	Eumera	Geometridae	Lepidoptera	Insecta	Arthropoda	Eumera mulier	1	GCA_984885525.1	reference genome	ilEumMuli1.hap1.1	Chromosome		486657669	no
3163510	Eumerus hispidus	Eumerus	Syrphidae	Diptera	Insecta	Arthropoda	Eumerus hispidus	2	GCA_976984585.1	reference genome	idEumHisp1.hap2.1	Chromosome		556502305	no
2867251	Eumerus sabulonum	Eumerus	Syrphidae	Diptera	Insecta	Arthropoda	Eumerus sabulonum	1	GCA_951905685.1	reference genome	idEumSabu1.1	Chromosome		712128287	no
1973542	Eumeta cramerii	Eumeta	Psychidae	Lepidoptera	Insecta	Arthropoda	Eumeta cramerii	1	GCA_976966905.1	reference genome	Eumeta crameri pseudochromosome-level assembly	Chromosome		668870276	no
2078669	Eumorphobotys obscuralis	Eumorphobotys	Crambidae	Lepidoptera	Insecta	Arthropoda	Eumorphobotys obscuralis	1	GCA_048418795.1	reference genome	ASM4841879v1	Chromosome		701949251	no
290404	Eupeodes corollae	Eupeodes	Syrphidae	Diptera	Insecta	Arthropoda	Eupeodes corollae	3	GCF_945859685.1	reference genome	idEupCoro1.1	Chromosome		648195582	yes
1124558	Eupeodes latifasciatus	Eupeodes	Syrphidae	Diptera	Insecta	Arthropoda	Eupeodes latifasciatus	1	GCA_920104205.1	reference genome	idEupLati1.1	Chromosome		846338106	no
1124559	Eupeodes luniger	Eupeodes	Syrphidae	Diptera	Insecta	Arthropoda	Eupeodes luniger	1	GCA_951509635.1	reference genome	idEupLuni2.1	Chromosome		616890967	no
104503	Euphydryas aurinia	Euphydryas	Nymphalidae	Lepidoptera	Insecta	Arthropoda	Euphydryas aurinia	2	GCA_965226145.1	reference genome	ilEupAuri1.2	Chromosome		711523049	no
104506	Euphydryas cynthia	Euphydryas	Nymphalidae	Lepidoptera	Insecta	Arthropoda	Euphydryas cynthia	1	GCA_964274225.1	reference genome	ilEupCynt1.hap1.1	Chromosome		605615538	no
104507	Euphydryas desfontainii	Euphydryas	Nymphalidae	Lepidoptera	Insecta	Arthropoda	Euphydryas desfontainii	1	GCA_964277145.1	reference genome	ilEupDesf1.hap1.1	Chromosome		755681563	no
104510	Euphydryas iduna	Euphydryas	Nymphalidae	Lepidoptera	Insecta	Arthropoda	Euphydryas iduna	1	GCA_988205215.1	reference genome	ilEupIdun1.hap1.1	Chromosome		633298432	no
216870	Euphyia unangulata	Euphyia	Geometridae	Lepidoptera	Insecta	Arthropoda	Euphyia unangulata	2	GCA_965152665.1	reference genome	ilEupUnan1.hap1.1	Chromosome		409191789	no
934840	Eupithecia abbreviata	Eupithecia	Geometridae	Lepidoptera	Insecta	Arthropoda	Eupithecia abbreviata	1	GCA_943735965.1	reference genome	ilEupAbbr2.1	Chromosome		383447363	no
934841	Eupithecia absinthiata	Eupithecia	Geometridae	Lepidoptera	Insecta	Arthropoda	Eupithecia absinthiata	2	GCA_964503905.1	reference genome	ilEupAbsi1.hap2.1	Chromosome		438661486	no
986972	Eupithecia analoga	Eupithecia	Geometridae	Lepidoptera	Insecta	Arthropoda	Eupithecia analoga	1	GCA_982935445.1	reference genome	ilEupAnal1.hap1.1	Chromosome		358825833	no
214139	Eupithecia assimilata	Eupithecia	Geometridae	Lepidoptera	Insecta	Arthropoda	Eupithecia assimilata	1	GCA_977035785.1	reference genome	ilEupAssi1.hap1.1	Chromosome		490700010	no
934844	Eupithecia centaureata	Eupithecia	Geometridae	Lepidoptera	Insecta	Arthropoda	Eupithecia centaureata	1	GCA_944547425.1	reference genome	ilEupCent1.1	Chromosome		465578106	no
986973	Eupithecia conterminata	Eupithecia	Geometridae	Lepidoptera	Insecta	Arthropoda	Eupithecia conterminata	1	GCA_983180325.1	reference genome	ilEupCont1.hap1.1	Chromosome		419529624	no
934845	Eupithecia dodoneata	Eupithecia	Geometridae	Lepidoptera	Insecta	Arthropoda	Eupithecia dodoneata	1	GCA_947044415.1	reference genome	ilEupDodo1.1	Chromosome		353641053	no
934847	Eupithecia exiguata	Eupithecia	Geometridae	Lepidoptera	Insecta	Arthropoda	Eupithecia exiguata	1	GCA_947086465.1	reference genome	ilEupExig1.1	Chromosome		372871325	no
1869899	Eupithecia fennoscandica	Eupithecia	Geometridae	Lepidoptera	Insecta	Arthropoda	Eupithecia fennoscandica	2	GCA_976919215.1	reference genome	ilEupFenn1.hap2.1	Chromosome		438283954	no
942273	Eupithecia gelidata	Eupithecia	Geometridae	Lepidoptera	Insecta	Arthropoda	Eupithecia gelidata	1	GCA_985198405.1	reference genome	ilEupGeli1.hap1.1	Chromosome		608878913	no
934850	Eupithecia haworthiata	Eupithecia	Geometridae	Lepidoptera	Insecta	Arthropoda	Eupithecia haworthiata	1	GCA_964291785.1	reference genome	ilEupHawo1.hap1.1	Chromosome		451176536	no
326949	Eupithecia icterata	Eupithecia	Geometridae	Lepidoptera	Insecta	Arthropoda	Eupithecia icterata	1	GCA_984573085.1	reference genome	ilEupIcte2.hap1.1	Chromosome		458322274	no
986977	Eupithecia insigniata	Eupithecia	Geometridae	Lepidoptera	Insecta	Arthropoda	Eupithecia insigniata	1	GCA_947859395.1	reference genome	ilEupInsi1.1	Chromosome		438103773	no
934853	Eupithecia inturbata	Eupithecia	Geometridae	Lepidoptera	Insecta	Arthropoda	Eupithecia inturbata	1	GCA_963662085.1	reference genome	ilEupIntu1.1	Chromosome		427762174	no
934854	Eupithecia lanceata	Eupithecia	Geometridae	Lepidoptera	Insecta	Arthropoda	Eupithecia lanceata	1	GCA_988137185.1	reference genome	ilEupLanc1.hap1.1	Chromosome		490889279	no
572762	Eupithecia lariciata	Eupithecia	Geometridae	Lepidoptera	Insecta	Arthropoda	Eupithecia lariciata	1	GCA_986449245.1	reference genome	ilEupLari1.hap1.1	Chromosome		483760096	no
873508	Eupithecia linariata	Eupithecia	Geometridae	Lepidoptera	Insecta	Arthropoda	Eupithecia linariata	1	GCA_964340575.1	reference genome	ilEupLina1.hap1.1	Chromosome		364443040	no
986978	Eupithecia nanata	Eupithecia	Geometridae	Lepidoptera	Insecta	Arthropoda	Eupithecia nanata	1	GCA_984589665.1	reference genome	ilEupNana3.hap1.1	Chromosome		631235589	no
1639162	Eupithecia ochridata	Eupithecia	Geometridae	Lepidoptera	Insecta	Arthropoda	Eupithecia ochridata	2	GCA_987120065.1	reference genome	ilEupOchr1.hap1.1	Chromosome		601342961	no
1869911	Eupithecia phoeniceata	Eupithecia	Geometridae	Lepidoptera	Insecta	Arthropoda	Eupithecia phoeniceata	1	GCA_964204885.1	reference genome	ilEupPhoe1.hap1.1	Chromosome		406443191	no
934855	Eupithecia pimpinellata	Eupithecia	Geometridae	Lepidoptera	Insecta	Arthropoda	Eupithecia pimpinellata	1	GCA_986176535.1	reference genome	ilEupPimp1.hap1.1	Chromosome		506147723	no
934856	Eupithecia plumbeolata	Eupithecia	Geometridae	Lepidoptera	Insecta	Arthropoda	Eupithecia plumbeolata	1	GCA_977018845.1	reference genome	ilEupPlum1.hap1.1	Chromosome		536653361	no
986980	Eupithecia pulchellata	Eupithecia	Geometridae	Lepidoptera	Insecta	Arthropoda	Eupithecia pulchellata	1	GCA_963931895.1	reference genome	ilEupPulc1.1	Chromosome		385423043	no
942286	Eupithecia pusillata	Eupithecia	Geometridae	Lepidoptera	Insecta	Arthropoda	Eupithecia pusillata	2	GCA_986269795.1	reference genome	ilEupPusi2.hap2.1	Chromosome		412435926	no
1906381	Eupithecia pygmaeata	Eupithecia	Geometridae	Lepidoptera	Insecta	Arthropoda	Eupithecia pygmaeata	1	GCA_976914395.1	reference genome	ilEupPygm1.hap1.1	Chromosome		333232216	no
214143	Eupithecia satyrata	Eupithecia	Geometridae	Lepidoptera	Insecta	Arthropoda	Eupithecia satyrata	2	GCA_977971785.1	reference genome	ilEupSaty1.hap1.1	Chromosome		498585668	no
986981	Eupithecia semigraphata	Eupithecia	Geometridae	Lepidoptera	Insecta	Arthropoda	Eupithecia semigraphata	1	GCA_964277175.1	reference genome	ilEupSemg1.hap1.1	Chromosome		443281335	no
216862	Eupithecia subfuscata	Eupithecia	Geometridae	Lepidoptera	Insecta	Arthropoda	Eupithecia subfuscata	1	GCA_963564075.1	reference genome	ilEupSubf1.1	Chromosome		505905295	no
986984	Eupithecia subumbrata	Eupithecia	Geometridae	Lepidoptera	Insecta	Arthropoda	Eupithecia subumbrata	1	GCA_949316285.1	reference genome	ilEupSubu1.1	Chromosome		496186513	no
986985	Eupithecia succenturiata	Eupithecia	Geometridae	Lepidoptera	Insecta	Arthropoda	Eupithecia succenturiata	1	GCA_986269835.1	reference genome	ilEupSucc1.hap1.1	Chromosome		419346103	no
934860	Eupithecia tripunctaria	Eupithecia	Geometridae	Lepidoptera	Insecta	Arthropoda	Eupithecia tripunctaria	1	GCA_955876795.1	reference genome	ilEupTrip1.1	Chromosome		494813069	no
391245	Eupithecia ultimaria	Eupithecia	Geometridae	Lepidoptera	Insecta	Arthropoda	Eupithecia ultimaria	1	GCA_986708445.1	reference genome	ilEupUlti4.hap1.1	Chromosome		523339966	no
934862	Eupithecia valerianata	Eupithecia	Geometridae	Lepidoptera	Insecta	Arthropoda	Eupithecia valerianata	1	GCA_987114385.1	reference genome	ilEupVale3.1	Chromosome		429267033	no
934866	Eupithecia vulgata	Eupithecia	Geometridae	Lepidoptera	Insecta	Arthropoda	Eupithecia vulgata	1	GCA_946478455.1	reference genome	ilEupVulg1.1	Chromosome		454682321	no
987932	Euplagia quadripunctaria	Euplagia	Erebidae	Lepidoptera	Insecta	Arthropoda	Euplagia quadripunctaria	1	GCA_963859945.1	reference genome	ilEupQuad1.1	Chromosome		668383554	no
987933	Euplexia lucipara	Euplexia	Noctuidae	Lepidoptera	Insecta	Arthropoda	Euplexia lucipara	1	GCA_921972225.1	reference genome	ilEupLuci1.1	Chromosome		661810392	no
1594304	Eupoecilia angustana	Eupoecilia	Tortricidae	Lepidoptera	Insecta	Arthropoda	Eupoecilia angustana	1	GCA_985689975.1	reference genome	ilEupAngu2.hap1.1	Chromosome		408168181	no
367774	Eupolyphaga sinensis	Eupolyphaga	Corydiidae	Blattodea	Insecta	Arthropoda	Eupolyphaga sinensis	1	GCA_057383665.1	reference genome	Esin_v1.5	Chromosome		1974064692	no
987934	Euproctis chrysorrhoea	Euproctis	Erebidae	Lepidoptera	Insecta	Arthropoda	Euproctis chrysorrhoea	1	GCA_965178235.1	reference genome	ilEupChry1.hap1.1	Chromosome		492140510	no
987935	Euproctis similis	Euproctis	Erebidae	Lepidoptera	Insecta	Arthropoda	Euproctis similis	1	GCA_905147225.2	reference genome	ilEupSimi1.2	Chromosome		507633075	no
116130	Eupsilia transversa	Eupsilia	Noctuidae	Lepidoptera	Insecta	Arthropoda	Eupsilia transversa	1	GCA_914767815.1	reference genome	ilEupTran1.1	Chromosome		466907300	no
72257	Eurema daira	Eurema	Pieridae	Lepidoptera	Insecta	Arthropoda	Eurema daira	1	GCA_965240345.1	reference genome	ilEurDair2.hap1.1	Chromosome		256719751	no
3093580	Eurhadina loewii	Eurhadina	Cicadellidae	Hemiptera	Insecta	Arthropoda	Eurhadina loewii	1	GCA_982382465.1	reference genome	ihEurLoew2.1	Chromosome		1780684202	no
987425	Eurois occulta	Eurois	Noctuidae	Lepidoptera	Insecta	Arthropoda	Eurois occulta	1	GCA_950022335.1	reference genome	ilEurOccu1.1	Chromosome		603349054	no
178769	Eurosta solidaginis	Eurosta	Tephritidae	Diptera	Insecta	Arthropoda	Eurosta solidaginis	2	GCF_040869045.1	reference genome	ASM4086904v1	Chromosome		1907801847	yes
2561977	Eurrhypis pollinalis	Eurrhypis	Crambidae	Lepidoptera	Insecta	Arthropoda	Eurrhypis pollinalis	1	GCA_977019025.1		ilEurPoll1.hap1.1	Chromosome		321902719	no
1134731	Eurygaster testudinaria	Eurygaster	Scutelleridae	Hemiptera	Insecta	Arthropoda	Eurygaster testudinaria	1	GCA_987272635.1	reference genome	ihEurTest3.1	Chromosome		899781062	no
3093581	Eurysa lineata	Eurysa	Delphacidae	Hemiptera	Insecta	Arthropoda	Eurysa lineata	1	GCA_987357375.1	reference genome	ihEurLine1.hap1.1	Chromosome		1170429196	no
1594449	Euspilapteryx auroguttella	Euspilapteryx	Gracillariidae	Lepidoptera	Insecta	Arthropoda	Euspilapteryx auroguttella	1	GCA_951802225.1	reference genome	ilEusAuro2.1	Chromosome		331897825	no
2881975	Eustalomyia histrio	Eustalomyia	Anthomyiidae	Diptera	Insecta	Arthropoda	Eustalomyia histrio	1	GCA_949748255.1	reference genome	idEusHist1.1	Chromosome		871323355	no
624169	Euthrix potatoria	Euthrix	Lasiocampidae	Lepidoptera	Insecta	Arthropoda	Euthrix potatoria	1	GCA_965178115.1	reference genome	ilEutPota3.hap1.1	Chromosome		487857501	no
2163046	Euthycera fumigata	Euthycera	Sciomyzidae	Diptera	Insecta	Arthropoda	Euthycera fumigata	1	GCA_985607155.1	reference genome	idEutFumi1.hap1.1	Chromosome		1036346808	no
1936067	Eutolmus rufibarbis	Eutolmus	Asilidae	Diptera	Insecta	Arthropoda	Eutolmus rufibarbis	1	GCA_963920795.1	reference genome	idEutRufi1.1	Chromosome		285920159	no
1385253	Eutomostethus luteiventris	Eutomostethus	Tenthredinidae	Hymenoptera	Insecta	Arthropoda	Eutomostethus luteiventris	1	GCA_964662225.2	reference genome	iyEutLute1.hap1.2	Chromosome		265209406	no
1250651	Euura bergmanni	Euura	Tenthredinidae	Hymenoptera	Insecta	Arthropoda	Euura bergmanni	1	GCA_987195735.1	reference genome	iyEuuBerg1.hap1.1	Chromosome		241502760	no
2872556	Euura tibialis	Euura	Tenthredinidae	Hymenoptera	Insecta	Arthropoda	Euura tibialis	1	GCA_983139675.1	reference genome	iyEuuTibi1.hap1.1	Chromosome		240528418	no
995702	Euwallacea fornicatus	Euwallacea	Curculionidae	Coleoptera	Insecta	Arthropoda	Euwallacea fornicatus	3	GCF_040115645.1	reference genome	ASM4011564v1	Chromosome		219832364	yes
1736056	Euwallacea similis	Euwallacea	Curculionidae	Coleoptera	Insecta	Arthropoda	Euwallacea similis	3	GCF_039881205.1	reference genome	ESF131.1	Chromosome		177600458	yes
3373429	Euxoa segnilis	Euxoa	Noctuidae	Lepidoptera	Insecta	Arthropoda	Euxoa segnilis	2	GCA_965276465.1	reference genome	ilEuxSegn1.hap1.1	Chromosome		901951022	no
2561333	Euxoa temera	Euxoa	Noctuidae	Lepidoptera	Insecta	Arthropoda	Euxoa temera	2	GCA_965283315.1	reference genome	ilEuxTeme1.hap1.1	Chromosome		821327193	no
1366396	Euzophera pinguis	Euzophera	Pyralidae	Lepidoptera	Insecta	Arthropoda	Euzophera pinguis	1	GCA_947363495.1	reference genome	ilEuzPing2.1	Chromosome		464714582	no
1869930	Evergestis aenealis	Evergestis	Crambidae	Lepidoptera	Insecta	Arthropoda	Evergestis aenealis	1	GCA_977014635.1	reference genome	ilEveAene1.hap1.1	Chromosome		779122582	no
1869931	Evergestis extimalis	Evergestis	Crambidae	Lepidoptera	Insecta	Arthropoda	Evergestis extimalis	1	GCA_965663735.1	reference genome	ilEveExti1.hap1.1	Chromosome		681913894	no
1869933	Evergestis limbata	Evergestis	Crambidae	Lepidoptera	Insecta	Arthropoda	Evergestis limbata	1	GCA_984589655.1	reference genome	ilEveLimb2.1	Chromosome		821611104	no
688592	Evergestis pallidata	Evergestis	Crambidae	Lepidoptera	Insecta	Arthropoda	Evergestis pallidata	1	GCA_976985715.1	reference genome	ilEvePall1.hap1.1	Chromosome		737751516	no
1073587	Exaeretia ciniflonella	Exaeretia	Depressariidae	Lepidoptera	Insecta	Arthropoda	Exaeretia ciniflonella	1	GCA_982297025.1	reference genome	ilExaCini1.hap1.1	Chromosome		831081452	no
2884240	Exephanes ischioxanthus	Exephanes	Ichneumonidae	Hymenoptera	Insecta	Arthropoda	Exephanes ischioxanthus	1	GCA_958510785.1	reference genome	iyExeIsch1.1	Chromosome		283997928	no
405009	Fabriciana adippe	Fabriciana	Nymphalidae	Lepidoptera	Insecta	Arthropoda	Fabriciana adippe	1	GCA_905404265.1	reference genome	ilFabAdip1.1	Chromosome		484811369	no
405017	Fabriciana niobe	Fabriciana	Nymphalidae	Lepidoptera	Insecta	Arthropoda	Fabriciana niobe	1	GCA_988242165.1	reference genome	ilFabNiob1.hap1.1	Chromosome		449100528	no
505411	Falcaria lacertinaria	Falcaria	Drepanidae	Lepidoptera	Insecta	Arthropoda	Falcaria lacertinaria	1	GCA_951449985.1	reference genome	ilFalLace1.1	Chromosome		300170511	no
1594305	Falseuncaria ruficiliana	Falseuncaria	Tortricidae	Lepidoptera	Insecta	Arthropoda	Falseuncaria ruficiliana	1	GCA_978264155.1	reference genome	ilFalRufi1.hap1.1	Chromosome		439717333	no
307205	Fannia canicularis	Fannia	Fanniidae	Diptera	Insecta	Arthropoda	Fannia canicularis	2	GCA_977012895.1	reference genome	idFanCani4.hap1.1	Chromosome		1876390951	no
226145	Ferdinandea cuprea	Ferdinandea	Syrphidae	Diptera	Insecta	Arthropoda	Ferdinandea cuprea	1	GCA_963576555.1	reference genome	idFerCupr2.1	Chromosome		560229747	no
1280433	Filatima incomptella	Filatima	Gelechiidae	Lepidoptera	Insecta	Arthropoda	Filatima incomptella	1	GCA_976988865.1	reference genome	ilFilInco1.hap1.1	Chromosome		488437942	no
987458	Fissipunctia ypsillon	Fissipunctia	Noctuidae	Lepidoptera	Insecta	Arthropoda	Fissipunctia ypsillon	1	GCA_947568875.1	reference genome	ilFisYpsi1.1	Chromosome		715127636	no
1525512	Forcipomyia palustris	Forcipomyia	Ceratopogonidae	Diptera	Insecta	Arthropoda	Forcipomyia palustris	1	GCA_976917515.1	reference genome	idForPals1.1	Chromosome		167290829	no
72779	Formica fusca	Formica	Formicidae	Hymenoptera	Insecta	Arthropoda	Formica fusca	1	GCA_052642515.1	reference genome	ASM5264251v1	Chromosome		561468820	yes
485107	Formica gagates	Formica	Formicidae	Hymenoptera	Insecta	Arthropoda	Formica gagates	1	GCA_976983035.1	reference genome	iyForGaga1.1	Chromosome		289531942	no
258706	Formica rufa	Formica	Formicidae	Hymenoptera	Insecta	Arthropoda	Formica rufa	1	GCA_964276525.2	reference genome	iyForRufa2.2	Chromosome		342955072	no
208979	Formica selysi	Formica	Formicidae	Hymenoptera	Insecta	Arthropoda	Formica selysi	1	GCA_009859135.1	reference genome	ASM985913v1	Chromosome		290452129	no
163893	Frankliniella intonsa	Frankliniella	Thripidae	Thysanoptera	Insecta	Arthropoda	Frankliniella intonsa	2	GCA_033675135.1	reference genome	FiZJ1	Chromosome		225489217	no
133901	Frankliniella occidentalis	Frankliniella	Thripidae	Thysanoptera	Insecta	Arthropoda	Frankliniella occidentalis	1	GCA_035583395.1		IPM-FO01	Chromosome		405509986	no
987942	Furcula bifida	Furcula	Notodontidae	Lepidoptera	Insecta	Arthropoda	Furcula bifida	2	GCA_977012635.1	reference genome	ilFurBifi1.hap1.1	Chromosome		751710463	no
987943	Furcula furcula	Furcula	Notodontidae	Lepidoptera	Insecta	Arthropoda	Furcula furcula	1	GCA_911728495.1	reference genome	ilFurFurc1.1	Chromosome		736105881	no
2017130	Galeruca laticollis	Galeruca	Chrysomelidae	Coleoptera	Insecta	Arthropoda	Galeruca laticollis	1	GCA_963921935.1	reference genome	icGalLati1.1	Chromosome		2154559696	no
131645	Galerucella nymphaeae	Galerucella	Chrysomelidae	Coleoptera	Insecta	Arthropoda	Galerucella nymphaeae	1	GCA_963978555.1	reference genome	icGalNymp1.1	Chromosome		350166153	no
227477	Galerucella sagittariae	Galerucella	Chrysomelidae	Coleoptera	Insecta	Arthropoda	Galerucella sagittariae	1	GCA_980434365.1	reference genome	icGalSagi1.hap1.1	Chromosome		387450895	no
7137	Galleria mellonella	Galleria	Pyralidae	Lepidoptera	Insecta	Arthropoda	Galleria mellonella	1	GCA_958496185.1		ilGalMell1.1	Chromosome		466906747	no
934938	Gandaritis pyraliata	Gandaritis	Geometridae	Lepidoptera	Insecta	Arthropoda	Gandaritis pyraliata	1	GCA_947859175.1	reference genome	ilGanPyra1.1	Chromosome		295637629	no
1473642	Gasteruption assectator	Gasteruption	Gasteruptiidae	Hymenoptera	Insecta	Arthropoda	Gasteruption assectator	1	GCA_979610265.1	reference genome	iyGasAsse1.hap1.1	Chromosome		316231448	no
2718756	Gasteruption jaculator	Gasteruption	Gasteruptiidae	Hymenoptera	Insecta	Arthropoda	Gasteruption jaculator	1	GCA_949825005.1	reference genome	iyGasJacu1.1	Chromosome		275602730	no
2922068	Gastracanthus pulcherrimus	Gastracanthus	Pteromalidae	Hymenoptera	Insecta	Arthropoda	Gastracanthus pulcherrimus	1	GCA_949152435.1	reference genome	iyGasPulc2.1	Chromosome		1009999867	no
878018	Gastrophysa polygoni	Gastrophysa	Chrysomelidae	Coleoptera	Insecta	Arthropoda	Gastrophysa polygoni	1	GCA_963576655.1	reference genome	icGasPoly1.1	Chromosome		369753433	no
154015	Gastrophysa viridula	Gastrophysa	Chrysomelidae	Coleoptera	Insecta	Arthropoda	Gastrophysa viridula	1	GCA_965641405.1	reference genome	icGasViri2.1	Chromosome		349624548	no
1107782	Gegenes nostrodamus	Gegenes	Hesperiidae	Lepidoptera	Insecta	Arthropoda	Gegenes nostrodamus	1	GCA_964291895.1	reference genome	ilGegNost1.hap1.1	Chromosome		499725022	no
1594306	Gelechia muscosella	Gelechia	Gelechiidae	Lepidoptera	Insecta	Arthropoda	Gelechia muscosella	2	GCA_987114445.1	reference genome	ilGelMusc1.hap1.1	Chromosome		510808015	no
2163653	Gelis areator	Gelis	Ichneumonidae	Hymenoptera	Insecta	Arthropoda	Gelis areator	1	GCA_964059375.1	reference genome	iyGelArea1.hap1.1	Chromosome		228146745	no
722665	Geometra papilionaria	Geometra	Geometridae	Lepidoptera	Insecta	Arthropoda	Geometra papilionaria	1	GCA_977804215.1	reference genome	ilGeoPapi1.hap1.1	Chromosome		674479845	no
500269	Geomyza tripunctata	Geomyza	Opomyzidae	Diptera	Insecta	Arthropoda	Geomyza tripunctata	1	GCA_965234165.1	reference genome	idGeoTrip2.1	Chromosome		223303114	no
295525	Geotrupes spiniger	Geotrupes	Geotrupidae	Coleoptera	Insecta	Arthropoda	Geotrupes spiniger	1	GCA_959613385.1	reference genome	icGeoSpin1.1	Chromosome		580566456	no
3119799	Gerinia honoraria	Gerinia	Geometridae	Lepidoptera	Insecta	Arthropoda	Gerinia honoraria	1	GCA_982552525.1	reference genome	ilGerHono1.hap1.1	Chromosome		298847247	no
1918084	Germaria angustata	Germaria	Tachinidae	Diptera	Insecta	Arthropoda	Germaria angustata	1	GCA_963681545.1	reference genome	idGerAngu1.1	Chromosome		586457627	no
108914	Gerris lacustris	Gerris	Gerridae	Hemiptera	Insecta	Arthropoda	Gerris lacustris	1	GCA_951217055.1	reference genome	ihGerLacu2.1	Chromosome		937526974	no
3392086	Gibbotettix parvipulvillus	Gibbotettix	Tetrigidae	Orthoptera	Insecta	Arthropoda	Gibbotettix parvipulvillus	1	GCA_050613505.1	reference genome	GNNU_Gipa_1.0	Chromosome		1422384682	no
1869947	Gillmeria ochrodactyla	Gillmeria	Pterophoridae	Lepidoptera	Insecta	Arthropoda	Gillmeria ochrodactyla	2	GCA_964340935.1	reference genome	ilGilOchr1.hap1.1	Chromosome		1336217827	no
687094	Gillmeria pallidactyla	Gillmeria	Pterophoridae	Lepidoptera	Insecta	Arthropoda	Gillmeria pallidactyla	1	GCA_964291005.1	reference genome	ilGilPall1.hap1.1	Chromosome		1323969034	no
1141332	Gilpinia frutetorum	Gilpinia	Diprionidae	Hymenoptera	Insecta	Arthropoda	Gilpinia frutetorum	1	GCA_982398105.1	reference genome	iyGilFrut1.hap1.1	Chromosome		349483518	no
206174	Glacies alpinata	Glacies	Geometridae	Lepidoptera	Insecta	Arthropoda	Glacies alpinata	1	GCA_964264065.1	reference genome	ilGlaAlpi1.hap1.1	Chromosome		575959799	no
203781	Glaucopsyche alexis	Glaucopsyche	Lycaenidae	Lepidoptera	Insecta	Arthropoda	Glaucopsyche alexis	1	GCA_905404095.1	reference genome	ilGlaAlex1.1	Chromosome		619528502	no
1002887	Glaucopsyche melanops	Glaucopsyche	Lycaenidae	Lepidoptera	Insecta	Arthropoda	Glaucopsyche melanops	1	GCA_965178665.1	reference genome	ilGlaMeln1.hap1.1	Chromosome		682176199	no
2744207	Glaucopsyche paphos	Glaucopsyche	Lycaenidae	Lepidoptera	Insecta	Arthropoda	Glaucopsyche paphos	2	GCA_974871385.1	reference genome	ilGlaPaph6.1.hap1	Chromosome		510089985	no
1660644	Globia sparganii	Globia	Noctuidae	Lepidoptera	Insecta	Arthropoda	Globia sparganii	1	GCA_949316385.1	reference genome	ilGloSpar1.1	Chromosome		676673361	no
7396	Glossina fuscipes	Glossina	Glossinidae	Diptera	Insecta	Arthropoda	Glossina fuscipes fuscipes	2	GCA_049640005.1		Gff_IAEA_hifiasm_2025_v1	Chromosome		378870665	yes
1869956	Glyphipterix bergstraesserella	Glyphipterix	Glyphipterigidae	Lepidoptera	Insecta	Arthropoda	Glyphipterix bergstraesserella	1	GCA_975480685.1	reference genome	ilGlyBerg1.hap1.1	Chromosome		1020948928	no
1291413	Glyphipterix forsterella	Glyphipterix	Glyphipterigidae	Lepidoptera	Insecta	Arthropoda	Glyphipterix forsterella	1	GCA_977013705.1	reference genome	ilGlyFors3.1	Chromosome		599948989	no
1869957	Glyphipterix fuscoviridella	Glyphipterix	Glyphipterigidae	Lepidoptera	Insecta	Arthropoda	Glyphipterix fuscoviridella	1	GCA_964332205.1	reference genome	ilGlyFusc1.hap1.1	Chromosome		918882696	no
753184	Glyphipterix haworthana	Glyphipterix	Glyphipterigidae	Lepidoptera	Insecta	Arthropoda	Glyphipterix haworthana	1	GCA_974392455.1	reference genome	ilGlyHawo1.hap1.1	Chromosome		495922819	no
1100998	Glyphipterix thrasonella	Glyphipterix	Glyphipterigidae	Lepidoptera	Insecta	Arthropoda	Glyphipterix thrasonella	1	GCA_964188275.1	reference genome	ilGlyThra1.hap1.1	Chromosome		741248399	no
1078807	Glyphodes perspectalis	Glyphodes	Crambidae	Lepidoptera	Insecta	Arthropoda	Glyphodes perspectalis	2	GCA_045371335.1	reference genome	GL_inrae_Cper_v2	Chromosome		500441541	no
1242752	Glyphodes pyloalis	Glyphodes	Crambidae	Lepidoptera	Insecta	Arthropoda	Glyphodes pyloalis	2	GCA_037074685.2	reference genome	ASM3707468v2	Chromosome		541299124	no
1271742	Glyphotaelius pellucidus	Glyphotaelius	Limnephilidae	Trichoptera	Insecta	Arthropoda	Glyphotaelius pellucidus	1	GCA_936435175.1	reference genome	iiGlyPell1.1	Chromosome		1037107663	no
1553328	Gnatocerus cornutus	Gnatocerus	Tenebrionidae	Coleoptera	Insecta	Arthropoda	Gnatocerus cornutus	2	GCF_029298725.1	reference genome	icGnaCorn1.1	Chromosome		342674785	yes
204505	Gnophos obfuscatus	Gnophos	Geometridae	Lepidoptera	Insecta	Arthropoda	Gnophos obfuscatus	1	GCA_987114325.1	reference genome	ilGnoObfs1.hap1.1	Chromosome		539794929	no
2561350	Gnorimoschema epithymella	Gnorimoschema	Gelechiidae	Lepidoptera	Insecta	Arthropoda	Gnorimoschema epithymella	1	GCA_977012515.1	reference genome	ilGnoEpit1.hap1.1	Chromosome		660363626	no
1007316	Gomphocerus sibiricus	Gomphocerus	Acrididae	Orthoptera	Insecta	Arthropoda	Gomphocerus sibiricus	1	GCA_051013515.1	reference genome	ASM5101351v1	Chromosome		9569295552	no
78609	Gonepteryx rhamni	Gonepteryx	Pieridae	Lepidoptera	Insecta	Arthropoda	Gonepteryx rhamni	1	GCA_965217435.1	reference genome	ilGonRham3.hap1.1	Chromosome		317267609	no
454364	Goniozus nephantidis	Goniozus	Bethylidae	Hymenoptera	Insecta	Arthropoda	Goniozus nephantidis	1	GCA_057930725.1	reference genome	ASM5793072v1	Complete Genome		163942124	no
302818	Gonocephalum reticulatum	Gonocephalum	Tenebrionidae	Coleoptera	Insecta	Arthropoda	Gonocephalum reticulatum	1	GCA_059058725.2	reference genome	ASM5905872v2	Chromosome		473107382	no
1545138	Gonocerus acuteangulatus	Gonocerus	Coreidae	Hemiptera	Insecta	Arthropoda	Gonocerus acuteangulatus	1	GCA_946811695.1	reference genome	ihGonAcut1.1	Chromosome		1106193860	no
700380	Gonodera luperus	Gonodera	Tenebrionidae	Coleoptera	Insecta	Arthropoda	Gonodera luperus	1	GCA_977014565.1	reference genome	icGonLupe2.hap1.1	Chromosome		327517452	no
988118	Gortyna flavago	Gortyna	Noctuidae	Lepidoptera	Insecta	Arthropoda	Gortyna flavago	1	GCA_963669345.1	reference genome	ilGorFlav1.1	Chromosome		534001223	no
1126390	Gorytes laticinctus	Gorytes	Crabronidae	Hymenoptera	Insecta	Arthropoda	Gorytes laticinctus	1	GCA_977993655.1	reference genome	iyGorLati1.hap1.1	Chromosome		289229820	no
1849259	Graciliella metohijensis	Graciliella	Leiodidae	Coleoptera	Insecta	Arthropoda	Graciliella metohijensis	1	GCA_978019395.1	reference genome	icGraMeto1.1	Chromosome		243216349	no
753336	Gracillaria syringella	Gracillaria	Gracillariidae	Lepidoptera	Insecta	Arthropoda	Gracillaria syringella	1	GCA_965641305.1	reference genome	ilGraSyri3.1	Chromosome		212470716	no
2561363	Grammodes bifasciata	Grammodes	Erebidae	Lepidoptera	Insecta	Arthropoda	Grammodes bifasciata	1	GCA_965262075.1	reference genome	ilGraBifa1.hap1.1	Chromosome		1182459350	no
1123337	Grammodes stolida	Grammodes	Erebidae	Lepidoptera	Insecta	Arthropoda	Grammodes stolida	1	GCA_965234925.1	reference genome	ilGraStol1.hap1.1	Chromosome		1163323334	no
351486	Grammoptera ruficornis	Grammoptera	Cerambycidae	Coleoptera	Insecta	Arthropoda	Grammoptera ruficornis	1	GCA_964332215.1	reference genome	icGraRufi3.hap1.1	Chromosome		431585921	no
688406	Graphiphora augur	Graphiphora	Noctuidae	Lepidoptera	Insecta	Arthropoda	Graphiphora augur	1	GCA_965637095.1	reference genome	ilGraAugu1.hap1.1	Chromosome		536490578	no
157381	Graphium cloanthus	Graphium	Papilionidae	Lepidoptera	Insecta	Arthropoda	Graphium cloanthus	1	GCA_040363735.1	reference genome	ASM4036373v1	Chromosome		1107376713	no
157375	Graphium eurypylus	Graphium	Papilionidae	Lepidoptera	Insecta	Arthropoda	Graphium eurypylus	1	GCA_040363725.1	reference genome	ASM4036372v1	Chromosome		1217087460	no
76205	Graphium sarpedon	Graphium	Papilionidae	Lepidoptera	Insecta	Arthropoda	Graphium sarpedon	1	GCA_040363715.1	reference genome	ASM4036371v1	Chromosome		885051584	no
1195450	Grapholita aureolana	Grapholita	Tortricidae	Lepidoptera	Insecta	Arthropoda	Grapholita aureolana	1	GCA_974392525.1	reference genome	ilGraAure1.hap1.1	Chromosome		530824696	no
1391528	Grapholita caecana	Grapholita	Tortricidae	Lepidoptera	Insecta	Arthropoda	Grapholita caecana	1	GCA_988264945.1	reference genome	ilGraCaec1.hap1.1	Chromosome		682324071	no
1660645	Grapholita compositella	Grapholita	Tortricidae	Lepidoptera	Insecta	Arthropoda	Grapholita compositella	1	GCA_971886065.1	reference genome	ilGraComp1.hap1.1	Chromosome		658365528	no
934274	Grapholita dimorpha	Grapholita	Tortricidae	Lepidoptera	Insecta	Arthropoda	Grapholita dimorpha	1	GCA_038095585.1	reference genome	ASM3809558v1	Complete Genome		501590420	no
568174	Grapholita funebrana	Grapholita	Tortricidae	Lepidoptera	Insecta	Arthropoda	Grapholita funebrana	1	GCA_038095595.1	reference genome	ASM3809559v1	Complete Genome		570943391	no
1869968	Grapholita janthinana	Grapholita	Tortricidae	Lepidoptera	Insecta	Arthropoda	Grapholita janthinana	1	GCA_987274715.1	reference genome	ilGraJant3.1	Chromosome		730421405	no
2566637	Grapholita jungiella	Grapholita	Tortricidae	Lepidoptera	Insecta	Arthropoda	Grapholita jungiella	1	GCA_965637225.1	reference genome	ilGraJung1.1	Chromosome		510018700	no
192188	Grapholita molesta	Grapholita	Tortricidae	Lepidoptera	Insecta	Arthropoda	Grapholita molesta	1	GCA_022674325.2	reference genome	ASM2267432v2	Chromosome		488440576	no
1869970	Grapholita orobana	Grapholita	Tortricidae	Lepidoptera	Insecta	Arthropoda	Grapholita orobana	2	GCA_965654375.1	reference genome	ilGraOrob1.hap1.1	Chromosome		720294460	no
1869971	Grapholita pallifrontana	Grapholita	Tortricidae	Lepidoptera	Insecta	Arthropoda	Grapholita pallifrontana	1	GCA_984660555.1	reference genome	ilGraPall1.hap1.1	Chromosome		612359589	no
1594307	Grapholita tenebrosana	Grapholita	Tortricidae	Lepidoptera	Insecta	Arthropoda	Grapholita tenebrosana	1	GCA_977014695.1	reference genome	ilGraTene2.1	Chromosome		710614841	no
1230139	Graphomya maculata	Graphomya	Muscidae	Diptera	Insecta	Arthropoda	Graphomya maculata	1	GCA_977930245.2	reference genome	idGraMacu2.2	Chromosome		800669211	no
537450	Graphosoma italicum	Graphosoma	Pentatomidae	Hemiptera	Insecta	Arthropoda	Graphosoma italicum	1	GCA_965282455.1	reference genome	ihGraItal9.hap1.1	Chromosome		1491838610	no
2805699	Gregopimpla kuwanae	Gregopimpla	Ichneumonidae	Hymenoptera	Insecta	Arthropoda	Gregopimpla kuwanae	1	GCA_052576135.1	reference genome	ASM5257613v1	Chromosome		332936935	no
1101106	Griposia aprilina	Griposia	Noctuidae	Lepidoptera	Insecta	Arthropoda	Griposia aprilina	1	GCA_916610205.1	reference genome	ilGriApri1.1	Chromosome		720411482	no
128156	Gryllus assimilis	Gryllus	Gryllidae	Orthoptera	Insecta	Arthropoda	Gryllus assimilis	1	GCA_046254815.1	reference genome	ASM4625481v1	Chromosome		1603837708	no
6999	Gryllus bimaculatus	Gryllus	Gryllidae	Orthoptera	Insecta	Arthropoda	Gryllus bimaculatus	5	GCA_054131365.1	reference genome	ASM5413136v1	Chromosome		1668934105	no
58607	Gryllus campestris	Gryllus	Gryllidae	Orthoptera	Insecta	Arthropoda	Gryllus campestris	1	GCA_986885535.1	reference genome	iqGryCamp1.hap1.1	Chromosome		1688721915	no
2792841	Grypocoris stysi	Grypocoris	Miridae	Hemiptera	Insecta	Arthropoda	Grypocoris stysi	1	GCA_982500575.1	reference genome	ihGryStys1.1	Chromosome		763089971	no
1553333	Grypus equiseti	Grypus	Erirhinidae	Coleoptera	Insecta	Arthropoda	Grypus equiseti	1	GCA_964656865.1	reference genome	icGryEqui2.1	Chromosome		779273440	no
3411926	Gufria limosa	Gufria	Lasiocampidae	Lepidoptera	Insecta	Arthropoda	Gufria limosa	1	GCA_986268495.1	reference genome	ilGufLimo1.hap1.1	Chromosome		548817981	no
631317	Gymnocheta viridis	Gymnocheta	Tachinidae	Diptera	Insecta	Arthropoda	Gymnocheta viridis	1	GCA_956483585.1	reference genome	idGymViri1.1	Chromosome		600300880	no
934940	Gymnoscelis rufifasciata	Gymnoscelis	Geometridae	Lepidoptera	Insecta	Arthropoda	Gymnoscelis rufifasciata	1	GCA_929108375.1	reference genome	ilGymRufi1.1	Chromosome		461994518	no
569046	Gymnosoma rotundatum	Gymnosoma	Tachinidae	Diptera	Insecta	Arthropoda	Gymnosoma rotundatum	1	GCA_916610165.2	reference genome	idGymRotn1.2	Chromosome		779127282	no
988120	Gynaephora selenitica	Gynaephora	Erebidae	Lepidoptera	Insecta	Arthropoda	Gynaephora selenitica	1	GCA_986419205.1	reference genome	ilGynSele1.hap1.1	Chromosome		861995000	no
684540	Gypsonoma aceriana	Gypsonoma	Tortricidae	Lepidoptera	Insecta	Arthropoda	Gypsonoma aceriana	1	GCA_984885775.1	reference genome	ilGypAcer4.hap1.1	Chromosome		663738419	no
1869975	Gypsonoma nitidulana	Gypsonoma	Tortricidae	Lepidoptera	Insecta	Arthropoda	Gypsonoma nitidulana	1	GCA_965655135.1	reference genome	ilGypNiti1.hap1.1	Chromosome		585063263	no
1323538	Gyrinus marinus	Gyrinus	Gyrinidae	Coleoptera	Insecta	Arthropoda	Gyrinus marinus	1	GCA_987217015.1	reference genome	icGyrMari1.hap1.1	Chromosome		480256120	no
721137	Habrosyne pyritoides	Habrosyne	Drepanidae	Lepidoptera	Insecta	Arthropoda	Habrosyne pyritoides	1	GCA_907165245.1	reference genome	ilHabPyri1.1	Chromosome		400553399	no
987945	Hada plebeja	Hada	Noctuidae	Lepidoptera	Insecta	Arthropoda	Hada plebeja	1	GCA_965152725.1	reference genome	ilHadPleb2.1	Chromosome		622247224	no
987947	Hadena bicruris	Hadena	Noctuidae	Lepidoptera	Insecta	Arthropoda	Hadena bicruris	1	GCA_965212325.1	reference genome	ilHadBicr1.hap1.1	Chromosome		689558701	no
987949	Hadena compta	Hadena	Noctuidae	Lepidoptera	Insecta	Arthropoda	Hadena compta	1	GCA_965198765.1	reference genome	ilHadComp1.hap1.1	Chromosome		687089854	no
7368	Haematobia irritans	Haematobia	Muscidae	Diptera	Insecta	Arthropoda	Haematobia irritans	2	GCF_050003625.1	reference genome	ASM5000362v1	Chromosome		1173502364	yes
77576	Halictus ligatus	Halictus	Halictidae	Hymenoptera	Insecta	Arthropoda	Halictus ligatus	1	GCA_028454255.1	reference genome	HLIG_v2.2.0	Chromosome		310992892	no
3229267	Halictus nicosiae	Halictus	Halictidae	Hymenoptera	Insecta	Arthropoda	Halictus nicosiae	1	GCA_976986675.1	reference genome	iyHalNico6.1	Chromosome		367819907	no
115107	Halictus quadricinctus	Halictus	Halictidae	Hymenoptera	Insecta	Arthropoda	Halictus quadricinctus	1	GCA_028454245.1	reference genome	HQUA_v2.2.0	Chromosome		290030938	no
77578	Halictus rubicundus	Halictus	Halictidae	Hymenoptera	Insecta	Arthropoda	Halictus rubicundus	3	GCF_050948215.1	reference genome	iyHalRubi1_principal	Chromosome		618167500	yes
295970	Hallomenus binotatus	Hallomenus	Tetratomidae	Coleoptera	Insecta	Arthropoda	Hallomenus binotatus	1	GCA_965648495.1	reference genome	icHalBino1.hap1.1	Chromosome		204881513	no
347359	Halyzia sedecimguttata	Halyzia	Coccinellidae	Coleoptera	Insecta	Arthropoda	Halyzia sedecimguttata	1	GCA_937662695.2	reference genome	icHalSede1.2	Chromosome		919090586	no
328891	Hamearis lucina	Hamearis	Riodinidae	Lepidoptera	Insecta	Arthropoda	Hamearis lucina	1	GCA_982551735.1	reference genome	ilHamLuci3.hap1.1	Chromosome		594929176	no
226172	Hammerschmidtia ferruginea	Hammerschmidtia	Syrphidae	Diptera	Insecta	Arthropoda	Hammerschmidtia ferruginea	1	GCA_986885565.1	reference genome	idHamFerr1.hap1.1	Chromosome		365831539	no
1666837	Haplotinea insectella	Haplotinea	Tineidae	Lepidoptera	Insecta	Arthropoda	Haplotinea insectella	1	GCA_976986825.1	reference genome	ilHapInse1.hap1.1	Chromosome		279865307	no
115357	Harmonia axyridis	Harmonia	Coccinellidae	Coleoptera	Insecta	Arthropoda	Harmonia axyridis	3	GCF_914767665.1	reference genome	icHarAxyr1.1	Chromosome		425524972	yes
346781	Harmonia quadripunctata	Harmonia	Coccinellidae	Coleoptera	Insecta	Arthropoda	Harmonia quadripunctata	1	GCA_965642415.1	reference genome	icHarQuad1.hap1.1	Chromosome		661308525	no
247284	Harpalus anxius	Harpalus	Carabidae	Coleoptera	Insecta	Arthropoda	Harpalus anxius	1	GCA_965601895.1	reference genome	icHarAnxi1.hap1.1	Chromosome		1066235504	no
247297	Harpalus rubripes	Harpalus	Carabidae	Coleoptera	Insecta	Arthropoda	Harpalus rubripes	1	GCA_963082715.1	reference genome	icHarRubr1.1	Chromosome		1253227451	no
247442	Harpalus rufipes	Harpalus	Carabidae	Coleoptera	Insecta	Arthropoda	Harpalus rufipes	1	GCA_951394225.1	reference genome	icHarRufp1.1	Chromosome		890536119	no
516509	Harpocera thoracica	Harpocera	Miridae	Hemiptera	Insecta	Arthropoda	Harpocera thoracica	1	GCA_964273525.1	reference genome	ihHarThor2.1	Chromosome		998730269	no
3433878	Hebata decipiens	Hebata	Cicadellidae	Hemiptera	Insecta	Arthropoda	Hebata decipiens	1	GCA_964267455.1		ihEmpDeci1.1	Chromosome		1421956716	no
988124	Hecatera bicolorata	Hecatera	Noctuidae	Lepidoptera	Insecta	Arthropoda	Hecatera bicolorata	1	GCA_965226135.1	reference genome	ilHecBico1.hap1.1	Chromosome		584507146	no
988125	Hecatera dysodea	Hecatera	Noctuidae	Lepidoptera	Insecta	Arthropoda	Hecatera dysodea	1	GCA_905332915.2	reference genome	ilHecDyso1.2	Chromosome		640896252	no
572853	Hedya nubiferana	Hedya	Tortricidae	Lepidoptera	Insecta	Arthropoda	Hedya nubiferana	1	GCA_977014005.1	reference genome	ilHedNubi2.1	Chromosome		558149794	no
989781	Hedya ochroleucana	Hedya	Tortricidae	Lepidoptera	Insecta	Arthropoda	Hedya ochroleucana	1	GCA_986268565.1		ilHedOchr3.hap1.1	Chromosome		671609708	no
1594309	Hedya pruniana	Hedya	Tortricidae	Lepidoptera	Insecta	Arthropoda	Hedya pruniana	1	GCA_964197955.1	reference genome	ilHedPrun1.1	Chromosome		521052055	no
1869985	Hedya salicella	Hedya	Tortricidae	Lepidoptera	Insecta	Arthropoda	Hedya salicella	1	GCA_905404275.2	reference genome	ilHedSali1.2	Chromosome		742309209	no
2083358	Hedychridium cupreum	Hedychridium	Chrysididae	Hymenoptera	Insecta	Arthropoda	Hedychridium cupreum	1	GCA_988241205.1	reference genome	iyHedCupr1.hap1.1	Chromosome		195314567	no
212591	Hedychridium roseum	Hedychridium	Chrysididae	Hymenoptera	Insecta	Arthropoda	Hedychridium roseum	1	GCA_963989215.1	reference genome	iyHedRose1.1	Chromosome		174728637	no
1449015	Helcystogramma rufescens	Helcystogramma	Gelechiidae	Lepidoptera	Insecta	Arthropoda	Helcystogramma rufescens	2	GCA_982375455.2	reference genome	ilHelRufe4.hap2.2	Chromosome		536781576	no
2727545	Helcystogramma triannulella	Helcystogramma	Gelechiidae	Lepidoptera	Insecta	Arthropoda	Helcystogramma triannulella	1	GCA_051201365.1	reference genome	ASM5120136v1	Chromosome		387725332	no
33435	Heliconius antiochus	Heliconius	Nymphalidae	Lepidoptera	Insecta	Arthropoda	Heliconius antiochus	1	GCA_964145975.1	reference genome	ilHelAnti3.1	Chromosome		397810453	no
33434	Heliconius charithonia	Heliconius	Nymphalidae	Lepidoptera	Insecta	Arthropoda	Heliconius charithonia	1	GCA_030704555.1	reference genome	Hchar_UCI_1.0	Chromosome		356183433	no
33422	Heliconius congener	Heliconius	Nymphalidae	Lepidoptera	Insecta	Arthropoda	Heliconius congener	2	GCA_964144555.1	reference genome	ilHelCong3.1	Chromosome		417535933	no
34740	Heliconius melpomene	Heliconius	Nymphalidae	Lepidoptera	Insecta	Arthropoda	Heliconius melpomene rosina	2	GCF_056956725.1	reference genome	ASM5695672v1	Chromosome		298068923	yes
33433	Heliconius sapho	Heliconius	Nymphalidae	Lepidoptera	Insecta	Arthropoda	Heliconius sapho	2	GCA_964147245.1	reference genome	ilHelSaph4.1	Chromosome		382314487	no
33443	Heliconius sara	Heliconius	Nymphalidae	Lepidoptera	Insecta	Arthropoda	Heliconius sara	1	GCA_917862395.2	reference genome	iHelSar1.2	Chromosome		348895802	no
29058	Helicoverpa armigera	Helicoverpa	Noctuidae	Lepidoptera	Insecta	Arthropoda	Helicoverpa armigera	7	GCF_030705265.1	reference genome	ASM3070526v1	Chromosome		355232002	yes
52344	Helicoverpa assulta	Helicoverpa	Noctuidae	Lepidoptera	Insecta	Arthropoda	Helicoverpa assulta	2	GCA_050947285.1	reference genome	CAAS_Has	Chromosome		392245228	no
7113	Helicoverpa zea	Helicoverpa	Noctuidae	Lepidoptera	Insecta	Arthropoda	Helicoverpa zea	3	GCF_022581195.2	reference genome	ilHelZeax1.1	Chromosome		375165593	yes
1291794	Helina obscurata	Helina	Muscidae	Diptera	Insecta	Arthropoda	Helina obscurata	1	GCA_984660655.1	reference genome	idHelObsc1.hap1.1	Chromosome		1576582864	no
1869987	Heliomata glarearia	Heliomata	Geometridae	Lepidoptera	Insecta	Arthropoda	Heliomata glarearia	1	GCA_977112075.1	reference genome	ilHelGlar1.hap1.1	Chromosome		462232059	no
542982	Heliothis peltigera	Heliothis	Noctuidae	Lepidoptera	Insecta	Arthropoda	Heliothis peltigera	1	GCA_958496145.1	reference genome	ilHelPelt1.1	Chromosome		332828679	no
542985	Heliothis viriplaca	Heliothis	Noctuidae	Lepidoptera	Insecta	Arthropoda	Heliothis viriplaca	1	GCA_976234845.1	reference genome	ilHelViri1.hap1.1	Chromosome		424324771	no
2795559	Helleia helle	Helleia	Lycaenidae	Lepidoptera	Insecta	Arthropoda	Helleia helle	2	GCA_963853865.1	reference genome	ilHelHell1.1	Complete Genome		547306268	no
1660649	Hellinsia carphodactyla	Hellinsia	Pterophoridae	Lepidoptera	Insecta	Arthropoda	Hellinsia carphodactyla	1	GCA_980885545.1	reference genome	ilHelCarp3.hap1.1	Chromosome		536750828	no
1869991	Hellinsia didactylites	Hellinsia	Pterophoridae	Lepidoptera	Insecta	Arthropoda	Hellinsia didactylites	2	GCA_977993605.1	reference genome	ilHelDida1.hap1.1	Chromosome		397212964	no
1557544	Hellinsia lienigianus	Hellinsia	Pterophoridae	Lepidoptera	Insecta	Arthropoda	Hellinsia lienigianus	1	GCA_987569865.1	reference genome	ilHelLien1.hap1.1	Chromosome		491804050	no
1100896	Hellinsia osteodactyla	Hellinsia	Pterophoridae	Lepidoptera	Insecta	Arthropoda	Hellinsia osteodactyla	2	GCA_965654225.1	reference genome	ilHelOsto1.hap1.1	Chromosome		434595879	no
144344	Hellwigia obscura	Hellwigia	Ichneumonidae	Hymenoptera	Insecta	Arthropoda	Hellwigia obscura	1	GCA_982473555.1	reference genome	iyHelObsc1.1	Chromosome		270065940	no
2867824	Hemadas nubilipennis	Hemadas	Ormyridae	Hymenoptera	Insecta	Arthropoda	Hemadas nubilipennis	1	GCA_061603475.1	reference genome	iyHemNubi.pri	Chromosome		1077948057	yes
987953	Hemaris fuciformis	Hemaris	Sphingidae	Lepidoptera	Insecta	Arthropoda	Hemaris fuciformis	1	GCA_907164795.1	reference genome	iHemFuc1.1	Chromosome		448837683	no
987954	Hemaris tityus	Hemaris	Sphingidae	Lepidoptera	Insecta	Arthropoda	Hemaris tityus	1	GCA_982340745.1	reference genome	ilHemTity1.hap1.1	Chromosome		473713311	no
1132043	Hemicrepidius hirtus	Hemicrepidius	Elateridae	Coleoptera	Insecta	Arthropoda	Hemicrepidius hirtus	1	GCA_963082805.1	reference genome	icHemNige1.1	Chromosome		377554614	no
934942	Hemistola chrysoprasaria	Hemistola	Geometridae	Lepidoptera	Insecta	Arthropoda	Hemistola chrysoprasaria	1	GCA_947063395.1	reference genome	ilHemChry1.1	Chromosome		438237544	no
572857	Hemithea aestivaria	Hemithea	Geometridae	Lepidoptera	Insecta	Arthropoda	Hemithea aestivaria	1	GCA_947507615.1	reference genome	ilHemAest2.1	Chromosome		501696139	no
549062	Heriades truncorum	Heriades	Megachilidae	Hymenoptera	Insecta	Arthropoda	Heriades truncorum	1	GCA_987195815.1		iyHerTrun1.hap1.1	Chromosome		434510955	no
1335492	Herina lugubris	Herina	Ulidiidae	Diptera	Insecta	Arthropoda	Herina lugubris	1	GCA_977013455.2	reference genome	idHerLugu2.hap1.2	Chromosome		442778160	no
2795678	Herina nigrina	Herina	Ulidiidae	Diptera	Insecta	Arthropoda	Herina nigrina	1	GCA_982191835.1	reference genome	idHerNign2.hap1.1	Chromosome		438098282	no
173637	Heringocrania unimaculella	Heringocrania	Eriocraniidae	Lepidoptera	Insecta	Arthropoda	Heringocrania unimaculella	2	GCA_977014445.1	reference genome	ilHerUnim2.hap1.1	Chromosome		475065721	no
347362	Hermaeophaga mercurialis	Hermaeophaga	Chrysomelidae	Coleoptera	Insecta	Arthropoda	Hermaeophaga mercurialis	1	GCA_951812935.1	reference genome	icHerMerc2.1	Chromosome		479394699	no
343691	Hermetia illucens	Hermetia	Stratiomyidae	Diptera	Insecta	Arthropoda	Hermetia illucens	3	GCF_905115235.1	reference genome	iHerIll2.2.curated.20191125	Chromosome		1004932590	yes
987955	Herminia grisealis	Herminia	Erebidae	Lepidoptera	Insecta	Arthropoda	Herminia grisealis	1	GCA_987193495.1	reference genome	ilHerGris2.hap1.1	Chromosome		1018912150	no
938191	Herminia tarsicrinalis	Herminia	Erebidae	Lepidoptera	Insecta	Arthropoda	Herminia tarsicrinalis	1	GCA_964656175.1		ilHerTars1.hap1.1	Chromosome		801834021	no
987440	Herminia tarsipennalis	Herminia	Erebidae	Lepidoptera	Insecta	Arthropoda	Herminia tarsipennalis	1	GCA_945859575.2	reference genome	ilHerTari1.2	Chromosome		788433107	no
1869992	Herminia tenuialis	Herminia	Erebidae	Lepidoptera	Insecta	Arthropoda	Herminia tenuialis	1	GCA_984798955.1	reference genome	ilHerTenu1.hap1.1	Chromosome		937742236	no
2673479	Hermonassa cecilia	Hermonassa	Noctuidae	Lepidoptera	Insecta	Arthropoda	Hermonassa cecilia	1	GCA_050084585.1	reference genome	CAAS_Hcec	Chromosome		626097187	no
3065877	Herpes porcellus	Herpes	Curculionidae	Coleoptera	Insecta	Arthropoda	Herpes porcellus	1	GCA_981691985.1	reference genome	Genome assembly of Herpes porcellus icHerPorc	Chromosome		775828464	no
291688	Hesperia comma	Hesperia	Hesperiidae	Lepidoptera	Insecta	Arthropoda	Hesperia comma	1	GCA_905404135.1	reference genome	ilHesComm1.1	Chromosome		525335281	no
2566765	Hesperophylax consimilis	Hesperophylax	Limnephilidae	Trichoptera	Insecta	Arthropoda	Hesperophylax consimilis	1	GCA_061612785.1	reference genome	BYU_Hcon_1.0	Chromosome		1137195232	no
378390	Hestina assimilis	Hestina	Nymphalidae	Lepidoptera	Insecta	Arthropoda	Hestina assimilis	1	GCA_023373885.1	reference genome	ASM2337388v1	Chromosome		423874072	no
62019	Hetaerina titia	Hetaerina	Calopterygidae	Odonata	Insecta	Arthropoda	Hetaerina titia	1	GCA_037158775.1	reference genome	HetTit1.0.p	Chromosome		1444697970	no
3073611	Heteragrion aequatoriale	Heteragrion	Megapodagrionidae	Odonata	Insecta	Arthropoda	Heteragrion aequatoriale	1	GCA_986264715.1	reference genome	ioHetAequ1.hap1.1	Chromosome		1861138612	no
3076493	Heterogaster urticae	Heterogaster	Heterogastridae	Hemiptera	Insecta	Arthropoda	Heterogaster urticae	1	GCA_982473645.1	reference genome	ihHetUrti1.hap1.1	Chromosome		1656810643	no
1085962	Heterogynis canalensis	Heterogynis	Heterogynidae	Lepidoptera	Insecta	Arthropoda	Heterogynis canalensis	2	GCA_977090065.1	reference genome	ilHetCana1.hap1.1	Chromosome		775690068	no
2867252	Heteromyza rotundicornis	Heteromyza	Heleomyzidae	Diptera	Insecta	Arthropoda	Heteromyza rotundicornis	1	GCA_951394025.1	reference genome	idHetRotu1.1	Chromosome		333412527	no
494771	Heteropelma amictum	Heteropelma	Ichneumonidae	Hymenoptera	Insecta	Arthropoda	Heteropelma amictum	1	GCA_959613375.1	reference genome	iyHetAmic1.1	Chromosome		226425203	no
881470	Heterotoma planicornis	Heterotoma	Miridae	Hemiptera	Insecta	Arthropoda	Heterotoma planicornis	1	GCA_987217055.1	reference genome	ihHetPlan1.hap1.1	Chromosome		861225262	no
2863128	Himalopsyche anomala	Himalopsyche	Rhyacophilidae	Trichoptera	Insecta	Arthropoda	Himalopsyche anomala	1	GCA_031772345.1	reference genome	ASM3177234v1	Chromosome		663432879	no
2828945	Hipparchia cypriensis	Hipparchia	Nymphalidae	Lepidoptera	Insecta	Arthropoda	Hipparchia cypriensis	1	GCA_978046935.1	reference genome	ilHipCypr1.1.pri	Chromosome		387821496	no
111910	Hipparchia fagi	Hipparchia	Nymphalidae	Lepidoptera	Insecta	Arthropoda	Hipparchia fagi	1	GCA_964396745.1	reference genome	ilHipFagi1.hap1.1	Chromosome		380619111	no
366083	Hipparchia fidia	Hipparchia	Nymphalidae	Lepidoptera	Insecta	Arthropoda	Hipparchia fidia	1	GCA_975146275.1		ilHipFidi1.hap1.1	Chromosome		382573330	no
2505778	Hipparchia genava	Hipparchia	Nymphalidae	Lepidoptera	Insecta	Arthropoda	Hipparchia genava	1	GCA_964264285.1	reference genome	ilHipGena1.hap1.1	Chromosome		411437753	no
2744210	Hipparchia maderensis	Hipparchia	Nymphalidae	Lepidoptera	Insecta	Arthropoda	Hipparchia maderensis	2	GCA_976063885.1	reference genome	ilHipMade1_hap2	Chromosome		380796767	no
2599364	Hipparchia sbordonii	Hipparchia	Nymphalidae	Lepidoptera	Insecta	Arthropoda	Hipparchia sbordonii	1	GCA_038048805.1	reference genome	HipSbo_unMask_final.fa	Chromosome		388610279	no
111912	Hipparchia semele	Hipparchia	Nymphalidae	Lepidoptera	Insecta	Arthropoda	Hipparchia semele	1	GCA_933228805.2	reference genome	ilHipSeme1.2	Chromosome		403405494	no
366085	Hipparchia statilinus	Hipparchia	Nymphalidae	Lepidoptera	Insecta	Arthropoda	Hipparchia statilinus	1	GCA_971852105.1	reference genome	ilHipStat1.hap1.1	Chromosome		406166775	no
876061	Hipparchia syriaca	Hipparchia	Nymphalidae	Lepidoptera	Insecta	Arthropoda	Hipparchia syriaca	1	GCA_965112445.1	reference genome	ilHipSyri1.hap1.1	Chromosome		393558404	no
876062	Hipparchia volgensis	Hipparchia	Nymphalidae	Lepidoptera	Insecta	Arthropoda	Hipparchia volgensis	1	GCA_982525305.1	reference genome	ilHipVolg1.hap1.1	Chromosome		395247297	no
64696	Hippodamia convergens	Hippodamia	Coccinellidae	Coleoptera	Insecta	Arthropoda	Hippodamia convergens	1	GCA_038502775.1	reference genome	Hcon_USA_1	Chromosome		619232409	no
703264	Hippodamia variegata	Hippodamia	Coccinellidae	Coleoptera	Insecta	Arthropoda	Hippodamia variegata	2	GCA_046424425.1	reference genome	ASM4642442v1	Chromosome		443720877	no
1262473	Hirtodrosophila cameraria	Hirtodrosophila	Drosophilidae	Diptera	Insecta	Arthropoda	Hirtodrosophila cameraria	1	GCA_949708635.1	reference genome	idHirCame2.1	Chromosome		214495864	no
317742	Hishimonus sellatus	Hishimonus	Cicadellidae	Hemiptera	Insecta	Arthropoda	Hishimonus sellatus	1	GCA_055697305.1	reference genome	ASM5569730v1	Chromosome		1379758891	no
572861	Hofmannophila pseudospretella	Hofmannophila	Oecophoridae	Lepidoptera	Insecta	Arthropoda	Hofmannophila pseudospretella	1	GCA_947369225.1	reference genome	ilHofPseu3.1	Chromosome		406154854	no
290657	Hololepta plana	Hololepta	Histeridae	Coleoptera	Insecta	Arthropoda	Hololepta plana	1	GCA_963695495.2	reference genome	icHolPlan1.2	Chromosome		139506490	no
644536	Holotrichia oblita	Holotrichia	Scarabaeidae	Coleoptera	Insecta	Arthropoda	Holotrichia oblita	1	GCA_023690525.1	reference genome	ASM2369052v1	Chromosome		1415113966	yes
1032692	Holotrichia serrata	Holotrichia	Scarabaeidae	Coleoptera	Insecta	Arthropoda	Holotrichia serrata	1	GCA_059746495.1	reference genome	H_serrata_1	Chromosome		919770815	no
197043	Homalodisca vitripennis	Homalodisca	Cicadellidae	Hemiptera	Insecta	Arthropoda	Homalodisca vitripennis	2	GCF_021130785.1	reference genome	UT_GWSS_2.1	Chromosome		2304988238	yes
2561392	Homoeosoma sinuella	Homoeosoma	Pyralidae	Lepidoptera	Insecta	Arthropoda	Homoeosoma sinuella	1	GCA_964340625.1	reference genome	ilHomSinu1.hap1.1	Chromosome		657417211	no
2979187	Hoplismenus bidentatus	Hoplismenus	Ichneumonidae	Hymenoptera	Insecta	Arthropoda	Hoplismenus bidentatus	1	GCA_976974325.1	reference genome	iyHopBide1.hap1.1	Chromosome		314634490	no
1384886	Hoplocampa crataegi	Hoplocampa	Tenthredinidae	Hymenoptera	Insecta	Arthropoda	Hoplocampa crataegi	1	GCA_987114355.1	reference genome	iyHopCrat1.hap1.1	Chromosome		234142606	no
875924	Hoplodrina ambigua	Hoplodrina	Noctuidae	Lepidoptera	Insecta	Arthropoda	Hoplodrina ambigua	1	GCA_949774945.1	reference genome	ilHopAmbi1.1	Chromosome		438098600	no
987956	Hoplodrina blanda	Hoplodrina	Noctuidae	Lepidoptera	Insecta	Arthropoda	Hoplodrina blanda	1	GCA_949316365.1	reference genome	ilHopBlan1.1	Chromosome		463994746	no
938192	Hoplodrina octogenaria	Hoplodrina	Noctuidae	Lepidoptera	Insecta	Arthropoda	Hoplodrina octogenaria	1	GCA_964261375.1	reference genome	ilHopOcto1.1	Chromosome		476651163	no
934868	Horisme radicaria	Horisme	Geometridae	Lepidoptera	Insecta	Arthropoda	Horisme radicaria	2	GCA_984798935.1	reference genome	ilHorRadi1.hap1.1	Chromosome		602806786	no
986989	Horisme tersata	Horisme	Geometridae	Lepidoptera	Insecta	Arthropoda	Horisme tersata	1	GCA_964341575.1	reference genome	ilHorTers1.hap1.1	Chromosome		558116421	no
934869	Horisme vitalbata	Horisme	Geometridae	Lepidoptera	Insecta	Arthropoda	Horisme vitalbata	1	GCA_951804965.1	reference genome	ilHorVita1.1	Chromosome		532755606	no
30177	Hormaphis cornu	Hormaphis	Hormaphididae	Hemiptera	Insecta	Arthropoda	Hormaphis cornu	1	GCA_017140985.1	reference genome	hormaphis_cornu_26Sep2017_PoQx8	Chromosome		319692780	no
3119748	Hoyosia codeti	Hoyosia	Limacodidae	Lepidoptera	Insecta	Arthropoda	Hoyosia codeti	1	GCA_982398035.1	reference genome	ilHoyCode1.hap1.1	Chromosome		721464528	no
268502	Hyblaea puera	Hyblaea	Hyblaeidae	Lepidoptera	Insecta	Arthropoda	Hyblaea puera	1	GCA_053542815.2	reference genome	ASM5354281v2	Chromosome		394927189	no
1262239	Hybos culiciformis	Hybos	Hybotidae	Diptera	Insecta	Arthropoda	Hybos culiciformis	1	GCA_964007475.1	reference genome	idHybCuli1.1	Chromosome		342558751	no
304249	Hybos femoratus	Hybos	Hybotidae	Diptera	Insecta	Arthropoda	Hybos femoratus	1	GCA_965663495.1	reference genome	idHybFemo1.1	Chromosome		322527445	no
1914940	Hycleus marcipoli	Hycleus	Meloidae	Coleoptera	Insecta	Arthropoda	Hycleus marcipoli	1	GCA_051167335.1	reference genome	ASM5116733v1	Chromosome		111448416	no
214171	Hydraecia micacea	Hydraecia	Noctuidae	Lepidoptera	Insecta	Arthropoda	Hydraecia micacea	1	GCA_914767645.1	reference genome	ilHydMica1.1	Chromosome		562425167	no
2561403	Hydraecia nordstroemi	Hydraecia	Noctuidae	Lepidoptera	Insecta	Arthropoda	Hydraecia nordstroemi	1	GCA_986885675.1	reference genome	ilHydNord1.hap1.1	Chromosome		592948120	no
326955	Hydrelia flammeolaria	Hydrelia	Geometridae	Lepidoptera	Insecta	Arthropoda	Hydrelia flammeolaria	1	GCA_986269805.1	reference genome	ilHydFlam1.hap1.1	Chromosome		459780761	no
986990	Hydrelia sylvata	Hydrelia	Geometridae	Lepidoptera	Insecta	Arthropoda	Hydrelia sylvata	1	GCA_982473745.1	reference genome	ilHydSylv1.hap1.1	Chromosome		579853003	no
104460	Hydriomena furcata	Hydriomena	Geometridae	Lepidoptera	Insecta	Arthropoda	Hydriomena furcata	1	GCA_912999785.1	reference genome	ilHydFurc1.1	Chromosome		423302054	no
104459	Hydriomena impluviata	Hydriomena	Geometridae	Lepidoptera	Insecta	Arthropoda	Hydriomena impluviata	1	GCA_986885685.1	reference genome	ilHydImpl1.hap1.1	Chromosome		477375821	no
934870	Hydriomena ruberata	Hydriomena	Geometridae	Lepidoptera	Insecta	Arthropoda	Hydriomena ruberata	1	GCA_964270535.1	reference genome	ilHydRube1.hap1.1	Chromosome		476181855	no
3078427	Hydroglyphus hamulatus	Hydroglyphus	Dytiscidae	Coleoptera	Insecta	Arthropoda	Hydroglyphus hamulatus	1	GCA_988226555.1	reference genome	icHydHamu2.1	Chromosome		472514253	no
1875497	Hydropsyche fryeri	Hydropsyche	Hydropsychidae	Trichoptera	Insecta	Arthropoda	Hydropsyche fryeri	1	GCA_058160295.1	reference genome	ASM5816029v1	Chromosome		152947134	no
221905	Hydrotaea aenescens	Hydrotaea	Muscidae	Diptera	Insecta	Arthropoda	Hydrotaea aenescens	1	GCA_057980565.1	reference genome	ASM5798056v1	Chromosome		823342004	no
559647	Hydrotaea cyrtoneurina	Hydrotaea	Muscidae	Diptera	Insecta	Arthropoda	Hydrotaea cyrtoneurina	1	GCA_958296145.1	reference genome	idHydCyrt1.1	Chromosome		575194943	no
1816463	Hydrotaea diabolus	Hydrotaea	Muscidae	Diptera	Insecta	Arthropoda	Hydrotaea diabolus	1	GCA_963513945.1	reference genome	idHydDiab1.1	Chromosome		1074155633	no
1692389	Hydrotaea militaris	Hydrotaea	Muscidae	Diptera	Insecta	Arthropoda	Hydrotaea militaris	1	GCA_965614475.1	reference genome	idHydMili2.hap1.1	Chromosome		1703030457	no
1073096	Hydrotaea similis	Hydrotaea	Muscidae	Diptera	Insecta	Arthropoda	Hydrotaea similis	1	GCA_965643655.1	reference genome	idHydSimi1.hap1.1	Chromosome		884655012	no
722673	Hylaea fasciaria	Hylaea	Geometridae	Lepidoptera	Insecta	Arthropoda	Hylaea fasciaria	1	GCA_905147375.1	reference genome	ilHylFasc1.1	Chromosome		327919484	no
1542591	Hylaeus dilatatus	Hylaeus	Colletidae	Hymenoptera	Insecta	Arthropoda	Hylaeus dilatatus	2	GCA_966197075.1	reference genome	iyHylDila1.hap1.1	Chromosome		307380808	no
313025	Hylaeus hyalinatus	Hylaeus	Colletidae	Hymenoptera	Insecta	Arthropoda	Hylaeus hyalinatus	1	GCA_984799265.1	reference genome	iyHylHyal1.hap1.1	Chromosome		535007007	no
1126410	Hylaeus signatus	Hylaeus	Colletidae	Hymenoptera	Insecta	Arthropoda	Hylaeus signatus	1	GCA_988137235.1	reference genome	iyHylSign1.1	Chromosome		683631604	no
313075	Hylaeus volcanicus	Hylaeus	Colletidae	Hymenoptera	Insecta	Arthropoda	Hylaeus volcanicus	2	GCF_026283585.1	reference genome	UHH_iyHylVolc1.0_haploid	Chromosome		252651163	yes
283855	Hyles euphorbiae	Hyles	Sphingidae	Lepidoptera	Insecta	Arthropoda	Hyles euphorbiae	1	GCA_023078785.2	reference genome	ilHylEuph1_pri	Chromosome		504308118	no
283848	Hyles vespertilio	Hyles	Sphingidae	Lepidoptera	Insecta	Arthropoda	Hyles vespertilio	1	GCA_009982885.2	reference genome	myriam-sen2290-mb-hirise-a4l1o__03-26-2021	Chromosome		651427907	no
1113239	Hylesia metabus	Hylesia	Saturniidae	Lepidoptera	Insecta	Arthropoda	Hylesia metabus	1	GCA_046523875.1	reference genome	ASM4652387v1	Chromosome		1270616270	no
201999	Hylobius abietis	Hylobius	Curculionidae	Coleoptera	Insecta	Arthropoda	Hylobius abietis	1	GCA_986268525.1	reference genome	icHylAbie1.hap1.1	Chromosome		1655654830	no
267205	Hymenopus coronatus	Hymenopus	Hymenopodidae	Mantodea	Insecta	Arthropoda	Hymenopus coronatus	1	GCA_030762935.1	reference genome	ASM3076293v1	Chromosome		3127590514	no
1073641	Hypatima rhomboidella	Hypatima	Gelechiidae	Lepidoptera	Insecta	Arthropoda	Hypatima rhomboidella	1	GCA_982551745.1	reference genome	ilHypRhom1.hap1.1	Chromosome		461617933	no
116135	Hypaurotis quercus	Hypaurotis	Lycaenidae	Lepidoptera	Insecta	Arthropoda	Hypaurotis quercus	2	GCA_964662265.1	reference genome	ilQueQuer1.hap2.1	Chromosome		563979642	no
744654	Hypena lividalis	Hypena	Erebidae	Lepidoptera	Insecta	Arthropoda	Hypena lividalis	1	GCA_987488905.1		ilHypLivi1.hap1.1	Chromosome		371016727	no
1870000	Hypena obsitalis	Hypena	Erebidae	Lepidoptera	Insecta	Arthropoda	Hypena obsitalis	1	GCA_965112525.1	reference genome	ilHypObsi1.hap1.1	Chromosome		541260224	no
753189	Hypena proboscidalis	Hypena	Erebidae	Lepidoptera	Insecta	Arthropoda	Hypena proboscidalis	1	GCA_905147285.1	reference genome	ilHypProb1.1	Chromosome		636770889	no
3234172	Hypenodes pannonica	Hypenodes	Erebidae	Lepidoptera	Insecta	Arthropoda	Hypenodes pannonica	1	GCA_984048585.1	reference genome	ilHypPann2.hap1.1	Chromosome		1144113787	no
36757	Hypera postica	Hypera	Curculionidae	Coleoptera	Insecta	Arthropoda	Hypera postica	1	GCA_986170385.1	reference genome	icHypPost1.hap1.1	Chromosome		2015275761	no
346786	Hypera rumicis	Hypera	Curculionidae	Coleoptera	Insecta	Arthropoda	Hypera rumicis	2	GCA_965643735.1	reference genome	icHypRumi1.hap1.1	Chromosome		1773449660	no
505957	Hypercompe scribonia	Hypercompe	Erebidae	Lepidoptera	Insecta	Arthropoda	Hypercompe scribonia	1	GCA_949316085.1	reference genome	ilHypScri1.1	Chromosome		639565210	no
2876618	Hypomecis atomaria	Hypomecis	Geometridae	Lepidoptera	Insecta	Arthropoda	Hypomecis atomaria	1	GCA_964007245.1	reference genome	ilHypAtoa1.1	Chromosome		690013573	no
439567	Hypomecis punctinalis	Hypomecis	Geometridae	Lepidoptera	Insecta	Arthropoda	Hypomecis punctinalis	1	GCA_949316475.1	reference genome	ilHypPunc1.1	Chromosome		741161698	no
2884228	Hyposoter dolosus	Hyposoter	Ichneumonidae	Hymenoptera	Insecta	Arthropoda	Hyposoter dolosus	1	GCA_963921915.1	reference genome	iyHypDolo1.1	Chromosome		222650269	no
987961	Hyppa rectilinea	Hyppa	Noctuidae	Lepidoptera	Insecta	Arthropoda	Hyppa rectilinea	1	GCA_951799385.1	reference genome	ilHypRect1.1	Chromosome		569621701	no
1101110	Hypsopygia costalis	Hypsopygia	Pyralidae	Lepidoptera	Insecta	Arthropoda	Hypsopygia costalis	1	GCA_937001555.2	reference genome	ilHypCost1.2	Chromosome		817677830	no
1101112	Hypsopygia rubidalis	Hypsopygia	Pyralidae	Lepidoptera	Insecta	Arthropoda	Hypsopygia rubidalis	2	GCA_965279855.1	reference genome	ilHypRubi1.hap2.1	Chromosome		1128014708	no
3694372	Iania pictifrons	Iania	Ichneumonidae	Hymenoptera	Insecta	Arthropoda	Iania pictifrons	1	GCA_986268535.1		iyDrePict1.1	Chromosome		563585990	no
249532	Icerya purchasi	Icerya	Monophlebidae	Hemiptera	Insecta	Arthropoda	Icerya purchasi	2	GCA_039619475.1	reference genome	ASM3961947v1	Chromosome		1103380243	no
1217936	Ichneumon extensorius	Ichneumon	Ichneumonidae	Hymenoptera	Insecta	Arthropoda	Ichneumon extensorius	1	GCA_987581065.1	reference genome	iyIchExte1.hap1.1	Chromosome		416168369	no
2795680	Ichneumon xanthorius	Ichneumon	Ichneumonidae	Hymenoptera	Insecta	Arthropoda	Ichneumon xanthorius	1	GCA_917499995.1	reference genome	iyIchXant1.1	Chromosome		314972371	no
2055709	Ichthyurus bourgeoisi	Ichthyurus	Cantharidae	Coleoptera	Insecta	Arthropoda	Ichthyurus bourgeoisi	1	GCA_052863015.1	reference genome	HBU_Ibou_V1	Chromosome		664716576	no
104447	Idaea aversata	Idaea	Geometridae	Lepidoptera	Insecta	Arthropoda	Idaea aversata	1	GCA_907269075.1	reference genome	ilIdaAver1.1	Chromosome		436713420	no
104448	Idaea biselata	Idaea	Geometridae	Lepidoptera	Insecta	Arthropoda	Idaea biselata	1	GCA_958496205.1	reference genome	ilIdaBise2.1	Chromosome		424267583	no
1101006	Idaea contiguaria	Idaea	Geometridae	Lepidoptera	Insecta	Arthropoda	Idaea contiguaria	2	GCA_988225265.1	reference genome	ilIdaCont1.hap1.1	Chromosome		386072267	no
190350	Idaea degeneraria	Idaea	Geometridae	Lepidoptera	Insecta	Arthropoda	Idaea degeneraria	1	GCA_964341475.1	reference genome	ilIdaDege1.hap1.1	Chromosome		348393856	no
572776	Idaea dimidiata	Idaea	Geometridae	Lepidoptera	Insecta	Arthropoda	Idaea dimidiata	1	GCA_949358125.1	reference genome	ilIdaDimi2.1	Chromosome		422575458	no
986993	Idaea emarginata	Idaea	Geometridae	Lepidoptera	Insecta	Arthropoda	Idaea emarginata	1	GCA_986270155.1	reference genome	ilIdaEmar3.hap1.1	Chromosome		348071544	no
1441527	Idaea eugeniata	Idaea	Geometridae	Lepidoptera	Insecta	Arthropoda	Idaea eugeniata	1	GCA_984573145.1	reference genome	ilIdaEuge1.hap1.1	Chromosome		303570592	no
190352	Idaea filicata	Idaea	Geometridae	Lepidoptera	Insecta	Arthropoda	Idaea filicata	1	GCA_977993555.1	reference genome	ilIdaFili5.hap1.1	Chromosome		510993110	no
934872	Idaea fuscovenosa	Idaea	Geometridae	Lepidoptera	Insecta	Arthropoda	Idaea fuscovenosa	1	GCA_987195785.1	reference genome	ilIdaFusc1.hap1.1	Chromosome		441263831	no
1441533	Idaea incalcarata	Idaea	Geometridae	Lepidoptera	Insecta	Arthropoda	Idaea incalcarata	1	GCA_984048605.1	reference genome	ilIdaInca1.hap1.1	Chromosome		473312784	no
1441535	Idaea infirmaria	Idaea	Geometridae	Lepidoptera	Insecta	Arthropoda	Idaea infirmaria	1	GCA_984798845.1	reference genome	ilIdaInfi1.hap1.1	Chromosome		463014524	no
1441550	Idaea ochrata	Idaea	Geometridae	Lepidoptera	Insecta	Arthropoda	Idaea ochrata	2	GCA_984573245.1	reference genome	ilIdaOchr1.hap2.1	Chromosome		372699221	no
1441554	Idaea pallidata	Idaea	Geometridae	Lepidoptera	Insecta	Arthropoda	Idaea pallidata	2	GCA_976238515.1	reference genome	ilIdaPall1.hap1.1	Chromosome		402581264	no
1441559	Idaea rufaria	Idaea	Geometridae	Lepidoptera	Insecta	Arthropoda	Idaea rufaria	1	GCA_965202865.1	reference genome	ilIdaRufa1.hap1.1	Chromosome		419236647	no
1101010	Idaea rusticata	Idaea	Geometridae	Lepidoptera	Insecta	Arthropoda	Idaea rusticata	1	GCA_977970295.1	reference genome	ilIdaRust2.1	Chromosome		374573638	no
190354	Idaea seriata	Idaea	Geometridae	Lepidoptera	Insecta	Arthropoda	Idaea seriata	1	GCA_965250435.1	reference genome	ilIdaSeri2.1	Chromosome		391197971	no
305960	Idaea sericeata	Idaea	Geometridae	Lepidoptera	Insecta	Arthropoda	Idaea sericeata	1	GCA_983533305.1	reference genome	ilIdaSerc1.hap1.1	Chromosome		344385240	no
986996	Idaea serpentata	Idaea	Geometridae	Lepidoptera	Insecta	Arthropoda	Idaea serpentata	1	GCA_986265315.1	reference genome	ilIdaSerp1.hap1.1	Chromosome		329627748	no
104449	Idaea straminata	Idaea	Geometridae	Lepidoptera	Insecta	Arthropoda	Idaea straminata	1	GCA_951213275.1	reference genome	ilIdaStra1.1	Chromosome		411282872	no
1441563	Idaea subsericeata	Idaea	Geometridae	Lepidoptera	Insecta	Arthropoda	Idaea subsericeata	1	GCA_964659525.1	reference genome	ilIdaSubs1.hap1.1	Chromosome		325963208	no
986997	Idaea sylvestraria	Idaea	Geometridae	Lepidoptera	Insecta	Arthropoda	Idaea sylvestraria	1	GCA_984573335.1	reference genome	ilIdaSylv1.hap1.1	Chromosome		355844507	no
1441566	Idaea trigeminata	Idaea	Geometridae	Lepidoptera	Insecta	Arthropoda	Idaea trigeminata	1	GCA_964276605.1	reference genome	ilIdaTrig2.1	Chromosome		505848301	no
1226587	Ilione lineata	Ilione	Sciomyzidae	Diptera	Insecta	Arthropoda	Ilione lineata	2	GCA_965234915.1	reference genome	idIliLine1.hap1.1	Chromosome		1281106871	no
156943	Ilybius aenescens	Ilybius	Dytiscidae	Coleoptera	Insecta	Arthropoda	Ilybius aenescens	1	GCA_986268435.1	reference genome	icIlyAene1.hap1.1	Chromosome		1436988505	no
101737	Incurvaria masculella	Incurvaria	Incurvariidae	Lepidoptera	Insecta	Arthropoda	Incurvaria masculella	1	GCA_946894095.1	reference genome	ilIncMasc1.2	Chromosome		552021864	no
1870006	Incurvaria oehlmanniella	Incurvaria	Incurvariidae	Lepidoptera	Insecta	Arthropoda	Incurvaria oehlmanniella	1	GCA_977066665.1	reference genome	ilIncOehl2.hap1.1	Chromosome		584571327	no
753191	Incurvaria pectinea	Incurvaria	Incurvariidae	Lepidoptera	Insecta	Arthropoda	Incurvaria pectinea	1	GCA_988280855.1	reference genome	ilIncPect1.hap1.1	Chromosome		668138472	no
1660650	Incurvaria praelatella	Incurvaria	Incurvariidae	Lepidoptera	Insecta	Arthropoda	Incurvaria praelatella	2	GCA_978020645.1	reference genome	ilIncPrae1.hap2.1	Chromosome		619103178	no
1197235	Incurvaria vetulella	Incurvaria	Incurvariidae	Lepidoptera	Insecta	Arthropoda	Incurvaria vetulella	2	GCA_987199285.1	reference genome	ilIncVetu1.hap1.1	Chromosome		965393792	no
2498685	Indonemoura scalprata	Indonemoura	Nemouridae	Plecoptera	Insecta	Arthropoda	Indonemoura scalprata	1	GCA_052425775.1	reference genome	ASM5242577v1	Chromosome		257809624	no
1678388	Iolana debilitata	Iolana	Lycaenidae	Lepidoptera	Insecta	Arthropoda	Iolana debilitata	1	GCA_965112825.1	reference genome	ilIolDebi1.hap1.1	Chromosome		574388153	no
110791	Iphiclides podalirius	Iphiclides	Papilionidae	Lepidoptera	Insecta	Arthropoda	Iphiclides podalirius	1	GCA_933534255.1	reference genome	IP_504.v2_0	Chromosome		430729501	yes
987962	Ipimorpha retusa	Ipimorpha	Noctuidae	Lepidoptera	Insecta	Arthropoda	Ipimorpha retusa	2	GCA_965282485.1	reference genome	ilIpiRetu1.hap2.1	Chromosome		684751946	no
987963	Ipimorpha subtusa	Ipimorpha	Noctuidae	Lepidoptera	Insecta	Arthropoda	Ipimorpha subtusa	1	GCA_986265325.1	reference genome	ilIpiSubt1.hap1.1	Chromosome		922166955	no
102827	Ips calligraphus	Ips	Curculionidae	Coleoptera	Insecta	Arthropoda	Ips calligraphus	1	GCA_056632495.1	reference genome	ASM5663249v1	Chromosome		492988390	no
432259	Ips nitidus	Ips	Curculionidae	Coleoptera	Insecta	Arthropoda	Ips nitidus	1	GCA_018691245.2	reference genome	ASM1869124v2	Chromosome		231406857	no
55985	Ips sexdentatus	Ips	Curculionidae	Coleoptera	Insecta	Arthropoda	Ips sexdentatus	2	GCA_976954535.1	reference genome	icIpsSexd1.hap1.1	Chromosome		284381969	no
55986	Ips typographus	Ips	Curculionidae	Coleoptera	Insecta	Arthropoda	Ips typographus	2	GCF_016097725.1	reference genome	UJ_Ityp_2.0	Chromosome		224976997	yes
3350002	Irwiniella nobilipennis	Irwiniella	Therevidae	Diptera	Insecta	Arthropoda	Irwiniella nobilipennis	1	GCA_981692195.1	reference genome	idIrwNobi7.1	Complete Genome		373623222	no
1081820	Ischnodemus sabuleti	Ischnodemus	Blissidae	Hemiptera	Insecta	Arthropoda	Ischnodemus sabuleti	1	GCA_976985125.1	reference genome	ihIscSabu2.hap1.1	Chromosome		1199722849	no
197161	Ischnura elegans	Ischnura	Coenagrionidae	Odonata	Insecta	Arthropoda	Ischnura elegans	2	GCF_921293095.2	reference genome	ioIscEleg1.2	Chromosome		1722738530	yes
126660	Ischnura senegalensis	Ischnura	Coenagrionidae	Odonata	Insecta	Arthropoda	Ischnura senegalensis	1	GCA_964251815.1	reference genome	ioIscSene1.hap1.1	Chromosome		1599821350	no
904094	Ischnus inquisitorius	Ischnus	Ichneumonidae	Hymenoptera	Insecta	Arthropoda	Ischnus inquisitorius	1	GCA_963924025.1	reference genome	iyIscInqu1.1	Chromosome		232177784	no
552050	Isoperla grammatica	Isoperla	Perlodidae	Plecoptera	Insecta	Arthropoda	Isoperla grammatica	1	GCA_945910005.1	reference genome	ipIsoGram3.1	Chromosome		874584190	no
1280457	Isophrictis striatella	Isophrictis	Gelechiidae	Lepidoptera	Insecta	Arthropoda	Isophrictis striatella	1	GCA_988221725.1	reference genome	ilIsoStri1.hap2.1	Chromosome		1902944967	no
171587	Issoria lathonia	Issoria	Nymphalidae	Lepidoptera	Insecta	Arthropoda	Issoria lathonia	1	GCA_964270575.1	reference genome	ilIssLath1.hap1.1	Chromosome		319190772	no
1870012	Isturgia arenacearia	Isturgia	Geometridae	Lepidoptera	Insecta	Arthropoda	Isturgia arenacearia	1	GCA_984573495.1	reference genome	ilIstArea1.hap1.1	Chromosome		414644722	no
1870017	Isturgia murinaria	Isturgia	Geometridae	Lepidoptera	Insecta	Arthropoda	Isturgia murinaria	1	GCA_965113015.1	reference genome	ilIstMuri1.hap1.1	Chromosome		402632592	no
2776046	Itoplectis maculator	Itoplectis	Ichneumonidae	Hymenoptera	Insecta	Arthropoda	Itoplectis maculator	1	GCA_964034905.1	reference genome	iyItoMacu1.1	Chromosome		223131394	no
934874	Jodis lactearia	Jodis	Geometridae	Lepidoptera	Insecta	Arthropoda	Jodis lactearia	2	GCA_964656515.1	reference genome	ilJodLact2.hap2.1	Chromosome		445627446	no
104463	Jodis putata	Jodis	Geometridae	Lepidoptera	Insecta	Arthropoda	Jodis putata	1	GCA_964273755.1	reference genome	ilJodPuta1.hap1.1	Chromosome		430422654	no
3025997	Julodis variolaris	Julodis	Buprestidae	Coleoptera	Insecta	Arthropoda	Julodis variolaris	1	GCA_059995605.1	reference genome	ASM5999560v1	Chromosome		2119055345	no
473130	Kerria lacca	Kerria	Tachardiidae	Hemiptera	Insecta	Arthropoda	Kerria lacca	1	GCA_045014175.1	reference genome	ASM4501417v1	Complete Genome		256623901	yes
3161192	Kibakoganea sinica	Kibakoganea	Scarabaeidae	Coleoptera	Insecta	Arthropoda	Kibakoganea sinica	1	GCA_043790905.1	reference genome	ASM4379090v1	Chromosome		601437544	no
3241133	Kibakoganea tamdaoensis	Kibakoganea	Scarabaeidae	Coleoptera	Insecta	Arthropoda	Kibakoganea tamdaoensis	1	GCA_046237675.1	reference genome	kiba_001	Chromosome		605327796	no
214181	Korscheltellus lupulinus	Korscheltellus	Hepialidae	Lepidoptera	Insecta	Arthropoda	Korscheltellus lupulinus	1	GCA_986885555.1	reference genome	ilKorLupu2.1	Chromosome		1417319583	no
2505780	Kretania trappi	Kretania	Lycaenidae	Lepidoptera	Insecta	Arthropoda	Kretania trappi	1	GCA_964264435.1	reference genome	ilKreTrap1.hap1.1	Chromosome		683814236	no
2906288	Kybos smaragdulus	Kybos	Cicadellidae	Hemiptera	Insecta	Arthropoda	Kybos smaragdulus	1	GCA_976954465.1	reference genome	ihKybSmar2.1	Chromosome		1684972750	no
501664	Kyklioacalles roboris	Kyklioacalles	Curculionidae	Coleoptera	Insecta	Arthropoda	Kyklioacalles roboris	1	GCA_964211925.1	reference genome	icKykRobo1.hap1.1	Chromosome		698932826	no
146840	Labia minor	Labia	Spongiphoridae	Dermaptera	Insecta	Arthropoda	Labia minor	1	GCA_963082975.1	reference genome	igLabMino1.1	Chromosome		604499512	no
1870024	Lacanobia blenna	Lacanobia	Noctuidae	Lepidoptera	Insecta	Arthropoda	Lacanobia blenna	1	GCA_965260845.1	reference genome	ilLacBlen1.hap1.1	Chromosome		642807717	no
987965	Lacanobia contigua	Lacanobia	Noctuidae	Lepidoptera	Insecta	Arthropoda	Lacanobia contigua	1	GCA_988221715.1	reference genome	ilLacCont1.hap1.1	Chromosome		940120188	no
79499	Lacanobia oleracea	Lacanobia	Noctuidae	Lepidoptera	Insecta	Arthropoda	Lacanobia oleracea	1	GCA_950371165.1	reference genome	ilLacOler1.1	Chromosome		817314537	no
3373428	Lacanobia praedita	Lacanobia	Noctuidae	Lepidoptera	Insecta	Arthropoda	Lacanobia praedita	2	GCA_965278005.1	reference genome	ilLacPrae1.hap1.1	Chromosome		749504850	no
987966	Lacanobia suasa	Lacanobia	Noctuidae	Lepidoptera	Insecta	Arthropoda	Lacanobia suasa	1	GCA_987201935.1	reference genome	ilLacSuas1.hap1.1	Chromosome		834945123	no
987426	Lacanobia wlatinum	Lacanobia	Noctuidae	Lepidoptera	Insecta	Arthropoda	Lacanobia wlatinum	1	GCA_947578705.1	reference genome	ilLacWlai2.1	Chromosome		903907307	no
446446	Laccobius striatulus	Laccobius	Hydrophilidae	Coleoptera	Insecta	Arthropoda	Laccobius striatulus	2	GCA_965654275.1	reference genome	icLacStri1.hap2.1	Chromosome		1060833994	no
1553511	Laccophilus minutus	Laccophilus	Dytiscidae	Coleoptera	Insecta	Arthropoda	Laccophilus minutus	1	GCA_987194725.1	reference genome	icLacMint3.hap1.1	Chromosome		545153881	no
123850	Ladona depressa	Ladona	Libellulidae	Odonata	Insecta	Arthropoda	Ladona depressa	1	GCA_986694655.1	reference genome	ioLadDepr2.hap1.1	Chromosome		1098286575	no
1706499	Laelia coenosa	Laelia	Erebidae	Lepidoptera	Insecta	Arthropoda	Laelia coenosa	1	GCA_976985145.1	reference genome	ilLaeCoen1.hap1.1	Chromosome		1109062206	no
1107672	Laeosopis roboris	Laeosopis	Lycaenidae	Lepidoptera	Insecta	Arthropoda	Laeosopis roboris	1	GCA_964417165.1	reference genome	ilLaeRobo1.hap1.1	Chromosome		624363975	no
296003	Lagria hirta	Lagria	Tenebrionidae	Coleoptera	Insecta	Arthropoda	Lagria hirta	1	GCA_947359425.1	reference genome	icLagHirt1.1	Chromosome		336767380	no
228011	Lampides boeticus	Lampides	Lycaenidae	Lepidoptera	Insecta	Arthropoda	Lampides boeticus	1	GCA_964656195.1	reference genome	ilLamBoet1.hap1.1	Chromosome		350556272	no
454563	Lamprohiza splendidula	Lamprohiza	Lampyridae	Coleoptera	Insecta	Arthropoda	Lamprohiza splendidula	1	GCA_059510725.1	reference genome	LamSplen_1.0	Chromosome		637778614	no
485574	Lampronia capitella	Lampronia	Prodoxidae	Lepidoptera	Insecta	Arthropoda	Lampronia capitella	1	GCA_977035995.1	reference genome	ilLamCapi1.hap1.1	Chromosome		674293784	no
552763	Lampronia rupella	Lampronia	Prodoxidae	Lepidoptera	Insecta	Arthropoda	Lampronia rupella	1	GCA_982340775.1	reference genome	ilLamRupe1.hap1.1	Chromosome		519033543	no
986999	Lampropteryx otregiata	Lampropteryx	Geometridae	Lepidoptera	Insecta	Arthropoda	Lampropteryx otregiata	1	GCA_982552435.1	reference genome	ilLamOtre1.hap1.1	Chromosome		498690566	no
934945	Lampropteryx suffumata	Lampropteryx	Geometridae	Lepidoptera	Insecta	Arthropoda	Lampropteryx suffumata	1	GCA_948098915.1	reference genome	ilLamSuff1.1	Chromosome		581638658	no
3373433	Lamprosticta culta	Lamprosticta	Noctuidae	Lepidoptera	Insecta	Arthropoda	Lamprosticta culta	1	GCA_965615685.1	reference genome	ilLamCult1.hap1.1	Chromosome		539654237	no
2964680	Lamprotettix nitidulus	Lamprotettix	Cicadellidae	Hemiptera	Insecta	Arthropoda	Lamprotettix nitidulus	1	GCA_986264595.1	reference genome	ihLamNiti2.1	Chromosome		2149069937	no
1101119	Laodamia faecella	Laodamia	Pyralidae	Lepidoptera	Insecta	Arthropoda	Laodamia faecella	2	GCA_965605845.1	reference genome	ilLaoFaec1.hap1.1	Chromosome		810313912	no
195883	Laodelphax striatellus	Laodelphax	Delphacidae	Hemiptera	Insecta	Arthropoda	Laodelphax striatellus	1	GCA_017141395.1	reference genome	ASM1714139v1	Chromosome		510210580	no
522836	Laothoe populi	Laothoe	Sphingidae	Lepidoptera	Insecta	Arthropoda	Laothoe populi	1	GCA_905220505.1	reference genome	ilLaoPopu1.1	Chromosome		576387381	no
82619	Lapara coniferarum	Lapara	Sphingidae	Lepidoptera	Insecta	Arthropoda	Lapara coniferarum	1	GCA_949316025.1	reference genome	ilLapConi1.1	Chromosome		541263957	no
1963931	Laparocerus anagae	Laparocerus	Curculionidae	Coleoptera	Insecta	Arthropoda	Laparocerus anagae	2	GCA_976997085.1	reference genome	icLapAnag1-haploid.1	Chromosome		481683380	no
753357	Larentia clavaria	Larentia	Geometridae	Lepidoptera	Insecta	Arthropoda	Larentia clavaria	1	GCA_965117235.1		ilLarClav1.hap1.1	Chromosome		376488010	no
1870028	Larentia malvata	Larentia	Geometridae	Lepidoptera	Insecta	Arthropoda	Larentia malvata	1	GCA_964374235.1	reference genome	ilLarMalv1.hap1.1	Chromosome		373660790	no
202009	Larinus planus	Larinus	Curculionidae	Coleoptera	Insecta	Arthropoda	Larinus planus	2	GCA_977012605.1	reference genome	icLarPlan3.hap1.1	Chromosome		1137814206	no
1342031	Larinus ursus	Larinus	Curculionidae	Coleoptera	Insecta	Arthropoda	Larinus ursus	1	GCA_979861375.2	reference genome	icLarUrsu1.3	Chromosome		1742276210	no
151326	Lasiocampa quercus	Lasiocampa	Lasiocampidae	Lepidoptera	Insecta	Arthropoda	Lasiocampa quercus	1	GCA_964263865.1	reference genome	ilLasQuer1.hap1.1	Chromosome		566079434	no
295660	Lasioderma serricorne	Lasioderma	Ptinidae	Coleoptera	Insecta	Arthropoda	Lasioderma serricorne	1	GCA_061531765.1	reference genome	ASM61531765v1	Chromosome		188957705	no
88501	Lasioglossum albipes	Lasioglossum	Halictidae	Hymenoptera	Insecta	Arthropoda	Lasioglossum albipes	1	GCA_058369865.1	reference genome	iyLasAlbi1	Chromosome		495509731	no
434251	Lasioglossum baleicum	Lasioglossum	Halictidae	Hymenoptera	Insecta	Arthropoda	Lasioglossum baleicum	2	GCF_051020765.1	reference genome	iyLasBale1	Chromosome		595325230	yes
88504	Lasioglossum calceatum	Lasioglossum	Halictidae	Hymenoptera	Insecta	Arthropoda	Lasioglossum calceatum	3	GCA_963966675.1	reference genome	iyLasCalc2.1	Chromosome		434770653	no
160208	Lasioglossum figueresi	Lasioglossum	Halictidae	Hymenoptera	Insecta	Arthropoda	Lasioglossum figueresi	1	GCA_028455805.1	reference genome	LFIG_v2.2.0	Chromosome		318786092	no
88531	Lasioglossum lativentre	Lasioglossum	Halictidae	Hymenoptera	Insecta	Arthropoda	Lasioglossum lativentre	1	GCA_916610255.1	reference genome	iyLasLatv2.1	Chromosome		478935738	no
88532	Lasioglossum leucozonium	Lasioglossum	Halictidae	Hymenoptera	Insecta	Arthropoda	Lasioglossum leucozonium	2	GCA_965262445.1	reference genome	iyLasLeuo1.1	Chromosome		545381366	no
88512	Lasioglossum malachurum	Lasioglossum	Halictidae	Hymenoptera	Insecta	Arthropoda	Lasioglossum malachurum	1	GCA_028455605.1	reference genome	LMAL_v2.2.0	Chromosome		266994231	no
88513	Lasioglossum marginatum	Lasioglossum	Halictidae	Hymenoptera	Insecta	Arthropoda	Lasioglossum marginatum	1	GCA_028455795.1	reference genome	LMAR_v2.2.0	Chromosome		302908130	no
88514	Lasioglossum morio	Lasioglossum	Halictidae	Hymenoptera	Insecta	Arthropoda	Lasioglossum morio	1	GCA_916610235.2	reference genome	iyLasMori1.2	Chromosome		547197555	no
88542	Lasioglossum oenotherae	Lasioglossum	Halictidae	Hymenoptera	Insecta	Arthropoda	Lasioglossum oenotherae	1	GCA_028455765.1	reference genome	LOEN_v2.2.0	Chromosome		281089281	no
88516	Lasioglossum pauxillum	Lasioglossum	Halictidae	Hymenoptera	Insecta	Arthropoda	Lasioglossum pauxillum	1	GCA_933228785.1	reference genome	iyLasPaux1.1	Chromosome		431986706	no
1040106	Lasioglossum prasinum	Lasioglossum	Halictidae	Hymenoptera	Insecta	Arthropoda	Lasioglossum prasinum	2	GCA_985690225.1	reference genome	iyLasPras1.hap2.1	Chromosome		457706198	no
88499	Lasioglossum vierecki	Lasioglossum	Halictidae	Hymenoptera	Insecta	Arthropoda	Lasioglossum vierecki	1	GCA_028455595.1	reference genome	LVIE_v2.2.0	Chromosome		286421018	no
88523	Lasioglossum villosulum	Lasioglossum	Halictidae	Hymenoptera	Insecta	Arthropoda	Lasioglossum villosulum	1	GCA_963971365.1	reference genome	iyLasVill1.1	Chromosome		458491679	no
88500	Lasioglossum zephyrum	Lasioglossum	Halictidae	Hymenoptera	Insecta	Arthropoda	Lasioglossum zephyrum	1	GCA_028455615.1	reference genome	LZEP_v2.2.0	Chromosome		275648088	no
111916	Lasiommata maera	Lasiommata	Nymphalidae	Lepidoptera	Insecta	Arthropoda	Lasiommata maera	1	GCA_964264045.1	reference genome	ilLasMaer1.hap1.1	Chromosome		480894519	no
111917	Lasiommata megera	Lasiommata	Nymphalidae	Lepidoptera	Insecta	Arthropoda	Lasiommata megera	1	GCA_928268935.1	reference genome	ilLasMege1.1	Chromosome		488442692	no
2494358	Lasiommata paramegaera	Lasiommata	Nymphalidae	Lepidoptera	Insecta	Arthropoda	Lasiommata paramegaera	1	GCA_964656145.1	reference genome	ilLasPara1.hap1.1	Chromosome		480953444	no
111918	Lasiommata petropolitana	Lasiommata	Nymphalidae	Lepidoptera	Insecta	Arthropoda	Lasiommata petropolitana	1	GCA_964261845.1	reference genome	ilLasPetr1.hap1.1	Chromosome		492835281	no
202013	Lasiorhynchites cavifrons	Lasiorhynchites	Attelabidae	Coleoptera	Insecta	Arthropoda	Lasiorhynchites cavifrons	2	GCA_976916715.1	reference genome	icLasCavi1.hap1.1	Chromosome		1354926820	no
231984	Lasius brunneus	Lasius	Formicidae	Hymenoptera	Insecta	Arthropoda	Lasius brunneus	1	GCA_964261615.1	reference genome	iyLasBrun3.1	Chromosome		264940360	no
67763	Lasius flavus	Lasius	Formicidae	Hymenoptera	Insecta	Arthropoda	Lasius flavus	3	GCA_048181785.1	reference genome	ASM4818178v1	Chromosome		300445578	no
231986	Lasius fuliginosus	Lasius	Formicidae	Hymenoptera	Insecta	Arthropoda	Lasius fuliginosus	1	GCA_949152495.1		iyLasFuli2.1	Chromosome		256203092	no
67767	Lasius niger	Lasius	Formicidae	Hymenoptera	Insecta	Arthropoda	Lasius niger	1	GCA_041902855.1	reference genome	ASM4190285v1	Chromosome		287378630	no
488582	Lasius platythorax	Lasius	Formicidae	Hymenoptera	Insecta	Arthropoda	Lasius platythorax	2	GCA_963971435.1	reference genome	iyLasPlat18.1	Chromosome		288673857	no
938238	Laspeyria flexula	Laspeyria	Erebidae	Lepidoptera	Insecta	Arthropoda	Laspeyria flexula	1	GCA_905147015.1	reference genome	ilLasFlex1.1	Chromosome		450881683	no
466960	Latheticus oryzae	Latheticus	Tenebrionidae	Coleoptera	Insecta	Arthropoda	Latheticus oryzae	1	GCA_030157265.1	reference genome	icLatOryz1.1	Chromosome		170052028	no
346787	Lathrobium brunnipes	Lathrobium	Staphylinidae	Coleoptera	Insecta	Arthropoda	Lathrobium brunnipes	1	GCA_965240315.1	reference genome	icLatBrun2.hap1.1	Chromosome		465498981	no
878051	Lathrobium fulvipenne	Lathrobium	Staphylinidae	Coleoptera	Insecta	Arthropoda	Lathrobium fulvipenne	1	GCA_982375295.1	reference genome	icLatFulv2.1	Chromosome		575818607	no
1594361	Lathronympha strigana	Lathronympha	Tortricidae	Lepidoptera	Insecta	Arthropoda	Lathronympha strigana	1	GCA_949128165.1	reference genome	ilLatStri6.1	Chromosome		620962223	no
1918261	Lecanipa bicincta	Lecanipa	Tachinidae	Diptera	Insecta	Arthropoda	Lecanipa bicincta	1	GCA_978258985.1	reference genome	idLecBici1.hap1.1	Chromosome		956065970	no
1035111	Leguminivora glycinivorella	Leguminivora	Tortricidae	Lepidoptera	Insecta	Arthropoda	Leguminivora glycinivorella	2	GCF_023078275.1	reference genome	LegGlyc_1.1	Chromosome		657423512	yes
2948972	Leia fascipennis	Leia	Mycetophilidae	Diptera	Insecta	Arthropoda	Leia fascipennis	1	GCA_980434355.1	reference genome	idLeiFasc1.hap1.1	Chromosome		518782247	no
1343502	Leia winthemii	Leia	Mycetophilidae	Diptera	Insecta	Arthropoda	Leia winthemii	1	GCA_965152755.1	reference genome	idLeiWinh2.1	Chromosome		466284415	no
1342033	Leiosoma deflexum	Leiosoma	Curculionidae	Coleoptera	Insecta	Arthropoda	Leiosoma deflexum	1	GCA_965260835.1	reference genome	icLeiDefl1.hap1.1	Chromosome		628169846	no
346789	Leistus fulvibarbis	Leistus	Carabidae	Coleoptera	Insecta	Arthropoda	Leistus fulvibarbis	2	GCA_965644575.1	reference genome	icLeiFulv1.hap1.1	Chromosome		261713100	no
346790	Leistus rufomarginatus	Leistus	Carabidae	Coleoptera	Insecta	Arthropoda	Leistus rufomarginatus	1	GCA_966112595.1	reference genome	icLeiRufo1.hap1.1	Chromosome		264391372	no
878056	Leistus spinibarbis	Leistus	Carabidae	Coleoptera	Insecta	Arthropoda	Leistus spinibarbis	1	GCA_933228885.1	reference genome	icLeiSpin1.1	Chromosome		235115808	no
987460	Lenisa geminipuncta	Lenisa	Noctuidae	Lepidoptera	Insecta	Arthropoda	Lenisa geminipuncta	1	GCA_965196745.1	reference genome	ilLenGemi1.hap1.1	Chromosome		769864139	no
3073151	Leonhardella angulicollis	Leonhardella	Leiodidae	Coleoptera	Insecta	Arthropoda	Leonhardella angulicollis	1	GCA_978019415.1	reference genome	icLeoAngu1.1	Chromosome		493272467	no
2696055	Lepidotrigona flavibasis	Lepidotrigona	Apidae	Hymenoptera	Insecta	Arthropoda	Lepidotrigona flavibasis	1	GCA_059582465.1	reference genome	ASM5958246v1	Chromosome		251744658	no
50586	Lepisma saccharinum	Lepisma	Lepismatidae	Zygentoma	Insecta	Arthropoda	Lepisma saccharinum	2	GCF_977018435.1	reference genome	izLepSacc3.1	Chromosome		2974372671	yes
468750	Leptarthrus brevirostris	Leptarthrus	Asilidae	Diptera	Insecta	Arthropoda	Leptarthrus brevirostris	1	GCA_964036015.1	reference genome	idLepBrev1.hap1.1	Chromosome		850813615	no
189913	Leptidea sinapis	Leptidea	Pieridae	Lepidoptera	Insecta	Arthropoda	Leptidea sinapis	2	GCF_905404315.1	reference genome	ilLepSina1.1	Chromosome		685583065	yes
7539	Leptinotarsa decemlineata	Leptinotarsa	Chrysomelidae	Coleoptera	Insecta	Arthropoda	Leptinotarsa decemlineata	1	GCA_024712935.1		ASM2471293v1	Chromosome		1008323064	no
1271726	Leptocerus tineiformis	Leptocerus	Leptoceridae	Trichoptera	Insecta	Arthropoda	Leptocerus tineiformis	1	GCA_978019925.1	reference genome	iiLepTine3.1	Chromosome		455362437	no
2996356	Leptodirus hochenwartii	Leptodirus	Leiodidae	Coleoptera	Insecta	Arthropoda	Leptodirus hochenwartii	1	GCA_947310635.1	reference genome	icLepHoch12.1	Chromosome		492356067	no
468752	Leptogaster cylindrica	Leptogaster	Asilidae	Diptera	Insecta	Arthropoda	Leptogaster cylindrica	1	GCA_963082835.1	reference genome	idLepCyli1.1	Chromosome		196627333	no
236887	Leptoglossus occidentalis	Leptoglossus	Coreidae	Hemiptera	Insecta	Arthropoda	Leptoglossus occidentalis	1	GCA_045410785.1	reference genome	GL_inrae_Locc_v3	Chromosome		1745641051	no
1284684	Leptoglossus phyllopus	Leptoglossus	Coreidae	Hemiptera	Insecta	Arthropoda	Leptoglossus phyllopus	1	GCA_041002905.1	reference genome	ihLepPhyl2	Chromosome		1665554292	no
320235	Leptophobia aripa	Leptophobia	Pieridae	Lepidoptera	Insecta	Arthropoda	Leptophobia aripa	1	GCA_951799465.1	reference genome	ilLepArip1.1	Chromosome		195623806	no
63433	Leptopilina boulardi	Leptopilina	Figitidae	Hymenoptera	Insecta	Arthropoda	Leptopilina boulardi	1	GCA_032872485.1		ASM3287248v1	Chromosome		354819354	no
2911658	Leptopilina drosophilae	Leptopilina	Figitidae	Hymenoptera	Insecta	Arthropoda	Leptopilina drosophilae	1	GCA_032873175.1	reference genome	ASM3287317v1	Chromosome		569223475	no
63436	Leptopilina heterotoma	Leptopilina	Figitidae	Hymenoptera	Insecta	Arthropoda	Leptopilina heterotoma	1	GCA_032872495.1		ASM3287249v1	Chromosome		487252501	no
2964900	Leptopilina myrica (nomen nudum)	Leptopilina	Figitidae	Hymenoptera	Insecta	Arthropoda	Leptopilina myrica (nomen nudum)	1	GCA_032872475.1		ASM3287247v1	Chromosome		462303964	no
2755057	Leptopilina syphax	Leptopilina	Figitidae	Hymenoptera	Insecta	Arthropoda	Leptopilina syphax	1	GCA_032872505.1	reference genome	ASM3287250v1	Chromosome		487121192	no
881489	Leptopterna dolabrata	Leptopterna	Miridae	Hemiptera	Insecta	Arthropoda	Leptopterna dolabrata	1	GCA_954871275.1	reference genome	ihLepDola1.1	Chromosome		987901686	no
282318	Leptotes pirithous	Leptotes	Lycaenidae	Lepidoptera	Insecta	Arthropoda	Leptotes pirithous	1	GCA_965112865.1	reference genome	ilLepPiri1.hap1.1	Chromosome		261506987	no
1143061	Leptura quadrifasciata	Leptura	Cerambycidae	Coleoptera	Insecta	Arthropoda	Leptura quadrifasciata	1	GCA_963675555.1	reference genome	icLepQuad1.1	Chromosome		1403938491	no
346794	Lesteva pubescens	Lesteva	Staphylinidae	Coleoptera	Insecta	Arthropoda	Lesteva pubescens	1	GCA_965644545.1	reference genome	icLesPube1.hap1.1	Chromosome		984729096	no
290674	Lesteva punctata	Lesteva	Staphylinidae	Coleoptera	Insecta	Arthropoda	Lesteva punctata	1	GCA_975739945.1	reference genome	icLesPunc1.hap1.1	Chromosome		1256736919	no
2578561	Lestiphorus bicinctus	Lestiphorus	Crabronidae	Hymenoptera	Insecta	Arthropoda	Lestiphorus bicinctus	1	GCA_964264825.1	reference genome	iyLesBici1.1	Chromosome		381759947	no
987968	Leucania comma	Leucania	Noctuidae	Lepidoptera	Insecta	Arthropoda	Leucania comma	1	GCA_958295575.1	reference genome	ilLeuComm1.1	Chromosome		751733995	no
987969	Leucania obsoleta	Leucania	Noctuidae	Lepidoptera	Insecta	Arthropoda	Leucania obsoleta	1	GCA_965615905.1	reference genome	ilLeuObso1.hap1.1	Chromosome		716097837	no
1870664	Leucochlaena oditis	Leucochlaena	Noctuidae	Lepidoptera	Insecta	Arthropoda	Leucochlaena oditis	1	GCA_964656205.1		ilLeuOdit1.hap1.1	Chromosome		649219851	no
988127	Leucodonta bicoloria	Leucodonta	Notodontidae	Lepidoptera	Insecta	Arthropoda	Leucodonta bicoloria	1	GCA_982552495.1	reference genome	ilLeuBico2.hap1.1	Chromosome		369815100	no
688415	Leucoma salicis	Leucoma	Erebidae	Lepidoptera	Insecta	Arthropoda	Leucoma salicis	1	GCA_948253155.1	reference genome	ilLeuSali1.1	Chromosome		733208700	no
2588525	Leucophora obtusa	Leucophora	Anthomyiidae	Diptera	Insecta	Arthropoda	Leucophora obtusa	1	GCA_949987735.1	reference genome	idLeuObtu2.1	Chromosome		1289838286	no
3127294	Leucophora sponsa	Leucophora	Anthomyiidae	Diptera	Insecta	Arthropoda	Leucophora sponsa	1	GCA_965643815.1	reference genome	idLeuSpon1.hap1.1	Chromosome		1551017328	no
1649312	Leucozona glaucia	Leucozona	Syrphidae	Diptera	Insecta	Arthropoda	Leucozona glaucia	1	GCA_985607265.1	reference genome	idLeuGlau4.1	Chromosome		566979779	no
323312	Leucozona laternaria	Leucozona	Syrphidae	Diptera	Insecta	Arthropoda	Leucozona laternaria	1	GCA_932273885.2	reference genome	idLeuLate1.2	Chromosome		613542547	no
143735	Leuctra nigra	Leuctra	Leuctridae	Plecoptera	Insecta	Arthropoda	Leuctra nigra	1	GCA_934045905.1	reference genome	ipLeuNigr2.1	Chromosome		536280668	no
433237	Librodor japonicus	Librodor	Nitidulidae	Coleoptera	Insecta	Arthropoda	Librodor japonicus	1	GCA_046866795.1	reference genome	CAS_G.jap_1.0	Chromosome		816921756	no
76239	Libythea celtis	Libythea	Nymphalidae	Lepidoptera	Insecta	Arthropoda	Libythea celtis	1	GCA_988024795.1	reference genome	ilLibCelt1.hap1.1	Chromosome		482199600	no
934875	Ligdia adustata	Ligdia	Geometridae	Lepidoptera	Insecta	Arthropoda	Ligdia adustata	1	GCA_947049295.1	reference genome	ilLigAdus1.1	Chromosome		399710632	no
1553529	Lilioceris lilii	Lilioceris	Chrysomelidae	Coleoptera	Insecta	Arthropoda	Lilioceris lilii	1	GCA_985607245.1	reference genome	icLilLili1.hap1.1	Chromosome		1574128017	no
270466	Limenitis camilla	Limenitis	Nymphalidae	Lepidoptera	Insecta	Arthropoda	Limenitis camilla	1	GCA_905147385.1	reference genome	ilLimCami1.1	Chromosome		435097539	no
227535	Limenitis populi	Limenitis	Nymphalidae	Lepidoptera	Insecta	Arthropoda	Limenitis populi	1	GCA_964341245.1	reference genome	ilLimPopu1.hap1.1	Chromosome		342079925	no
191421	Limenitis reducta	Limenitis	Nymphalidae	Lepidoptera	Insecta	Arthropoda	Limenitis reducta	1	GCA_964271765.1	reference genome	ilLimRedu1.hap1.1	Chromosome		397718518	no
687102	Limnaecia phragmitella	Limnaecia	Cosmopterigidae	Lepidoptera	Insecta	Arthropoda	Limnaecia phragmitella	1	GCA_965195335.1	reference genome	ilLimPhra2.hap1.1	Chromosome		539224952	no
1271728	Limnephilus auricula	Limnephilus	Limnephilidae	Trichoptera	Insecta	Arthropoda	Limnephilus auricula	1	GCA_951813805.1	reference genome	iiLimAuri1.1	Chromosome		971283901	no
1218281	Limnephilus lunatus	Limnephilus	Limnephilidae	Trichoptera	Insecta	Arthropoda	Limnephilus lunatus	1	GCA_917563855.2	reference genome	iiLimLuna2.2	Chromosome		1269636097	no
1271730	Limnephilus marmoratus	Limnephilus	Limnephilidae	Trichoptera	Insecta	Arthropoda	Limnephilus marmoratus	1	GCA_917880885.1	reference genome	iiLimMarm1.1	Chromosome		1629956307	no
692089	Limnephilus rhombicus	Limnephilus	Limnephilidae	Trichoptera	Insecta	Arthropoda	Limnephilus rhombicus	1	GCA_929108145.2	reference genome	iiLimRhom1.2	Chromosome		1578786179	no
1226590	Limnia unguicornis	Limnia	Sciomyzidae	Diptera	Insecta	Arthropoda	Limnia unguicornis	1	GCA_988140955.1	reference genome	idLimUngu3.1	Chromosome		1096099279	no
2719073	Limnophora tigrina	Limnophora	Muscidae	Diptera	Insecta	Arthropoda	Limnophora tigrina	1	GCA_982266925.2	reference genome	idLimTigr1.hap1.2	Chromosome		1097019960	no
1690341	Limonia nubeculosa	Limonia	Limoniidae	Diptera	Insecta	Arthropoda	Limonia nubeculosa	1	GCA_977930355.1	reference genome	idLimNube2.hap1.1	Chromosome		599129604	no
1588201	Limonius poneli	Limonius	Elateridae	Coleoptera	Insecta	Arthropoda	Limonius poneli	2	GCA_965119595.1	reference genome	icLimPone1.hap1.1	Chromosome		1351608197	no
83485	Linepithema humile	Linepithema	Formicidae	Hymenoptera	Insecta	Arthropoda	Linepithema humile	2	GCF_040581485.1	reference genome	Lhum_UNIL_v1.0	Chromosome		244426654	yes
1776468	Linnaemya tessellans	Linnaemya	Tachinidae	Diptera	Insecta	Arthropoda	Linnaemya tessellans	1	GCA_951800035.1	reference genome	idLinTess1.1	Chromosome		709870799	no
1776471	Linnaemya vulpina	Linnaemya	Tachinidae	Diptera	Insecta	Arthropoda	Linnaemya vulpina	1	GCA_963675445.1	reference genome	idLinVulp1.1	Chromosome		554026350	no
202024	Liophloeus tessulatus	Liophloeus	Curculionidae	Coleoptera	Insecta	Arthropoda	Liophloeus tessulatus	1	GCA_978021545.1	reference genome	icLioTess1.hap1.1	Chromosome		1199434380	no
107794	Liopterus haemorrhoidalis	Liopterus	Dytiscidae	Coleoptera	Insecta	Arthropoda	Liopterus haemorrhoidalis	1	GCA_963971575.1	reference genome	icLioHaem2.1	Chromosome		1020114878	no
85445	Liostenogaster flavolineata	Liostenogaster	Vespidae	Hymenoptera	Insecta	Arthropoda	Liostenogaster flavolineata	1	GCA_057814515.1	reference genome	Lio_flavol	Chromosome		369950598	no
1323540	Lipara lucens	Lipara	Chloropidae	Diptera	Insecta	Arthropoda	Lipara lucens	1	GCA_988143905.1	reference genome	idLipLuce1.hap1.1	Chromosome		1478642973	no
185214	Liposcelis bostrychophila	Liposcelis	Liposcelididae	Psocodea	Insecta	Arthropoda	Liposcelis bostrychophila	1	GCA_037577465.1	reference genome	SWU_Lb_1.0	Chromosome		291667327	no
209989	Liposcelis brunnea	Liposcelis	Liposcelididae	Psocodea	Insecta	Arthropoda	Liposcelis brunnea	1	GCA_023512825.1	reference genome	Lbru_1.0	Chromosome		178248614	no
948454	Liposcelis tricolor	Liposcelis	Liposcelididae	Psocodea	Insecta	Arthropoda	Liposcelis tricolor	1	GCA_042257085.1	reference genome	SWU_Lt_1.0	Chromosome		223733423	no
127406	Liriomyza sativae	Liriomyza	Agromyzidae	Diptera	Insecta	Arthropoda	Liriomyza sativae	1	GCA_051363215.1	reference genome	ASM5136321v1	Chromosome		110997914	no
198433	Liriomyza trifolii	Liriomyza	Agromyzidae	Diptera	Insecta	Arthropoda	Liriomyza trifolii	1	GCA_043165165.1	reference genome	ASM4316516v1	Chromosome		117612815	no
1291971	Lispocephala erythrocera	Lispocephala	Muscidae	Diptera	Insecta	Arthropoda	Lispocephala erythrocera	1	GCA_987272625.1	reference genome	idLisEryt1.hap1.1	Chromosome		1022380753	no
2882235	Lispocephala verna	Lispocephala	Muscidae	Diptera	Insecta	Arthropoda	Lispocephala verna	1	GCA_965644445.1	reference genome	idLisVern1.hap1.1	Chromosome		987706988	no
172425	Listrodromus nycthemerus	Listrodromus	Ichneumonidae	Hymenoptera	Insecta	Arthropoda	Listrodromus nycthemerus	1	GCA_963978505.1	reference genome	iyLisNyct1.1	Chromosome		190774361	no
1870035	Lithophane leautieri	Lithophane	Noctuidae	Lepidoptera	Insecta	Arthropoda	Lithophane leautieri	1	GCA_949152455.1	reference genome	ilLitLeau1.1	Chromosome		521678522	no
987973	Lithophane ornitopus	Lithophane	Noctuidae	Lepidoptera	Insecta	Arthropoda	Lithophane ornitopus	1	GCA_948473465.1	reference genome	ilLitOrni1.1	Chromosome		508596170	no
997537	Lithophane semibrunnea	Lithophane	Noctuidae	Lepidoptera	Insecta	Arthropoda	Lithophane semibrunnea	1	GCA_947363905.1	reference genome	ilLitSemi2.1	Chromosome		557989272	no
997538	Lithophane socia	Lithophane	Noctuidae	Lepidoptera	Insecta	Arthropoda	Lithophane socia	1	GCA_947522985.1	reference genome	ilLitSoci1.1	Chromosome		489329867	no
987974	Lithosia quadra	Lithosia	Erebidae	Lepidoptera	Insecta	Arthropoda	Lithosia quadra	1	GCA_963576445.1	reference genome	ilLitQuad1.1	Chromosome		456269832	no
1870039	Lobesia abscisana	Lobesia	Tortricidae	Lepidoptera	Insecta	Arthropoda	Lobesia abscisana	1	GCA_984589695.1	reference genome	ilLobAbsc1.hap1.1	Chromosome		551469828	no
2561470	Lobesia littoralis	Lobesia	Tortricidae	Lepidoptera	Insecta	Arthropoda	Lobesia littoralis	1	GCA_978021425.1	reference genome	ilLobLitt1.hap1.1	Chromosome		521726265	no
1594363	Lobesia reliquana	Lobesia	Tortricidae	Lepidoptera	Insecta	Arthropoda	Lobesia reliquana	1	GCA_982398065.1	reference genome	ilLobReli2.hap1.1	Chromosome		500320864	no
1639166	Lobesia virulenta	Lobesia	Tortricidae	Lepidoptera	Insecta	Arthropoda	Lobesia virulenta	2	GCA_976974305.1	reference genome	ilLobViru1.hap1.1	Chromosome		485243603	no
934876	Lobophora halterata	Lobophora	Geometridae	Lepidoptera	Insecta	Arthropoda	Lobophora halterata	1	GCA_932526365.1	reference genome	ilLobHalt1.1	Chromosome		314860569	no
242713	Loboptera decipiens	Loboptera	Blattellidae	Blattodea	Insecta	Arthropoda	Loboptera decipiens	1	GCA_964662295.2	reference genome	ibLobDeci3.2	Chromosome		2216271299	no
3078426	Loboptera subterranea	Loboptera	Blattellidae	Blattodea	Insecta	Arthropoda	Loboptera subterranea	1	GCA_964278025.2	reference genome	ibLobSubt1.2	Chromosome		2671248225	no
3054492	Loboptera troglobia	Loboptera	Blattellidae	Blattodea	Insecta	Arthropoda	Loboptera troglobia	1	GCA_965112255.2	reference genome	ibLobTrog1.2	Chromosome		2585297318	no
227480	Lochmaea capreae	Lochmaea	Chrysomelidae	Coleoptera	Insecta	Arthropoda	Lochmaea capreae	1	GCA_949126875.1	reference genome	icLocCapr1.1	Chromosome		534673670	no
1143063	Lochmaea crataegi	Lochmaea	Chrysomelidae	Coleoptera	Insecta	Arthropoda	Lochmaea crataegi	1	GCA_947563755.1	reference genome	icLocCrat2.1	Chromosome		891283075	no
7004	Locusta migratoria	Locusta	Acrididae	Orthoptera	Insecta	Arthropoda	Locusta migratoria	1	GCA_026315105.1	reference genome	CAU_Lmig_1.0	Chromosome		6303855065	no
209941	Loensia variegata	Loensia	Psocidae	Psocodea	Insecta	Arthropoda	Loensia variegata	1	GCA_964261705.1	reference genome	iuLoeVari1.hap1.1	Chromosome		531423583	no
3037403	Loewia submetallica	Loewia	Tachinidae	Diptera	Insecta	Arthropoda	Loewia submetallica	1	GCA_983140565.1	reference genome	idLoeSubm1.1	Chromosome		797530129	no
722666	Lomaspilis marginata	Lomaspilis	Geometridae	Lepidoptera	Insecta	Arthropoda	Lomaspilis marginata	1	GCA_988282155.1	reference genome	ilLomMarg3.1	Chromosome		590642356	no
393326	Lomographa bimaculata	Lomographa	Geometridae	Lepidoptera	Insecta	Arthropoda	Lomographa bimaculata	1	GCA_948107665.1	reference genome	ilLomBima1.1	Chromosome		554736081	no
934877	Lomographa temerata	Lomographa	Geometridae	Lepidoptera	Insecta	Arthropoda	Lomographa temerata	1	GCA_964199915.1	reference genome	ilLomTeme1.hap1.1	Chromosome		682884362	no
385268	Lonchoptera bifurcata	Lonchoptera	Lonchopteridae	Diptera	Insecta	Arthropoda	Lonchoptera bifurcata	1	GCA_984096315.1	reference genome	idLonBifu1.hap1.1	Chromosome		255225595	no
92596	Lonchoptera lutea	Lonchoptera	Lonchopteridae	Diptera	Insecta	Arthropoda	Lonchoptera lutea	1	GCA_965234885.1	reference genome	idLonLute3.1	Chromosome		406202705	no
2321081	Lonchoptera multiseta	Lonchoptera	Lonchopteridae	Diptera	Insecta	Arthropoda	Lonchoptera multiseta	1	GCA_051362075.1	reference genome	ASM5136207v1	Chromosome		160977471	no
1870667	Longalatedes elymi	Longalatedes	Noctuidae	Lepidoptera	Insecta	Arthropoda	Longalatedes elymi	2	GCA_976921925.1	reference genome	ilLonElym1.hap1.1	Chromosome		648873406	no
346795	Longitarsus dorsalis	Longitarsus	Chrysomelidae	Coleoptera	Insecta	Arthropoda	Longitarsus dorsalis	1	GCA_965178105.1	reference genome	icLonDors1.hap1.1	Chromosome		1034954490	no
878065	Longitarsus flavicornis	Longitarsus	Chrysomelidae	Coleoptera	Insecta	Arthropoda	Longitarsus flavicornis	1	GCA_964258785.1	reference genome	icLonFlav1.hap1.1	Chromosome		1128248677	no
347394	Lordithon lunulatus	Lordithon	Staphylinidae	Coleoptera	Insecta	Arthropoda	Lordithon lunulatus	1	GCA_963942505.1	reference genome	icLorLunu1.1	Chromosome		674366605	no
1870044	Loxostege comptalis	Loxostege	Crambidae	Lepidoptera	Insecta	Arthropoda	Loxostege comptalis	2	GCA_988143805.1	reference genome	ilLoxComp1.hap2.1	Chromosome		546412771	no
481309	Loxostege sticticalis	Loxostege	Crambidae	Lepidoptera	Insecta	Arthropoda	Loxostege sticticalis	4	GCA_040581535.1	reference genome	ASM4058153v1	Chromosome		485995121	yes
1101015	Lozotaenia forsterana	Lozotaenia	Tortricidae	Lepidoptera	Insecta	Arthropoda	Lozotaenia forsterana	1	GCA_965247445.1	reference genome	ilLozFors1.hap1.1	Chromosome		657976485	no
3238474	Lucanus dybowski	Lucanus	Lucanidae	Coleoptera	Insecta	Arthropoda	Lucanus dybowski	1	GCA_060808535.1	reference genome	L_dybowski_v1.0	Chromosome		393372834	no
618066	Lucanus tetraodon	Lucanus	Lucanidae	Coleoptera	Insecta	Arthropoda	Lucanus tetraodon	1	GCA_982553785.1	reference genome	Lucanus tetraodon genome assembly	Chromosome		337598709	no
65466	Lucilia caesar	Lucilia	Calliphoridae	Diptera	Insecta	Arthropoda	Lucilia caesar	1	GCA_965655125.1	reference genome	idLucCaes4.1	Chromosome		615545306	no
7375	Lucilia cuprina	Lucilia	Calliphoridae	Diptera	Insecta	Arthropoda	Lucilia cuprina	2	GCF_022045245.1	reference genome	ASM2204524v1	Chromosome		409159265	yes
344611	Luciola italica	Luciola	Lampyridae	Coleoptera	Insecta	Arthropoda	Luciola italica	1	GCA_054859625.1	reference genome	ASM5485962v1	Chromosome		1210006272	no
1870047	Luffia ferchaultella	Luffia	Psychidae	Lepidoptera	Insecta	Arthropoda	Luffia ferchaultella	1	GCA_949709985.1	reference genome	ilLufFerc1.1	Chromosome		645260981	no
882792	Luperina nickerlii	Luperina	Noctuidae	Lepidoptera	Insecta	Arthropoda	Luperina nickerlii	1	GCA_963855955.1	reference genome	ilLupNick1.1	Chromosome		661959672	no
988174	Luperina testacea	Luperina	Noctuidae	Lepidoptera	Insecta	Arthropoda	Luperina testacea	1	GCA_927399505.1	reference genome	ilLupTest1.1	Chromosome		601497093	no
1553543	Luperus flavipes	Luperus	Chrysomelidae	Coleoptera	Insecta	Arthropoda	Luperus flavipes	1	GCA_982446645.1	reference genome	icLupFlai1.hap1.1	Chromosome		1214575696	no
281588	Luperus longicornis	Luperus	Chrysomelidae	Coleoptera	Insecta	Arthropoda	Luperus longicornis	1	GCA_982374535.1	reference genome	icLupLong2.1	Chromosome		1340418794	no
1858096	Luquetia lobella	Luquetia	Depressariidae	Lepidoptera	Insecta	Arthropoda	Luquetia lobella	1	GCA_977013125.1		ilLuqLobe2.hap1.1	Chromosome		292255920	no
7200	Lutzomyia longipalpis	Lutzomyia	Psychodidae	Diptera	Insecta	Arthropoda	Lutzomyia longipalpis	2	GCF_024334085.1	reference genome	ASM2433408v1	Chromosome		147838017	yes
282377	Lycaena alciphron	Lycaena	Lycaenidae	Lepidoptera	Insecta	Arthropoda	Lycaena alciphron	1	GCA_964273875.1	reference genome	ilLycAlci1.hap1.1	Chromosome		497932537	no
580924	Lycaena hippothoe	Lycaena	Lycaenidae	Lepidoptera	Insecta	Arthropoda	Lycaena hippothoe	1	GCA_964264015.1	reference genome	ilLycHipp1.hap1.1	Chromosome		484250665	no
282391	Lycaena phlaeas	Lycaena	Lycaenidae	Lepidoptera	Insecta	Arthropoda	Lycaena phlaeas	1	GCA_905333005.2	reference genome	ilLycPhla1.2	Chromosome		420468287	no
265360	Lycaena thersamon	Lycaena	Lycaenidae	Lepidoptera	Insecta	Arthropoda	Lycaena thersamon	1	GCA_965194355.1	reference genome	ilLycTher1.hap1.1	Chromosome		465864373	no
266947	Lycaena tityrus	Lycaena	Lycaenidae	Lepidoptera	Insecta	Arthropoda	Lycaena tityrus	1	GCA_984573165.1	reference genome	ilLycTity1.hap1.1	Chromosome		443902964	no
282395	Lycaena virgaureae	Lycaena	Lycaenidae	Lepidoptera	Insecta	Arthropoda	Lycaena virgaureae	1	GCA_964263885.1	reference genome	ilLycVirg1.hap1.1	Chromosome		496024660	no
326963	Lycia hirtaria	Lycia	Geometridae	Lepidoptera	Insecta	Arthropoda	Lycia hirtaria	1	GCA_947563715.1	reference genome	ilLycHirt1.1	Chromosome		551955517	no
987975	Lycophotia porphyrea	Lycophotia	Noctuidae	Lepidoptera	Insecta	Arthropoda	Lycophotia porphyrea	1	GCA_950005105.1	reference genome	ilLycPorp1.1	Chromosome		542404843	no
767460	Lycoriella ingenua	Lycoriella	Sciaridae	Diptera	Insecta	Arthropoda	Lycoriella ingenua	1	GCA_965233655.1	reference genome	idLycInge5.1	Chromosome		333607496	no
130591	Lycorma delicatula	Lycorma	Fulgoridae	Hemiptera	Insecta	Arthropoda	Lycorma delicatula	4	GCF_047948215.1	reference genome	ASM4794821v1	Chromosome		2201051051	yes
997512	Lygephila craccae	Lygephila	Erebidae	Lepidoptera	Insecta	Arthropoda	Lygephila craccae	1	GCA_964273745.1	reference genome	ilLygCrac1.hap1.1	Chromosome		665334037	no
753194	Lygephila pastinum	Lygephila	Erebidae	Lepidoptera	Insecta	Arthropoda	Lygephila pastinum	1	GCA_984589625.1	reference genome	ilLygPast2.1	Chromosome		899462081	no
13123	Lymantria dispar	Lymantria	Erebidae	Lepidoptera	Insecta	Arthropoda	Lymantria dispar	2	GCA_032191425.1	reference genome	ASM3219142v1	Chromosome		997561891	no
78897	Lymantria monacha	Lymantria	Erebidae	Lepidoptera	Insecta	Arthropoda	Lymantria monacha	1	GCA_905163515.2	reference genome	ilLymMona1.2	Chromosome		915653161	no
78901	Lymantria xylina	Lymantria	Erebidae	Lepidoptera	Insecta	Arthropoda	Lymantria xylina	1	GCA_051943045.1	reference genome	ASM5194304v1	Chromosome		967178604	no
753195	Lyonetia clerkella	Lyonetia	Lyonetiidae	Lepidoptera	Insecta	Arthropoda	Lyonetia clerkella	1	GCA_965226265.1	reference genome	ilLyoCler1.1	Chromosome		255311309	no
3386248	Lyonetia padifoliella	Lyonetia	Lyonetiidae	Lepidoptera	Insecta	Arthropoda	Lyonetia padifoliella	1	GCA_977871525.1	reference genome	ilLyoPadi1.hap1.1	Chromosome		288720761	no
1776473	Lypha dubia	Lypha	Tachinidae	Diptera	Insecta	Arthropoda	Lypha dubia	1	GCA_947311025.1	reference genome	idLypDubi1.1	Chromosome		645045364	no
134419	Lyristes plebejus	Lyristes	Cicadidae	Hemiptera	Insecta	Arthropoda	Lyristes plebejus	1	GCA_980043705.1	reference genome	ihLyrPleb1.1	Chromosome		4453989262	no
282008	Lysandra albicans	Lysandra	Lycaenidae	Lepidoptera	Insecta	Arthropoda	Lysandra albicans	2	GCA_965112205.1	reference genome	ilLysAlbi2.hap1.1	Chromosome		560890617	no
138070	Lysandra bellargus	Lysandra	Lycaenidae	Lepidoptera	Insecta	Arthropoda	Lysandra bellargus	1	GCA_905333045.1	reference genome	ilLysBell1.1	Chromosome		528918181	no
268709	Lysandra coridon	Lysandra	Lycaenidae	Lepidoptera	Insecta	Arthropoda	Lysandra coridon	1	GCA_905220515.1	reference genome	ilLysCori1.1	Chromosome		540719330	no
505419	Lythria purpuraria	Lythria	Geometridae	Lepidoptera	Insecta	Arthropoda	Lythria purpuraria	1	GCA_964503375.1	reference genome	ilLytPurp1.hap1.1	Chromosome		241871696	no
934878	Macaria alternata	Macaria	Geometridae	Lepidoptera	Insecta	Arthropoda	Macaria alternata	2	GCA_964662175.1	reference genome	ilMacAlte1.hap1.1	Chromosome		419466911	no
685373	Macaria brunneata	Macaria	Geometridae	Lepidoptera	Insecta	Arthropoda	Macaria brunneata	1	GCA_964197775.1	reference genome	ilMacBrun1.hap1.1	Chromosome		363291535	no
1870055	Macaria carbonaria	Macaria	Geometridae	Lepidoptera	Insecta	Arthropoda	Macaria carbonaria	1	GCA_976954475.1	reference genome	ilMacCarb1.hap1.1	Chromosome		343707682	no
934879	Macaria liturata	Macaria	Geometridae	Lepidoptera	Insecta	Arthropoda	Macaria liturata	1	GCA_964023185.2	reference genome	ilMacLitu1.2	Chromosome		370318431	no
688445	Macaria notata	Macaria	Geometridae	Lepidoptera	Insecta	Arthropoda	Macaria notata	1	GCA_927399415.1	reference genome	ilMacNota1.1	Chromosome		393772068	no
572781	Macaria signaria	Macaria	Geometridae	Lepidoptera	Insecta	Arthropoda	Macaria signaria	2	GCA_986694535.1	reference genome	ilMacSign2.hap2.1	Chromosome		351596885	no
254380	Macdunnoughia confusa	Macdunnoughia	Noctuidae	Lepidoptera	Insecta	Arthropoda	Macdunnoughia confusa	1	GCA_965154515.1	reference genome	ilMacConf1.hap1.1	Chromosome		381157066	no
2794001	Machimus atricapillus	Machimus	Asilidae	Diptera	Insecta	Arthropoda	Machimus atricapillus	1	GCA_933228815.1	reference genome	idMacAtri3.1	Chromosome		268627744	no
1717430	Machimus rusticus	Machimus	Asilidae	Diptera	Insecta	Arthropoda	Machimus rusticus	1	GCA_951509405.1	reference genome	idMacRust1.1	Chromosome		279698367	no
535359	Macrocentrus cingulum	Macrocentrus	Braconidae	Hymenoptera	Insecta	Arthropoda	Macrocentrus cingulum	1	GCA_045786645.1	reference genome	ASM4578664v1	Chromosome		151934107	no
2870502	Macrocera phalerata	Macrocera	Keroplatidae	Diptera	Insecta	Arthropoda	Macrocera phalerata	1	GCA_978473185.1	reference genome	idMacPhal2.1	Chromosome		572807319	no
997513	Macrochilo cribrumalis	Macrochilo	Erebidae	Lepidoptera	Insecta	Arthropoda	Macrochilo cribrumalis	1	GCA_965284725.1	reference genome	ilMacCrib3.hap1.1	Chromosome		834590310	no
2882282	Macrodema micropterum	Macrodema	Rhyparochromidae	Hemiptera	Insecta	Arthropoda	Macrodema micropterum	1	GCA_965636975.1	reference genome	ihMacMicr1.hap1.1	Chromosome		1132129945	no
524428	Macroglossum stellatarum	Macroglossum	Sphingidae	Lepidoptera	Insecta	Arthropoda	Macroglossum stellatarum	1	GCA_976984725.1	reference genome	ilMacStel1.hap1.1	Chromosome		471972412	no
1384894	Macrophya alboannulata	Macrophya	Tenthredinidae	Hymenoptera	Insecta	Arthropoda	Macrophya alboannulata	1	GCA_949628255.1	reference genome	iyMacAlbo1.1	Chromosome		245216054	no
1384895	Macrophya annulata	Macrophya	Tenthredinidae	Hymenoptera	Insecta	Arthropoda	Macrophya annulata	1	GCA_963924015.1	reference genome	iyMacAnnu1.1	Chromosome		236773339	no
1384908	Macrophya punctumalbum	Macrophya	Tenthredinidae	Hymenoptera	Insecta	Arthropoda	Macrophya punctumalbum	1	GCA_982499975.1	reference genome	iyMacPunc1.1	Chromosome		262489203	no
1384909	Macrophya ribis	Macrophya	Tenthredinidae	Hymenoptera	Insecta	Arthropoda	Macrophya ribis	1	GCA_988265155.1	reference genome	iyMacRibi1.1	Chromosome		219889946	no
253715	Macropis europaea	Macropis	Melittidae	Hymenoptera	Insecta	Arthropoda	Macropis europaea	1	GCA_916610135.2	reference genome	iyMacEuro1.2	Chromosome		546788722	no
994498	Macrosiphum cholodkovskyi	Macrosiphum	Aphididae	Hemiptera	Insecta	Arthropoda	Macrosiphum cholodkovskyi	1	GCA_978019455.1	reference genome	ihMacChol2.1	Chromosome		551320060	no
13131	Macrosiphum euphorbiae	Macrosiphum	Aphididae	Hemiptera	Insecta	Arthropoda	Macrosiphum euphorbiae	1	GCA_987106555.1	reference genome	ihMacEuph3.hap1.1	Chromosome		498672472	no
384672	Macrosiphum hellebori	Macrosiphum	Aphididae	Hemiptera	Insecta	Arthropoda	Macrosiphum hellebori	1	GCA_984768155.1	reference genome	ihMacHell3.hap1.1	Chromosome		597238039	no
74068	Macrosteles quadrilineatus	Macrosteles	Cicadellidae	Hemiptera	Insecta	Arthropoda	Macrosteles quadrilineatus	1	GCA_976628355.1		ihMacQuai1.hap1.1	Chromosome		1090416117	no
151312	Macrothylacia rubi	Macrothylacia	Lasiocampidae	Lepidoptera	Insecta	Arthropoda	Macrothylacia rubi	1	GCA_984798895.1	reference genome	ilMacRubi1.hap1.1	Chromosome		581343426	no
878129	Magdalis barbicornis	Magdalis	Curculionidae	Coleoptera	Insecta	Arthropoda	Magdalis barbicornis	1	GCA_965663545.1	reference genome	icMagBarb1.hap1.1	Chromosome		1457472602	no
1143066	Magdalis cerasi	Magdalis	Curculionidae	Coleoptera	Insecta	Arthropoda	Magdalis cerasi	1	GCA_965642045.1	reference genome	icMagCera1.1	Chromosome		1665097020	no
44680	Magicicada septendecula	Magicicada	Cicadidae	Hemiptera	Insecta	Arthropoda	Magicicada septendecula	1	GCA_034769895.1	reference genome	Decula_1.0	Chromosome		6520083204	no
295700	Malachius bipustulatus	Malachius	Melyridae	Coleoptera	Insecta	Arthropoda	Malachius bipustulatus	1	GCA_910589415.1	reference genome	icMalBipu1.1	Chromosome		544240569	no
1660657	Malacosoma alpicolum	Malacosoma	Lasiocampidae	Lepidoptera	Insecta	Arthropoda	Malacosoma alpicolum	1	GCA_964270795.1	reference genome	ilMalAlpi1.hap1.1	Chromosome		572727869	no
7098	Malacosoma neustria	Malacosoma	Lasiocampidae	Lepidoptera	Insecta	Arthropoda	Malacosoma neustria	1	GCA_963693495.1	reference genome	ilMalNeus2.1	Chromosome		567718570	no
325434	Malaya genurostris	Malaya	Culicidae	Diptera	Insecta	Arthropoda	Malaya genurostris	2	GCF_030247185.1	reference genome	Malgen_1.1	Chromosome		831262279	yes
195224	Malthinus flaveolus	Malthinus	Cantharidae	Coleoptera	Insecta	Arthropoda	Malthinus flaveolus	1	GCA_950108345.1	reference genome	icMalFlav1.1	Chromosome		236704650	no
1588223	Malthinus seriepunctatus	Malthinus	Cantharidae	Coleoptera	Insecta	Arthropoda	Malthinus seriepunctatus	1	GCA_963924605.1	reference genome	icMalSeri1.1	Chromosome		338810509	no
346798	Malthodes marginatus	Malthodes	Cantharidae	Coleoptera	Insecta	Arthropoda	Malthodes marginatus	1	GCA_965119235.1	reference genome	icMalMarg1.hap1.1	Chromosome		343821388	no
878135	Malthodes minimus	Malthodes	Cantharidae	Coleoptera	Insecta	Arthropoda	Malthodes minimus	1	GCA_964263285.1	reference genome	icMalMini1.1	Chromosome		583601290	no
55057	Mamestra brassicae	Mamestra	Noctuidae	Lepidoptera	Insecta	Arthropoda	Mamestra brassicae	1	GCA_905163435.1	reference genome	ilMamBras1.1	Chromosome		576168760	no
7130	Manduca sexta	Manduca	Sphingidae	Lepidoptera	Insecta	Arthropoda	Manduca sexta	2	GCF_014839805.1	reference genome	JHU_Msex_v1.0	Chromosome		470021481	yes
2795562	Maniola bathseba	Maniola	Nymphalidae	Lepidoptera	Insecta	Arthropoda	Maniola bathseba	1	GCA_964656085.1	reference genome	ilManBath1.hap1.1	Chromosome		391475453	no
1608717	Maniola cypricola	Maniola	Nymphalidae	Lepidoptera	Insecta	Arthropoda	Maniola cypricola	1	GCA_981601725.1	reference genome	ilManCypr4.1	Chromosome		389406768	no
2795564	Maniola hyperantus	Maniola	Nymphalidae	Lepidoptera	Insecta	Arthropoda	Maniola hyperantus	3	GCF_902806685.2	reference genome	iAphHyp1.2	Chromosome		408137179	yes
191418	Maniola jurtina	Maniola	Nymphalidae	Lepidoptera	Insecta	Arthropoda	Maniola jurtina	2	GCF_905333055.1	reference genome	ilManJurt1.1	Chromosome		402038846	yes
2795565	Maniola tithonus	Maniola	Nymphalidae	Lepidoptera	Insecta	Arthropoda	Maniola tithonus	1	GCA_965117215.1	reference genome	ilManTith1.hap1.1	Chromosome		397656354	no
7507	Mantis religiosa	Mantis	Mantidae	Mantodea	Insecta	Arthropoda	Mantis religiosa	1	GCA_030765055.1	reference genome	ASM3076505v1	Chromosome		3678221674	no
1973535	Manulea palliatella	Manulea	Erebidae	Lepidoptera	Insecta	Arthropoda	Manulea palliatella	2	GCA_988221755.1	reference genome	ilEilPall1.hap1.1	Chromosome		736344428	no
1594453	Marasmarcha lunaedactyla	Marasmarcha	Pterophoridae	Lepidoptera	Insecta	Arthropoda	Marasmarcha lunaedactyla	1	GCA_923062675.1	reference genome	ilMarLuna1.1	Chromosome		771083478	no
1555629	Marasmia exigua	Marasmia	Crambidae	Lepidoptera	Insecta	Arthropoda	Marasmia exigua	1	GCA_019059595.1	reference genome	ASM1905959v1	Chromosome		797606974	no
497515	Maruca vitrata	Maruca	Crambidae	Lepidoptera	Insecta	Arthropoda	Maruca vitrata	2	GCA_041475385.2	reference genome	ASM4147538v2	Chromosome		459315714	no
522842	Marumba quercus	Marumba	Sphingidae	Lepidoptera	Insecta	Arthropoda	Marumba quercus	2	GCA_978045685.1	reference genome	ilMarQuer1.hap1.1	Chromosome		595213122	no
2912585	Matsumurasca onukii	Matsumurasca	Cicadellidae	Hemiptera	Insecta	Arthropoda	Matsumurasca onukii	1	GCA_018831715.1	reference genome	ASM1883171v1	Chromosome		599257890	no
3686468	Matsumyia berberina	Matsumyia	Syrphidae	Diptera	Insecta	Arthropoda	Matsumyia berberina	1	GCA_917880715.2		idCriBerb1.2	Chromosome		410379867	no
471059	Mechanitis lysimnia	Mechanitis	Nymphalidae	Lepidoptera	Insecta	Arthropoda	Mechanitis lysimnia	6	GCA_986497575.1	reference genome	ilMecLysi317.hap2.1	Chromosome		243841188	no
471061	Mechanitis mazaeus	Mechanitis	Nymphalidae	Lepidoptera	Insecta	Arthropoda	Mechanitis mazaeus	2	GCA_959347365.2	reference genome	ilMecMaza1.hap2.2	Chromosome		244482313	no
651059	Mechanitis menapis	Mechanitis	Nymphalidae	Lepidoptera	Insecta	Arthropoda	Mechanitis menapis	1	GCA_965234935.1	reference genome	ilMecMena1.hap1.1	Chromosome		305297686	no
2578229	Mechanitis messenoides	Mechanitis	Nymphalidae	Lepidoptera	Insecta	Arthropoda	Mechanitis messenoides	1	GCA_959347415.1	reference genome	ilMecMess1.1	Chromosome		294904878	no
127245	Mechanitis polymnia	Mechanitis	Nymphalidae	Lepidoptera	Insecta	Arthropoda	Mechanitis polymnia	4	GCA_986270205.1	reference genome	ilMecPoly75.hap2.1	Chromosome		268104561	no
494438	Meconema thalassinum	Meconema	Tettigoniidae	Orthoptera	Insecta	Arthropoda	Meconema thalassinum	1	GCA_946902985.2	reference genome	iqMecThal1.2	Chromosome		9039060273	no
1870058	Mecyna asinalis	Mecyna	Crambidae	Lepidoptera	Insecta	Arthropoda	Mecyna asinalis	1	GCA_986449165.1	reference genome	ilMecAsin2.hap1.1	Chromosome		471906374	no
1502335	Mecyna flavalis	Mecyna	Crambidae	Lepidoptera	Insecta	Arthropoda	Mecyna flavalis	1	GCA_949319885.1	reference genome	ilMecFlav1.1	Chromosome		531616342	no
1618191	Megachile lagopoda	Megachile	Megachilidae	Hymenoptera	Insecta	Arthropoda	Megachile lagopoda	1	GCA_036983795.1	reference genome	ASM3698379v1	Chromosome		256824940	no
1542539	Megachile leachella	Megachile	Megachilidae	Hymenoptera	Insecta	Arthropoda	Megachile leachella	1	GCA_963576845.1	reference genome	iyMegLeac1.1	Chromosome		572960844	no
1542540	Megachile ligniseca	Megachile	Megachilidae	Hymenoptera	Insecta	Arthropoda	Megachile ligniseca	1	GCA_945859555.1	reference genome	iyMegLign1.1	Chromosome		290020865	no
1004188	Megachile maritima	Megachile	Megachilidae	Hymenoptera	Insecta	Arthropoda	Megachile maritima	1	GCA_982499455.1		iyMegMari1.hap1.1	Chromosome		1196377838	no
3229175	Megachile posti	Megachile	Megachilidae	Hymenoptera	Insecta	Arthropoda	Megachile posti	1	GCA_976976495.1	reference genome	iyMegPost4.1	Chromosome		860368396	no
143995	Megachile rotundata	Megachile	Megachilidae	Hymenoptera	Insecta	Arthropoda	Megachile rotundata	2	GCF_050947335.1	reference genome	iyMegRotu1	Chromosome		613361532	yes
1004196	Megachile sculpturalis	Megachile	Megachilidae	Hymenoptera	Insecta	Arthropoda	Megachile sculpturalis	1	GCA_046254535.1	reference genome	ASM4625453v1	Chromosome		296836997	no
481575	Megachile willughbiella	Megachile	Megachilidae	Hymenoptera	Insecta	Arthropoda	Megachile willughbiella	1	GCA_945859595.2	reference genome	iyMegWill1.2	Chromosome		413947718	no
511882	Megalocaria dilatata	Megalocaria	Coccinellidae	Coleoptera	Insecta	Arthropoda	Megalocaria dilatata	1	GCA_034642435.1	reference genome	ASM3464243v1	Chromosome		767667579	no
1545161	Megalonotus praetextatus	Megalonotus	Rhyparochromidae	Hemiptera	Insecta	Arthropoda	Megalonotus praetextatus	2	GCA_965653845.1	reference genome	ihMegPrae1.hap1.1	Chromosome		2500666807	no
115081	Megalopta genalis	Megalopta	Halictidae	Hymenoptera	Insecta	Arthropoda	Megalopta genalis	2	GCF_051020955.1	reference genome	iyMegGena1_principal	Chromosome		771760085	yes
439358	Megalurothrips usitatus	Megalurothrips	Thripidae	Thysanoptera	Insecta	Arthropoda	Megalurothrips usitatus	2	GCA_043789555.1	reference genome	ASM4378955v1	Chromosome		247619268	no
3037404	Megamerina dolium	Megamerina	Megamerinidae	Diptera	Insecta	Arthropoda	Megamerina dolium	1	GCA_963854835.1	reference genome	idMegDoli1.1	Chromosome		500511240	no
987977	Meganola albula	Meganola	Nolidae	Lepidoptera	Insecta	Arthropoda	Meganola albula	1	GCA_936450015.1	reference genome	ilMegAlbu1.1	Chromosome		405246355	no
3144899	Meganola kolbi	Meganola	Nolidae	Lepidoptera	Insecta	Arthropoda	Meganola kolbi	1	GCA_983028675.1	reference genome	ilMegKolb1.hap1.1	Chromosome		514043822	no
987978	Meganola strigula	Meganola	Nolidae	Lepidoptera	Insecta	Arthropoda	Meganola strigula	2	GCA_965276985.1	reference genome	ilMegStri1.hap1.1	Chromosome		498429944	no
88686	Megaselia abdita	Megaselia	Phoridae	Diptera	Insecta	Arthropoda	Megaselia abdita	1	GCA_048544405.1	reference genome	UofC_Mab_1	Chromosome		592824975	yes
878194	Megatoma undata	Megatoma	Dermestidae	Coleoptera	Insecta	Arthropoda	Megatoma undata	1	GCA_965643495.1	reference genome	icMegUnda1.hap1.1	Chromosome		417162620	no
469902	Megoura crassicauda	Megoura	Aphididae	Hemiptera	Insecta	Arthropoda	Megoura crassicauda	2	GCA_050169925.1	reference genome	ASM5016992v1	Chromosome		429007017	no
1262309	Meiosimyza decipiens	Meiosimyza	Lauxaniidae	Diptera	Insecta	Arthropoda	Meiosimyza decipiens	1	GCA_963680825.1	reference genome	idLycDeci1.1	Chromosome		436389685	no
1825006	Meiosimyza platycephala	Meiosimyza	Lauxaniidae	Diptera	Insecta	Arthropoda	Meiosimyza platycephala	1	GCA_963662105.1	reference genome	idLycPlat1.1	Chromosome		457167958	no
742174	Melanaphis sacchari	Melanaphis	Aphididae	Hemiptera	Insecta	Arthropoda	Melanaphis sacchari	1	GCA_038630835.1		Msac_v1	Chromosome		355491910	no
111923	Melanargia galathea	Melanargia	Nymphalidae	Lepidoptera	Insecta	Arthropoda	Melanargia galathea	1	GCA_920104075.1	reference genome	ilMelGala2.1	Chromosome		606360635	no
679095	Melanargia ines	Melanargia	Nymphalidae	Lepidoptera	Insecta	Arthropoda	Melanargia ines	1	GCA_964186415.1	reference genome	PT_MI_8.v2_0	Chromosome		421657230	no
111924	Melanargia lachesis	Melanargia	Nymphalidae	Lepidoptera	Insecta	Arthropoda	Melanargia lachesis	1	GCA_964338655.1	reference genome	ilMelLach1.hap1.1	Chromosome		606379622	no
111925	Melanargia russiae	Melanargia	Nymphalidae	Lepidoptera	Insecta	Arthropoda	Melanargia russiae	1	GCA_964273825.1	reference genome	ilMelRuss1.hap1.1	Chromosome		628790757	no
987979	Melanchra persicariae	Melanchra	Noctuidae	Lepidoptera	Insecta	Arthropoda	Melanchra persicariae	1	GCA_947386135.1	reference genome	ilMelPers1.1	Chromosome		647895792	no
1822530	Melangyna compositarum	Melangyna	Syrphidae	Diptera	Insecta	Arthropoda	Melangyna compositarum	1	GCA_965663475.1	reference genome	idMelComo1.hap1.1	Chromosome		999956761	no
2884232	Melangyna quadrimaculata	Melangyna	Syrphidae	Diptera	Insecta	Arthropoda	Melangyna quadrimaculata	1	GCA_949320155.1	reference genome	idMelQuad1.1	Chromosome		951916525	no
2173294	Melanomya nana	Melanomya	Calliphoridae	Diptera	Insecta	Arthropoda	Melanomya nana	1	GCA_965605835.1	reference genome	idMelNana4.hap1.1	Chromosome		1391983493	no
1606788	Melanophora roralis	Melanophora	Rhinophoridae	Diptera	Insecta	Arthropoda	Melanophora roralis	1	GCA_963583895.1	reference genome	idMelRora1.1	Chromosome		565116889	no
653684	Melanostoma mellinum	Melanostoma	Syrphidae	Diptera	Insecta	Arthropoda	Melanostoma mellinum	1	GCA_914767635.1	reference genome	idMelMell2.1	Chromosome		731024304	no
92598	Melanostoma scalare	Melanostoma	Syrphidae	Diptera	Insecta	Arthropoda	Melanostoma scalare	1	GCA_949752695.1	reference genome	idMelScal2.1	Chromosome		738163551	no
346801	Melanotus villosus	Melanotus	Elateridae	Coleoptera	Insecta	Arthropoda	Melanotus villosus	1	GCA_963082815.1	reference genome	icMelVill1.1	Chromosome		803466028	no
934947	Melanthia procellata	Melanthia	Geometridae	Lepidoptera	Insecta	Arthropoda	Melanthia procellata	1	GCA_965152645.1	reference genome	ilMelProc2.hap1.1	Chromosome		255514759	no
1335495	Melieria crassipennis	Melieria	Ulidiidae	Diptera	Insecta	Arthropoda	Melieria crassipennis	1	GCA_963668005.1	reference genome	idMelCras1.1	Chromosome		413994783	no
1262360	Melieria omissa	Melieria	Ulidiidae	Diptera	Insecta	Arthropoda	Melieria omissa	1	GCA_963971225.1	reference genome	idMelOmis1.1	Chromosome		490542112	no
3037405	Melieria picta	Melieria	Ulidiidae	Diptera	Insecta	Arthropoda	Melieria picta	1	GCA_964056695.1	reference genome	idMelPict1.hap1.1	Chromosome		423818532	no
331327	Melinaea isocomma	Melinaea	Nymphalidae	Lepidoptera	Insecta	Arthropoda	Melinaea isocomma	2	GCA_965282635.1	reference genome	ilMelIsoc1.hap1.1	Chromosome		524285446	no
331329	Melinaea ludovica	Melinaea	Nymphalidae	Lepidoptera	Insecta	Arthropoda	Melinaea ludovica	2	GCA_965234865.1	reference genome	ilMelLudo1.1	Chromosome		661363699	no
331299	Melinaea marsaeus	Melinaea	Nymphalidae	Lepidoptera	Insecta	Arthropoda	Melinaea marsaeus rileyi	2	GCA_918358865.2	reference genome	ilMelMars1.hap1.3	Chromosome		516243498	no
304554	Melinaea menophilus	Melinaea	Nymphalidae	Lepidoptera	Insecta	Arthropoda	Melinaea menophilus ssp. n. AW-2005	4	GCA_918358695.2	reference genome	ilMelMeno1.hap1.4	Chromosome		543559426	no
331331	Melinaea mothone	Melinaea	Nymphalidae	Lepidoptera	Insecta	Arthropoda	Melinaea mothone	2	GCA_965197345.1	reference genome	ilMelMoth8.hap1.1	Chromosome		560427747	no
1971315	Melinopterus prodromus	Melinopterus	Scarabaeidae	Coleoptera	Insecta	Arthropoda	Melinopterus prodromus	1	GCA_964023965.1	reference genome	icMelProd3.1	Chromosome		645613547	no
431829	Meliscaeva auricollis	Meliscaeva	Syrphidae	Diptera	Insecta	Arthropoda	Meliscaeva auricollis	1	GCA_948107695.1	reference genome	idMelAuri2.1	Chromosome		385148378	no
414834	Meliscaeva cinctella	Meliscaeva	Syrphidae	Diptera	Insecta	Arthropoda	Meliscaeva cinctella	1	GCA_965212275.1	reference genome	idMelCint3.1	Chromosome		753334112	no
113330	Melitaea athalia	Melitaea	Nymphalidae	Lepidoptera	Insecta	Arthropoda	Melitaea athalia	1	GCA_905220545.2	reference genome	ilMelAtha1.2	Chromosome		609549632	no
2716722	Melitaea aurelia	Melitaea	Nymphalidae	Lepidoptera	Insecta	Arthropoda	Melitaea aurelia	1	GCA_964265045.1	reference genome	ilMelAure1.hap1.1	Chromosome		595205437	no
113332	Melitaea britomartis	Melitaea	Nymphalidae	Lepidoptera	Insecta	Arthropoda	Melitaea britomartis	1	GCA_979468215.1	reference genome	ilMelBrit1.hap1.1	Chromosome		629453195	no
113334	Melitaea cinxia	Melitaea	Nymphalidae	Lepidoptera	Insecta	Arthropoda	Melitaea cinxia	3	GCF_905220565.1	reference genome	ilMelCinx1.1	Chromosome		499397863	yes
113335	Melitaea deione	Melitaea	Nymphalidae	Lepidoptera	Insecta	Arthropoda	Melitaea deione	1	GCA_964304785.1	reference genome	ilMelDeio1.hap1.1	Chromosome		596608130	no
113337	Melitaea diamina	Melitaea	Nymphalidae	Lepidoptera	Insecta	Arthropoda	Melitaea diamina	1	GCA_964264535.1	reference genome	ilMelDiam1.hap1.1	Chromosome		578082667	no
104515	Melitaea didyma	Melitaea	Nymphalidae	Lepidoptera	Insecta	Arthropoda	Melitaea didyma	1	GCA_965194455.1	reference genome	ilMelDidm1.hap1.1	Chromosome		558284502	no
130817	Melitaea interrupta	Melitaea	Nymphalidae	Lepidoptera	Insecta	Arthropoda	Melitaea interrupta	1	GCA_964288815.1	reference genome	ilMelInte1.hap1.1	Chromosome		597607207	no
2494361	Melitaea nevadensis	Melitaea	Nymphalidae	Lepidoptera	Insecta	Arthropoda	Melitaea nevadensis	1	GCA_964306245.1	reference genome	ilMelNeva1.hap1.1	Chromosome		621288032	no
113340	Melitaea parthenoides	Melitaea	Nymphalidae	Lepidoptera	Insecta	Arthropoda	Melitaea parthenoides	1	GCA_964261285.1	reference genome	ilMelPart1.hap1.1	Chromosome		592147376	no
113342	Melitaea phoebe	Melitaea	Nymphalidae	Lepidoptera	Insecta	Arthropoda	Melitaea phoebe	1	GCA_964274925.1		ilMelPhoe1.hap1.1	Chromosome		505713571	no
2904454	Melitaea pseudornata	Melitaea	Nymphalidae	Lepidoptera	Insecta	Arthropoda	Melitaea pseudornata	1	GCA_964305695.1	reference genome	ilMelPseu1.hap1.1	Chromosome		497862038	no
113345	Melitaea trivia	Melitaea	Nymphalidae	Lepidoptera	Insecta	Arthropoda	Melitaea trivia	1	GCA_964306785.1	reference genome	ilMelTriv1.hap1.1	Chromosome		481620122	no
113346	Melitaea varia	Melitaea	Nymphalidae	Lepidoptera	Insecta	Arthropoda	Melitaea varia	1	GCA_964261405.1	reference genome	ilMelVari1.hap1.1	Chromosome		610502788	no
1109092	Meloimorpha japonica	Meloimorpha	Phalangopsidae	Orthoptera	Insecta	Arthropoda	Meloimorpha japonica	1	GCA_054643225.1	reference genome	ASM5464322v1	Chromosome		1397679926	no
7061	Melolontha melolontha	Melolontha	Scarabaeidae	Coleoptera	Insecta	Arthropoda	Melolontha melolontha	1	GCA_935421215.2	reference genome	icMelMelo1.2	Chromosome		1656866012	no
1660658	Menophra abruptaria	Menophra	Geometridae	Lepidoptera	Insecta	Arthropoda	Menophra abruptaria	1	GCA_977020135.1	reference genome	ilMenAbru1.hap1.1	Chromosome		430223113	no
511117	Merodon equestris	Merodon	Syrphidae	Diptera	Insecta	Arthropoda	Merodon equestris	1	GCA_958301585.1	reference genome	idMerEque2.1	Chromosome		872972800	no
1428788	Meromyza pratorum	Meromyza	Chloropidae	Diptera	Insecta	Arthropoda	Meromyza pratorum	1	GCA_982500655.1	reference genome	idMerPrat1.hap1.1	Chromosome		793287092	no
753365	Merrifieldia baliodactyla	Merrifieldia	Pterophoridae	Lepidoptera	Insecta	Arthropoda	Merrifieldia baliodactyla	1	GCA_984573095.1	reference genome	ilMerBalo2.hap1.1	Chromosome		298198845	no
1870077	Merrifieldia leucodactyla	Merrifieldia	Pterophoridae	Lepidoptera	Insecta	Arthropoda	Merrifieldia leucodactyla	1	GCA_984573545.1	reference genome	ilMerLeuc2.hap1.1	Chromosome		414602752	no
2795681	Merzomyia westermanni	Merzomyia	Tephritidae	Diptera	Insecta	Arthropoda	Merzomyia westermanni	1	GCA_949987695.1	reference genome	idMerWest1.1	Chromosome		986154060	no
988129	Mesapamea secalis	Mesapamea	Noctuidae	Lepidoptera	Insecta	Arthropoda	Mesapamea secalis	1	GCA_965117175.1	reference genome	ilMesSeca1.hap1.1	Chromosome		1033822740	no
1870080	Mesogona acetosellae	Mesogona	Noctuidae	Lepidoptera	Insecta	Arthropoda	Mesogona acetosellae	1	GCA_976929195.1	reference genome	ilMesAcet1.hap1.1	Chromosome		622525992	no
1045615	Mesoleptidea cingulata	Mesoleptidea	Ichneumonidae	Hymenoptera	Insecta	Arthropoda	Mesoleptidea cingulata	1	GCA_987488835.1	reference genome	iyMesCing1.hap1.1	Chromosome		433922607	no
997551	Mesoligia furuncula	Mesoligia	Noctuidae	Lepidoptera	Insecta	Arthropoda	Mesoligia furuncula	1	GCA_916614155.1	reference genome	ilMesFuru1.1	Chromosome		889612040	no
1100897	Mesoligia literosa	Mesoligia	Noctuidae	Lepidoptera	Insecta	Arthropoda	Mesoligia literosa	2	GCA_986918565.1	reference genome	ilMesLite2.hap1.1	Chromosome		742948158	no
2866285	Mesopsocus fuscifrons	Mesopsocus	Mesopsocidae	Psocodea	Insecta	Arthropoda	Mesopsocus fuscifrons	1	GCA_950004255.1	reference genome	iuMesFusc1.1	Chromosome		184332854	no
87890	Messor barbarus	Messor	Formicidae	Hymenoptera	Insecta	Arthropoda	Messor barbarus	1	GCA_048181735.1		ASM4818173v1	Chromosome		312760950	no
3229181	Messor bucephalus	Messor	Formicidae	Hymenoptera	Insecta	Arthropoda	Messor bucephalus	1	GCA_977014345.1	reference genome	iyMesBuce7.1	Chromosome		397571255	no
612071	Messor oertzeni	Messor	Formicidae	Hymenoptera	Insecta	Arthropoda	Messor oertzeni	2	GCA_973577575.1	reference genome	iyMesOert5	Chromosome		321587797	no
612075	Messor orientalis	Messor	Formicidae	Hymenoptera	Insecta	Arthropoda	Messor orientalis	1	GCA_978018205.1	reference genome	iyMesOrie12.1	Chromosome		366044330	no
1101017	Metalampra italica	Metalampra	Oecophoridae	Lepidoptera	Insecta	Arthropoda	Metalampra italica	1	GCA_949699065.1	reference genome	ilMetItal3.1	Chromosome		319369997	no
406581	Metallyticus violacea	Metallyticus	Metallyticidae	Mantodea	Insecta	Arthropoda	Metallyticus violacea	1	GCA_030762175.1	reference genome	ASM3076217v1	Chromosome		2322129718	no
1080872	Meteorus filator	Meteorus	Braconidae	Hymenoptera	Insecta	Arthropoda	Meteorus filator	1	GCA_982375245.1	reference genome	iyMetFila2.1	Chromosome		136118554	no
1080877	Meteorus ictericus	Meteorus	Braconidae	Hymenoptera	Insecta	Arthropoda	Meteorus ictericus	1	GCA_984048595.1	reference genome	iyMetIcte1.hap1.1	Chromosome		137773564	no
1080928	Meteorus pendulus	Meteorus	Braconidae	Hymenoptera	Insecta	Arthropoda	Meteorus pendulus	1	GCA_982553025.1	reference genome	iyMetPend1.hap1.1	Chromosome		142692989	no
51522	Meteorus pulchricornis	Meteorus	Braconidae	Hymenoptera	Insecta	Arthropoda	Meteorus pulchricornis	1	GCA_041937225.1	reference genome	ASM4193722v1	Chromosome		153824209	no
1031642	Meteorus rubens	Meteorus	Braconidae	Hymenoptera	Insecta	Arthropoda	Meteorus rubens	1	GCA_982552955.1	reference genome	iyMetRube1.hap1.1	Chromosome		142808622	no
471070	Methona curvifascia	Methona	Nymphalidae	Lepidoptera	Insecta	Arthropoda	Methona curvifascia	1	GCA_982264085.1	reference genome	ilMetCurv1.hap1.1	Chromosome		308311600	no
433052	Metoecus paradoxus	Metoecus	Ripiphoridae	Coleoptera	Insecta	Arthropoda	Metoecus paradoxus	1	GCA_965282865.1	reference genome	icMetPara1.1	Chromosome		100371204	no
2021473	Metopia argyrocephala	Metopia	Sarcophagidae	Diptera	Insecta	Arthropoda	Metopia argyrocephala	1	GCA_963576795.1	reference genome	idMetArgy1.1	Chromosome		626930139	no
44670	Metopolophium dirhodum	Metopolophium	Aphididae	Hemiptera	Insecta	Arthropoda	Metopolophium dirhodum	2	GCF_019925205.1	reference genome	ASM1992520v1	Chromosome		480811620	yes
1150108	Metriotes lutarea	Metriotes	Coleophoridae	Lepidoptera	Insecta	Arthropoda	Metriotes lutarea	1	GCA_977788085.1	reference genome	ilMetLuta1.hap1.1	Chromosome		513867154	no
1639167	Metzneria aprilella	Metzneria	Gelechiidae	Lepidoptera	Insecta	Arthropoda	Metzneria aprilella	2	GCA_986176495.1	reference genome	ilMetApri1.hap1.1	Chromosome		700655957	no
687107	Metzneria lappella	Metzneria	Gelechiidae	Lepidoptera	Insecta	Arthropoda	Metzneria lappella	2	GCA_984799175.1	reference genome	ilMetLapp10.hap1.1	Chromosome		481531626	no
1870084	Metzneria neuropterella	Metzneria	Gelechiidae	Lepidoptera	Insecta	Arthropoda	Metzneria neuropterella	1	GCA_986606605.1	reference genome	ilMetNeur1.hap1.1	Chromosome		527553844	no
351684	Microcara testacea	Microcara	Scirtidae	Coleoptera	Insecta	Arthropoda	Microcara testacea	1	GCA_985198295.1	reference genome	icMicTest2.1	Chromosome		677288119	no
931518	Microchrysa polita	Microchrysa	Stratiomyidae	Diptera	Insecta	Arthropoda	Microchrysa polita	1	GCA_949715475.1	reference genome	idMicPoli1.1	Chromosome		846641926	no
2738948	Microctonus brassicae	Microctonus	Braconidae	Hymenoptera	Insecta	Arthropoda	Microctonus brassicae	2	GCA_918226075.1	reference genome	PGI_MICBR_v5	Chromosome		137881629	no
2767528	Microdon myrmicae	Microdon	Syrphidae	Diptera	Insecta	Arthropoda	Microdon myrmicae	1	GCA_963931805.1	reference genome	idMicMyrm1.1	Chromosome		1366175401	no
500459	Microlophium carnosum	Microlophium	Aphididae	Hemiptera	Insecta	Arthropoda	Microlophium carnosum	1	GCA_978019865.1	reference genome	ihMicCarn4.1	Chromosome		456971957	no
1441571	Microloxia herbaria	Microloxia	Geometridae	Lepidoptera	Insecta	Arthropoda	Microloxia herbaria	1	GCA_965154585.1	reference genome	ilMicHerb1.hap1.1	Chromosome		385188220	no
69319	Microplitis demolitor	Microplitis	Braconidae	Hymenoptera	Insecta	Arthropoda	Microplitis demolitor	2	GCF_026212275.2	reference genome	iyMicDemo2.1a	Chromosome		225878136	yes
2964682	Microplitis deprimator	Microplitis	Braconidae	Hymenoptera	Insecta	Arthropoda	Microplitis deprimator	1	GCA_964016945.1	reference genome	iyMicDepi1.1	Chromosome		233219686	no
1427173	Microplitis manilae	Microplitis	Braconidae	Hymenoptera	Insecta	Arthropoda	Microplitis manilae	2	GCA_030273425.1	reference genome	ASM3027342v1	Chromosome		284760326	no
375433	Microplitis mediator	Microplitis	Braconidae	Hymenoptera	Insecta	Arthropoda	Microplitis mediator	2	GCF_029852145.1	reference genome	iyMicMedi2.1	Chromosome		269288274	yes
1042620	Micropterix aruncella	Micropterix	Micropterigidae	Lepidoptera	Insecta	Arthropoda	Micropterix aruncella	1	GCA_944548615.1	reference genome	ilMicArun2.1	Chromosome		1079196823	no
445480	Microrhagus pygmaeus	Microrhagus	Eucnemidae	Coleoptera	Insecta	Arthropoda	Microrhagus pygmaeus	1	GCA_965643785.1	reference genome	icMicPygm2.1	Chromosome		320795622	no
987980	Miltochrista miniata	Miltochrista	Erebidae	Lepidoptera	Insecta	Arthropoda	Miltochrista miniata	1	GCA_933228765.1	reference genome	ilMilMini2.1	Chromosome		1056986632	no
522848	Mimas tiliae	Mimas	Sphingidae	Lepidoptera	Insecta	Arthropoda	Mimas tiliae	1	GCA_905332985.1	reference genome	ilMimTili1.1	Chromosome		477965817	no
2495085	Mimumesa dahlbomi	Mimumesa	Crabronidae	Hymenoptera	Insecta	Arthropoda	Mimumesa dahlbomi	1	GCA_917499265.3	reference genome	iyMimDahl1.3	Chromosome		297301941	no
1824969	Minettia fasciata	Minettia	Lauxaniidae	Diptera	Insecta	Arthropoda	Minettia fasciata	1	GCA_965113145.1	reference genome	idMinFasc2.hap1.1	Chromosome		683088595	no
3143474	Minois aurata	Minois	Nymphalidae	Lepidoptera	Insecta	Arthropoda	Minois aurata	1	GCA_046119125.1	reference genome	ASM4611912v1	Chromosome		614234334	no
997514	Minucia lunaris	Minucia	Erebidae	Lepidoptera	Insecta	Arthropoda	Minucia lunaris	1	GCA_976985735.1	reference genome	ilMinLuna1.hap1.1	Chromosome		1221162876	no
2561510	Mirificarma mulinella	Mirificarma	Gelechiidae	Lepidoptera	Insecta	Arthropoda	Mirificarma mulinella	1	GCA_965195395.1	reference genome	ilMirMuli1.hap1.1	Chromosome		658352239	no
446450	Molanna angustata	Molanna	Molannidae	Trichoptera	Insecta	Arthropoda	Molanna angustata	1	GCA_963576475.1	reference genome	iiMolAngu1.1	Chromosome		994850035	no
997521	Moma alpium	Moma	Noctuidae	Lepidoptera	Insecta	Arthropoda	Moma alpium	1	GCA_965615795.1	reference genome	ilMomAlpi1.hap1.1	Chromosome		723463555	no
753199	Mompha conturbatella	Mompha	Momphidae	Lepidoptera	Insecta	Arthropoda	Mompha conturbatella	1	GCA_977036055.1	reference genome	ilMomCont1.hap1.1	Chromosome		402442208	no
1101020	Mompha epilobiella	Mompha	Momphidae	Lepidoptera	Insecta	Arthropoda	Mompha epilobiella	1	GCA_965637535.1	reference genome	ilMomEpil1.1	Chromosome		328203224	no
1594370	Mompha locupletella	Mompha	Momphidae	Lepidoptera	Insecta	Arthropoda	Mompha locupletella	1	GCA_977013225.1	reference genome	ilMomLocu1.hap1.1	Chromosome		509779239	no
1073589	Mompha miscella	Mompha	Momphidae	Lepidoptera	Insecta	Arthropoda	Mompha miscella	1	GCA_987201365.1	reference genome	ilMomMisc2.1	Chromosome		499334831	no
1129766	Mompha raschkiella	Mompha	Momphidae	Lepidoptera	Insecta	Arthropoda	Mompha raschkiella	2	GCA_977014305.1	reference genome	ilMomRasc1.hap1.1	Chromosome		534009983	no
1666626	Mompha sturnipennella	Mompha	Momphidae	Lepidoptera	Insecta	Arthropoda	Mompha sturnipennella	1	GCA_976988895.1	reference genome	ilMomStur1.hap1.1	Chromosome		396436233	no
1594371	Mompha subbistrigella	Mompha	Momphidae	Lepidoptera	Insecta	Arthropoda	Mompha subbistrigella	1	GCA_965198445.1	reference genome	ilMomSubb2.hap1.1	Chromosome		337258091	no
3021590	Mongoloraphidia duomilia	Mongoloraphidia	Raphidiidae	Raphidioptera	Insecta	Arthropoda	Mongoloraphidia duomilia	1	GCA_039654895.1	reference genome	ASM3965489v1	Chromosome		648137043	no
192382	Monochamus alternatus	Monochamus	Cerambycidae	Coleoptera	Insecta	Arthropoda	Monochamus alternatus	2	GCA_037114965.1	reference genome	ASM3711496v1	Chromosome		789497424	no
236074	Monochamus saltuarius	Monochamus	Cerambycidae	Coleoptera	Insecta	Arthropoda	Monochamus saltuarius	1	GCA_025584915.1	reference genome	ASM2558491v1	Chromosome		682219095	no
1323392	Monochamus scutellatus	Monochamus	Cerambycidae	Coleoptera	Insecta	Arthropoda	Monochamus scutellatus	1	GCA_052862855.1	reference genome	Mscu_1.0	Chromosome		813230197	no
236073	Monochamus sutor	Monochamus	Cerambycidae	Coleoptera	Insecta	Arthropoda	Monochamus sutor	1	GCA_052757275.1	reference genome	ASM5275727v1	Complete Genome		789929701	no
1870094	Monochroa lucidella	Monochroa	Gelechiidae	Lepidoptera	Insecta	Arthropoda	Monochroa lucidella	1	GCA_971872585.1	reference genome	ilMonLuci1.hap1.1	Chromosome		728480625	no
1594373	Monochroa lutulentella	Monochroa	Gelechiidae	Lepidoptera	Insecta	Arthropoda	Monochroa lutulentella	1	GCA_984807525.1	reference genome	ilMonLutu3.hap1.1	Chromosome		591848199	no
1101127	Monochroa tenebrella	Monochroa	Gelechiidae	Lepidoptera	Insecta	Arthropoda	Monochroa tenebrella	1	GCA_982551405.1	reference genome	ilMonTene1.hap1.1	Chromosome		441959278	no
327932	Monolepta hieroglyphica	Monolepta	Chrysomelidae	Coleoptera	Insecta	Arthropoda	Monolepta hieroglyphica	1	GCA_045514875.1	reference genome	ASM4551487v1	Chromosome		2294531386	no
307658	Monomorium pharaonis	Monomorium	Formicidae	Hymenoptera	Insecta	Arthropoda	Monomorium pharaonis	2	GCF_013373865.1	reference genome	ASM1337386v2	Chromosome		325506644	yes
1342213	Mononychus punctumalbum	Mononychus	Curculionidae	Coleoptera	Insecta	Arthropoda	Mononychus punctumalbum	1	GCA_977066395.1	reference genome	icMonPunc1.hap1.1	Chromosome		384607014	no
1375242	Monopis crocicapitella	Monopis	Tineidae	Lepidoptera	Insecta	Arthropoda	Monopis crocicapitella	1	GCA_965113135.1	reference genome	ilMonCroc1.hap1.1	Chromosome		480147354	no
691988	Monopis laevigella	Monopis	Tineidae	Lepidoptera	Insecta	Arthropoda	Monopis laevigella	2	GCA_947458855.1	reference genome	ilMonLaev1.1	Chromosome		632589603	no
685410	Monopis monachella	Monopis	Tineidae	Lepidoptera	Insecta	Arthropoda	Monopis monachella	2	GCA_987114575.1	reference genome	ilMonMona1.hap2.1	Chromosome		442372675	no
989789	Monopis spilotella	Monopis	Tineidae	Lepidoptera	Insecta	Arthropoda	Monopis spilotella	1	GCA_984660175.1	reference genome	ilMonSpil1.hap1.1	Chromosome		545428249	no
700104	Monopis weaverella	Monopis	Tineidae	Lepidoptera	Insecta	Arthropoda	Monopis weaverella	1	GCA_965226455.1	reference genome	ilMonWeav1.1	Chromosome		547708301	no
1385281	Monostegia abdominalis	Monostegia	Tenthredinidae	Hymenoptera	Insecta	Arthropoda	Monostegia abdominalis	1	GCA_984574225.1	reference genome	iyMonAbdo1.hap1.1	Chromosome		191038802	no
878149	Monotoma picipes	Monotoma	Monotomidae	Coleoptera	Insecta	Arthropoda	Monotoma picipes	1	GCA_977065965.1	reference genome	icMonPici2.1	Chromosome		183094089	no
1265421	Morimus asper	Morimus	Cerambycidae	Coleoptera	Insecta	Arthropoda	Morimus asper	1	GCA_977013095.1	reference genome	icMorAspe1.1	Chromosome		884714609	no
2974020	Morimus orientalis	Morimus	Cerambycidae	Coleoptera	Insecta	Arthropoda	Morimus orientalis	1	GCA_976714775.1	reference genome	icMorOrie1.1	Chromosome		900774935	no
988133	Mormo maura	Mormo	Noctuidae	Lepidoptera	Insecta	Arthropoda	Mormo maura	1	GCA_965196665.1	reference genome	ilMorMaur1.hap1.1	Chromosome		504556308	no
2705571	Muschampia baetica	Muschampia	Hesperiidae	Lepidoptera	Insecta	Arthropoda	Muschampia baetica	1	GCA_965200415.1	reference genome	ilMusBaet1.hap1.1	Chromosome		599770557	no
1107688	Muschampia proto	Muschampia	Hesperiidae	Lepidoptera	Insecta	Arthropoda	Muschampia proto	1	GCA_964304755.1	reference genome	ilMusProo1.hap1.1	Chromosome		542520362	no
51938	Muscidifurax raptorellus	Muscidifurax	Pteromalidae	Hymenoptera	Insecta	Arthropoda	Muscidifurax raptorellus	1	GCA_020010945.3	reference genome	AU_Mell_v2	Chromosome		317029579	no
7429	Muscidifurax uniraptor	Muscidifurax	Pteromalidae	Hymenoptera	Insecta	Arthropoda	Muscidifurax uniraptor	1	GCA_054135075.1	reference genome	AU_Muni_v2	Chromosome		365408198	no
60493	Muscidifurax zaraptor	Muscidifurax	Pteromalidae	Hymenoptera	Insecta	Arthropoda	Muscidifurax zaraptor	1	GCA_054135085.1	reference genome	AU_Mzar_v2	Chromosome		386836632	no
559660	Muscina levida	Muscina	Muscidae	Diptera	Insecta	Arthropoda	Muscina levida	1	GCA_964034835.1	reference genome	idMusLevi1.1	Chromosome		805167402	no
57893	Muscina stabulans	Muscina	Muscidae	Diptera	Insecta	Arthropoda	Muscina stabulans	1	GCA_051014185.1	reference genome	ASM5101418v1	Chromosome		747497171	no
2967106	Muscula muscula	Muscula	Erebidae	Lepidoptera	Insecta	Arthropoda	Muscula muscula	1	GCA_981596825.1	reference genome	ilMusMusc6.1	Chromosome		815388997	no
753371	Musotima nitidalis	Musotima	Crambidae	Lepidoptera	Insecta	Arthropoda	Musotima nitidalis	1	GCA_949126915.1	reference genome	ilMusNiti1.1	Chromosome		555635780	no
2714349	Myathropa florea	Myathropa	Syrphidae	Diptera	Insecta	Arthropoda	Myathropa florea	1	GCA_930367185.1	reference genome	idMyaFlor2.1	Chromosome		485087974	no
441995	Mycalesis mineus	Mycalesis	Nymphalidae	Lepidoptera	Insecta	Arthropoda	Mycalesis mineus	1	GCA_034621355.1	reference genome	Mmineus_v0.6	Chromosome		497400230	no
433053	Mycetophagus atomarius	Mycetophagus	Mycetophagidae	Coleoptera	Insecta	Arthropoda	Mycetophagus atomarius	1	GCA_977112535.1	reference genome	icMycAtom3.1	Chromosome		140054790	no
1501876	Mycetophagus piceus	Mycetophagus	Mycetophagidae	Coleoptera	Insecta	Arthropoda	Mycetophagus piceus	1	GCA_965642255.1	reference genome	icMycPice2.hap1.1	Chromosome		169607872	no
2882405	Mycetophila formosa	Mycetophila	Mycetophilidae	Diptera	Insecta	Arthropoda	Mycetophila formosa	1	GCA_982191725.1	reference genome	idMycForm1.hap1.1	Chromosome		188400683	no
397147	Mycetophila fungorum	Mycetophila	Mycetophilidae	Diptera	Insecta	Arthropoda	Mycetophila fungorum	1	GCA_981263315.1	reference genome	idMycFung1.hap1.1	Chromosome		210856961	no
2792509	Mycterothrips gongshanensis	Mycterothrips	Thripidae	Thysanoptera	Insecta	Arthropoda	Mycterothrips gongshanensis	1	GCA_059713015.1	reference genome	ASM5971301v1	Chromosome		288868363	no
1335506	Myennis octopunctata	Myennis	Ulidiidae	Diptera	Insecta	Arthropoda	Myennis octopunctata	1	GCA_982340625.1	reference genome	idMyeOcto1.hap1.1	Chromosome		303575141	no
268458	Mylabris quadripunctata	Mylabris	Meloidae	Coleoptera	Insecta	Arthropoda	Mylabris quadripunctata	1	GCA_977015545.1	reference genome	icMylQuad2.1	Chromosome		190361440	no
2921314	Mylabris sibirica	Mylabris	Meloidae	Coleoptera	Insecta	Arthropoda	Mylabris sibirica	1	GCA_039776855.1	reference genome	ASM3977685v1	Chromosome		138452083	no
286487	Myopa buccata	Myopa	Conopidae	Diptera	Insecta	Arthropoda	Myopa buccata	1	GCA_965637325.1	reference genome	idMyoBucc1.hap1.1	Chromosome		322853508	no
2829445	Myopa tessellatipennis	Myopa	Conopidae	Diptera	Insecta	Arthropoda	Myopa tessellatipennis	1	GCA_943737955.2	reference genome	idMyoTess1.2	Chromosome		249257482	no
2867102	Myopa testacea	Myopa	Conopidae	Diptera	Insecta	Arthropoda	Myopa testacea	2	GCA_982374425.1	reference genome	idMyoTest4.hap1.1	Chromosome		257548306	no
3380360	Myrmecocystus cf. mendax GAGA-0026	Myrmecocystus	Formicidae	Hymenoptera	Insecta	Arthropoda	Myrmecocystus cf. mendax GAGA-0026	1	GCA_048544835.1		ASM4854483v1	Chromosome		220260610	no
3238574	Myrmecophilus myrmecophilus	Myrmecophilus	Myrmecophilidae	Orthoptera	Insecta	Arthropoda	Myrmecophilus myrmecophilus	1	GCA_046865745.1	reference genome	ASM4686574v1	Chromosome		565572175	no
297322	Myrmica angulata	Myrmica	Formicidae	Hymenoptera	Insecta	Arthropoda	Myrmica angulata	1	GCA_046605635.1	reference genome	ASM4660563v1	Chromosome		464095626	no
703265	Myrrha octodecimguttata	Myrrha	Coccinellidae	Coleoptera	Insecta	Arthropoda	Myrrha octodecimguttata	1	GCA_958510865.1	reference genome	icMyrOcto1.1	Chromosome		769891912	no
446513	Mystacides azureus	Mystacides	Leptoceridae	Trichoptera	Insecta	Arthropoda	Mystacides azureus	1	GCA_965644405.1	reference genome	iiMysAzur1.1	Chromosome		622391309	no
699848	Mystacides longicornis	Mystacides	Leptoceridae	Trichoptera	Insecta	Arthropoda	Mystacides longicornis	1	GCA_963576905.1	reference genome	iiMysLong1.1	Chromosome		665093489	no
987983	Mythimna albipuncta	Mythimna	Noctuidae	Lepidoptera	Insecta	Arthropoda	Mythimna albipuncta	1	GCA_929112965.1	reference genome	ilMytAlbi1.1	Chromosome		698550901	no
3133243	Mythimna congrua	Mythimna	Noctuidae	Lepidoptera	Insecta	Arthropoda	Mythimna congrua	1	GCA_978259485.1	reference genome	ilMytCong1.hap1.1	Chromosome		779137139	no
987984	Mythimna conigera	Mythimna	Noctuidae	Lepidoptera	Insecta	Arthropoda	Mythimna conigera	1	GCA_964503365.1	reference genome	ilMytConi1.hap1.1	Chromosome		850206511	no
997540	Mythimna ferrago	Mythimna	Noctuidae	Lepidoptera	Insecta	Arthropoda	Mythimna ferrago	1	GCA_910589285.2	reference genome	ilMytFerr1.2	Chromosome		860973034	no
987985	Mythimna impura	Mythimna	Noctuidae	Lepidoptera	Insecta	Arthropoda	Mythimna impura	1	GCA_905147345.3	reference genome	ilMytImpu1.3	Chromosome		935333665	no
987427	Mythimna lalbum	Mythimna	Noctuidae	Lepidoptera	Insecta	Arthropoda	Mythimna lalbum	1	GCA_949319445.1	reference genome	ilMytLalu1.1	Chromosome		691871265	no
667449	Mythimna loreyi	Mythimna	Noctuidae	Lepidoptera	Insecta	Arthropoda	Mythimna loreyi	1	GCA_029852875.1	reference genome	ASM2985287v1	Chromosome		678263292	yes
987986	Mythimna pallens	Mythimna	Noctuidae	Lepidoptera	Insecta	Arthropoda	Mythimna pallens	1	GCA_961205895.1	reference genome	ilMytPall1.1	Chromosome		719084952	no
987987	Mythimna pudorina	Mythimna	Noctuidae	Lepidoptera	Insecta	Arthropoda	Mythimna pudorina	1	GCA_979322105.1	reference genome	ilMytPudo1.hap1.1	Chromosome		853219856	no
2567019	Mythimna riparia	Mythimna	Noctuidae	Lepidoptera	Insecta	Arthropoda	Mythimna riparia	1	GCA_964503575.1	reference genome	ilMytRipa1.hap1.1	Chromosome		867359710	no
271217	Mythimna separata	Mythimna	Noctuidae	Lepidoptera	Insecta	Arthropoda	Mythimna separata	5	GCA_030763345.1	reference genome	ASM3076334v1	Chromosome		705611066	no
987989	Mythimna straminea	Mythimna	Noctuidae	Lepidoptera	Insecta	Arthropoda	Mythimna straminea	1	GCA_987274565.1	reference genome	ilMytStra2.1	Chromosome		887066029	no
103831	Mythimna unipuncta	Mythimna	Noctuidae	Lepidoptera	Insecta	Arthropoda	Mythimna unipuncta	1	GCA_964503205.1	reference genome	ilMytUnip1.hap1.1	Chromosome		758965160	no
987991	Mythimna vitellina	Mythimna	Noctuidae	Lepidoptera	Insecta	Arthropoda	Mythimna vitellina	1	GCA_949316375.1	reference genome	ilMytVite1.1	Chromosome		726680363	no
93721	Myzus cerasi	Myzus	Aphididae	Hemiptera	Insecta	Arthropoda	Myzus cerasi	1	GCA_984589735.1	reference genome	ihMyzCera1.hap1.1	Chromosome		473039822	no
527766	Myzus lythri	Myzus	Aphididae	Hemiptera	Insecta	Arthropoda	Myzus lythri	1	GCA_982296965.1	reference genome	ihMyzLyth1.hap1.1	Chromosome		379249694	no
13164	Myzus persicae	Myzus	Aphididae	Hemiptera	Insecta	Arthropoda	Myzus persicae	1	GCA_029232275.1		ASM2923227v1	Chromosome		383075715	no
93723	Myzus varians	Myzus	Aphididae	Hemiptera	Insecta	Arthropoda	Myzus varians	1	GCA_984577365.1	reference genome	ihMyzVari1.hap1.1	Chromosome		374472475	no
878157	Nacerdes melanura	Nacerdes	Oedemeridae	Coleoptera	Insecta	Arthropoda	Nacerdes melanura	1	GCA_965279825.1	reference genome	icNacMela1.hap1.1	Chromosome		530898495	no
1261038	Nadezhdiella cantori	Nadezhdiella	Cerambycidae	Coleoptera	Insecta	Arthropoda	Nadezhdiella cantori	1	GCA_051225655.1	reference genome	ASM5122565v1	Chromosome		737740173	no
878205	Nalassus laevioctostriatus	Nalassus	Tenebrionidae	Coleoptera	Insecta	Arthropoda	Nalassus laevioctostriatus	2	GCA_965649385.1	reference genome	icNalLaev1.hap1.1	Chromosome		534571247	no
331285	Napeogenes inachia	Napeogenes	Nymphalidae	Lepidoptera	Insecta	Arthropoda	Napeogenes inachia	2	GCA_959347435.2	reference genome	ilNapInac1.hap2.2	Chromosome		340114668	no
331344	Napeogenes sylphis	Napeogenes	Nymphalidae	Lepidoptera	Insecta	Arthropoda	Napeogenes sylphis	2	GCA_959347405.2	reference genome	ilNapSylp1.hap1.2	Chromosome		532941102	no
2890795	Narraga tessularia	Narraga	Geometridae	Lepidoptera	Insecta	Arthropoda	Narraga tessularia	1	GCA_965279385.1	reference genome	ilNarTess3.hap1.1	Chromosome		332603773	no
7425	Nasonia vitripennis	Nasonia	Pteromalidae	Hymenoptera	Insecta	Arthropoda	Nasonia vitripennis	4	GCF_009193385.2	reference genome	Nvit_psr_1.1	Chromosome		297309692	yes
110024	Nebria brevicollis	Nebria	Carabidae	Coleoptera	Insecta	Arthropoda	Nebria brevicollis	1	GCA_944738965.1	reference genome	icNebBrev1.1	Chromosome		241909001	no
878211	Nebria salina	Nebria	Carabidae	Coleoptera	Insecta	Arthropoda	Nebria salina	1	GCA_944039245.1	reference genome	icNebSali1.1	Chromosome		256715385	no
202049	Nedyus quadrimaculatus	Nedyus	Curculionidae	Coleoptera	Insecta	Arthropoda	Nedyus quadrimaculatus	1	GCA_977969715.1	reference genome	icNedQuad3.1	Chromosome		1228323131	no
1660662	Nemapogon clematella	Nemapogon	Tineidae	Lepidoptera	Insecta	Arthropoda	Nemapogon clematella	1	GCA_977929065.1		ilNemClem1.hap1.1	Chromosome		315617496	no
1178132	Nemapogon cloacella	Nemapogon	Tineidae	Lepidoptera	Insecta	Arthropoda	Nemapogon cloacella	1	GCA_988228185.1	reference genome	ilNemCloa1.hap1.1	Chromosome		370932472	no
3003482	Nemapogon koenigi	Nemapogon	Tineidae	Lepidoptera	Insecta	Arthropoda	Nemapogon koenigi	1	GCA_963924495.1	reference genome	ilNemKoen2.1	Chromosome		382948259	no
2567036	Nemapogon picarella	Nemapogon	Tineidae	Lepidoptera	Insecta	Arthropoda	Nemapogon picarella	1	GCA_987217075.1	reference genome	ilNemPica1.hap1.1	Chromosome		447072476	no
1104514	Nemapogon ruricolella	Nemapogon	Tineidae	Lepidoptera	Insecta	Arthropoda	Nemapogon ruricolella	2	GCA_965113035.1	reference genome	ilNemRuri1.hap1.1	Chromosome		337264379	no
1101022	Nematopogon robertella	Nematopogon	Adelidae	Lepidoptera	Insecta	Arthropoda	Nematopogon robertella	1	GCA_977063435.1	reference genome	ilNemRobe1.hap1.1	Chromosome		583044160	no
1594366	Nematopogon schwarziellus	Nematopogon	Adelidae	Lepidoptera	Insecta	Arthropoda	Nematopogon schwarziellus	1	GCA_977066535.1	reference genome	ilNemSchw2.hap1.1	Chromosome		470557030	no
753375	Nematopogon swammerdamellus	Nematopogon	Adelidae	Lepidoptera	Insecta	Arthropoda	Nematopogon swammerdamellus	1	GCA_946902875.1	reference genome	ilNemSwae1.1	Chromosome		699503999	no
3029098	Nematus trochanteratus	Nematus	Tenthredinidae	Hymenoptera	Insecta	Arthropoda	Nematus trochanteratus	1	GCA_055731545.1	reference genome	ASM5573154v1	Chromosome		188071641	no
753377	Nemaxera betulinella	Nemaxera	Tineidae	Lepidoptera	Insecta	Arthropoda	Nemaxera betulinella	1	GCA_977019015.1	reference genome	ilNemBetu1.hap1.1	Chromosome		226726418	no
1888591	Nemophora bellela	Nemophora	Adelidae	Lepidoptera	Insecta	Arthropoda	Nemophora bellela	1	GCA_976984755.1	reference genome	ilNemBell1.hap1.1	Chromosome		565852813	no
233164	Nemophora degeerella	Nemophora	Adelidae	Lepidoptera	Insecta	Arthropoda	Nemophora degeerella	1	GCA_986708595.1	reference genome	ilNemDege5.hap1.1	Chromosome		498241693	no
1594367	Nemophora metallica	Nemophora	Adelidae	Lepidoptera	Insecta	Arthropoda	Nemophora metallica	1	GCA_964261965.1	reference genome	ilNemMetl5.hap1.1	Chromosome		710838061	no
292387	Nemopoda nitidula	Nemopoda	Sepsidae	Diptera	Insecta	Arthropoda	Nemopoda nitidula	1	GCA_964194425.1	reference genome	idNemNiti2.1	Chromosome		178447113	no
343700	Nemotelus nigrinus	Nemotelus	Stratiomyidae	Diptera	Insecta	Arthropoda	Nemotelus nigrinus	1	GCA_947369275.1	reference genome	idNemNigr1.1	Chromosome		722182905	no
2719078	Nemotelus notatus	Nemotelus	Stratiomyidae	Diptera	Insecta	Arthropoda	Nemotelus notatus	1	GCA_987947345.1	reference genome	idNemNota1.hap1.1	Chromosome		1356002661	no
2867254	Nemotelus pantherinus	Nemotelus	Stratiomyidae	Diptera	Insecta	Arthropoda	Nemotelus pantherinus	1	GCA_963978885.1	reference genome	idNemPant2.1	Chromosome		804691354	no
3037407	Nemotelus uliginosus	Nemotelus	Stratiomyidae	Diptera	Insecta	Arthropoda	Nemotelus uliginosus	1	GCA_982191795.1		idNemUlig1.hap1.1	Chromosome		1091250153	no
2014036	Nemoura dubitans	Nemoura	Nemouridae	Plecoptera	Insecta	Arthropoda	Nemoura dubitans	1	GCA_921293005.1	reference genome	ipNemDubi1.1	Chromosome		321001405	no
143722	Nemurella pictetii	Nemurella	Nemouridae	Plecoptera	Insecta	Arthropoda	Nemurella pictetii	1	GCA_921293315.2	reference genome	ipNemPict2.2	Chromosome		257036096	no
102981	Neoaliturus tenellus	Neoaliturus	Cicadellidae	Hemiptera	Insecta	Arthropoda	Neoaliturus tenellus	1	GCA_030545055.2	reference genome	CTen_1	Chromosome		1633505619	no
2867103	Neoascia interrupta	Neoascia	Syrphidae	Diptera	Insecta	Arthropoda	Neoascia interrupta	1	GCA_947623515.1	reference genome	idNeoInte1.1	Chromosome		601905515	no
224223	Neoascia tenur	Neoascia	Syrphidae	Diptera	Insecta	Arthropoda	Neoascia tenur	1	GCA_982340755.1	reference genome	idNeoTenu2.1	Chromosome		491767890	no
2004850	Neoceratitis asiatica	Neoceratitis	Tephritidae	Diptera	Insecta	Arthropoda	Neoceratitis asiatica	1	GCA_030068015.2	reference genome	ASM3006801v2	Chromosome		562477736	no
2769477	Neocochylis molliculana	Neocochylis	Tortricidae	Lepidoptera	Insecta	Arthropoda	Neocochylis molliculana	1	GCA_964656585.1	reference genome	ilNeoMoll1.1	Chromosome		420540105	no
877844	Neocrepidodera transversa	Neocrepidodera	Chrysomelidae	Coleoptera	Insecta	Arthropoda	Neocrepidodera transversa	1	GCA_963243735.1	reference genome	icNeoTran1.1	Chromosome		671299900	no
2872261	Neodiprion fabricii	Neodiprion	Diprionidae	Hymenoptera	Insecta	Arthropoda	Neodiprion fabricii	2	GCF_021155785.1	reference genome	iyNeoFabr1.1	Chromosome		260422217	yes
441921	Neodiprion lecontei	Neodiprion	Diprionidae	Hymenoptera	Insecta	Arthropoda	Neodiprion lecontei	3	GCF_021901455.1	reference genome	iyNeoLeco1.1	Chromosome		272073844	yes
441929	Neodiprion pinetum	Neodiprion	Diprionidae	Hymenoptera	Insecta	Arthropoda	Neodiprion pinetum	2	GCF_021155775.2	reference genome	iyNeoPine1.2	Chromosome		272498186	yes
2961670	Neodiprion virginianus	Neodiprion	Diprionidae	Hymenoptera	Insecta	Arthropoda	Neodiprion virginianus	2	GCF_021901495.1	reference genome	iyNeoVirg1.1	Chromosome		262970509	yes
1101131	Neofaculta ericetella	Neofaculta	Gelechiidae	Lepidoptera	Insecta	Arthropoda	Neofaculta ericetella	1	GCA_982374225.1	reference genome	ilNeoEric1.hap1.1	Chromosome		464743221	no
1101132	Neofaculta infernella	Neofaculta	Gelechiidae	Lepidoptera	Insecta	Arthropoda	Neofaculta infernella	1	GCA_971874335.1	reference genome	ilNeoInfe1.hap1.1	Chromosome		454167288	no
1588107	Neofriseria peliella	Neofriseria	Gelechiidae	Lepidoptera	Insecta	Arthropoda	Neofriseria peliella	2	GCA_966184385.1	reference genome	ilNeoPeli1.hap2.1	Chromosome		554527168	no
1213258	Neognopharmia stevenaria	Neognopharmia	Geometridae	Lepidoptera	Insecta	Arthropoda	Neognopharmia stevenaria	1	GCA_988205245.1	reference genome	ilNeoStev1.hap1.1	Chromosome		456772180	no
2882450	Neoitamus cothurnatus	Neoitamus	Asilidae	Diptera	Insecta	Arthropoda	Neoitamus cothurnatus	1	GCA_984589315.1	reference genome	idNeoCoth1.hap1.1	Chromosome		603575093	no
468767	Neoitamus cyanurus	Neoitamus	Asilidae	Diptera	Insecta	Arthropoda	Neoitamus cyanurus	1	GCA_947538895.1	reference genome	idNeoCyan1.1	Chromosome		365493643	no
1053287	Neomusotima conspurcatalis	Neomusotima	Crambidae	Lepidoptera	Insecta	Arthropoda	Neomusotima conspurcatalis	1	GCA_056150585.1	reference genome	Neomusotima conspurcatalis v1	Chromosome		441162612	no
384675	Neomyzus circumflexus	Neomyzus	Aphididae	Hemiptera	Insecta	Arthropoda	Neomyzus circumflexus	1	GCA_977066655.1	reference genome	ihNeoCirc1.hap1.1	Chromosome		419931926	no
1569773	Neoneuromus ignobilis	Neoneuromus	Corydalidae	Megaloptera	Insecta	Arthropoda	Neoneuromus ignobilis	2	GCA_029203775.1	reference genome	ASM2920377v1	Chromosome		481437968	no
2818049	Neophilaenus exclamationis	Neophilaenus	Aphrophoridae	Hemiptera	Insecta	Arthropoda	Neophilaenus exclamationis	1	GCA_977066405.1	reference genome	ihNeoExcl2.1	Chromosome		3188419826	no
1870113	Neosphaleroptera nubilana	Neosphaleroptera	Tortricidae	Lepidoptera	Insecta	Arthropoda	Neosphaleroptera nubilana	1	GCA_977112235.1	reference genome	ilNeoNubi2.hap1.1	Chromosome		428138831	no
1425443	Neotoxoptera formosana	Neotoxoptera	Aphididae	Hemiptera	Insecta	Arthropoda	Neotoxoptera formosana	1	GCA_022818045.1	reference genome	ASM2281804v1	Chromosome		371791193	no
1545170	Neottiglossa pusilla	Neottiglossa	Pentatomidae	Hemiptera	Insecta	Arthropoda	Neottiglossa pusilla	1	GCA_986264635.1	reference genome	ihNeoPusi1.hap1.1	Chromosome		1261244607	no
1594312	Nephopterix angustella	Nephopterix	Pyralidae	Lepidoptera	Insecta	Arthropoda	Nephopterix angustella	1	GCA_984589775.1	reference genome	ilSciAngu2.hap1.1	Chromosome		526191230	no
94400	Nephotettix cincticeps	Nephotettix	Cicadellidae	Hemiptera	Insecta	Arthropoda	Nephotettix cincticeps	1	GCA_023375725.1	reference genome	ASM2337572v1	Chromosome		745952930	no
566305	Nephrocerus scutellatus	Nephrocerus	Pipunculidae	Diptera	Insecta	Arthropoda	Nephrocerus scutellatus	1	GCA_947095585.1	reference genome	idNepScut1.1	Chromosome		613373670	no
2741127	Nephrotoma appendiculata	Nephrotoma	Tipulidae	Diptera	Insecta	Arthropoda	Nephrotoma appendiculata	1	GCA_947310385.1	reference genome	idNepAppe1.1	Chromosome		1138043649	no
2719080	Nephrotoma flavescens	Nephrotoma	Tipulidae	Diptera	Insecta	Arthropoda	Nephrotoma flavescens	1	GCA_932526605.1	reference genome	idNepFlae1.1	Chromosome		1051332770	no
2881093	Nephrotoma guestfalica	Nephrotoma	Tipulidae	Diptera	Insecta	Arthropoda	Nephrotoma guestfalica	1	GCA_963691935.1	reference genome	idNepGues1.1	Chromosome		916045370	no
1851132	Neria commutata	Neria	Micropezidae	Diptera	Insecta	Arthropoda	Neria commutata	1	GCA_963457695.1	reference genome	idNerComm1.1	Chromosome		273058117	no
3059073	Nesidiocoris poppiusi	Nesidiocoris	Miridae	Hemiptera	Insecta	Arthropoda	Nesidiocoris poppiusi	1	GCA_054131525.1	reference genome	ASM5413152v1	Chromosome		421285632	no
355587	Nesidiocoris tenuis	Nesidiocoris	Miridae	Hemiptera	Insecta	Arthropoda	Nesidiocoris tenuis	1	GCA_036186465.1	reference genome	ASM3618646v1	Chromosome		265555232	yes
2803881	Netelia fuscicornis	Netelia	Ichneumonidae	Hymenoptera	Insecta	Arthropoda	Netelia fuscicornis	1	GCA_946811545.1	reference genome	iyNetDila1.1	Chromosome		324740661	no
3458737	Netelia inedita	Netelia	Ichneumonidae	Hymenoptera	Insecta	Arthropoda	Netelia inedita	1	GCA_964017225.1		iyNetThom1.1	Chromosome		403611192	no
2922078	Netelia infractor	Netelia	Ichneumonidae	Hymenoptera	Insecta	Arthropoda	Netelia infractor	1	GCA_984766975.1	reference genome	iyNetInfr4.1	Chromosome		400994596	no
2922079	Netelia melanura	Netelia	Ichneumonidae	Hymenoptera	Insecta	Arthropoda	Netelia melanura	1	GCA_964007305.1	reference genome	iyNetMela1.1	Chromosome		253866627	no
494743	Netelia virgata	Netelia	Ichneumonidae	Hymenoptera	Insecta	Arthropoda	Netelia virgata	1	GCA_951802705.1	reference genome	iyNetVirg2.1	Chromosome		249675541	no
240896	Neurigona quadrifasciata	Neurigona	Dolichopodidae	Diptera	Insecta	Arthropoda	Neurigona quadrifasciata	1	GCA_964251855.1	reference genome	idNeuQuad1.1	Chromosome		582530976	no
85310	Nezara viridula	Nezara	Pentatomidae	Hemiptera	Insecta	Arthropoda	Nezara viridula	1	GCA_928085145.1	reference genome	PGI_NEZAVIv3	Chromosome		1185128795	yes
414950	Nicrophorus investigator	Nicrophorus	Silphidae	Coleoptera	Insecta	Arthropoda	Nicrophorus investigator	1	GCA_963457615.1	reference genome	icNicInve2.1	Chromosome		202268419	no
1870114	Niditinea striolella	Niditinea	Tineidae	Lepidoptera	Insecta	Arthropoda	Niditinea striolella	1	GCA_977013565.1	reference genome	ilNidStri1.hap1.1	Chromosome		414165577	no
2719105	Nigrotipula nigra	Nigrotipula	Tipulidae	Diptera	Insecta	Arthropoda	Nigrotipula nigra	1	GCA_988140925.1	reference genome	idNigNigr1.hap1.1	Chromosome		1686148517	no
1223488	Nilaparvata bakeri	Nilaparvata	Delphacidae	Hemiptera	Insecta	Arthropoda	Nilaparvata bakeri	1	GCA_058970615.1	reference genome	ASM5897061v1	Chromosome		799257914	no
108931	Nilaparvata lugens	Nilaparvata	Delphacidae	Hemiptera	Insecta	Arthropoda	Nilaparvata lugens	3	GCF_014356525.2	reference genome	ASM1435652v1	Chromosome		1085539448	yes
706586	Nilaparvata muiri	Nilaparvata	Delphacidae	Hemiptera	Insecta	Arthropoda	Nilaparvata muiri	3	GCA_039955075.1	reference genome	CNRRI_Nm_1.0	Chromosome		524996739	no
1504853	Nineta flava	Nineta	Chrysopidae	Neuroptera	Insecta	Arthropoda	Nineta flava	1	GCA_963920215.1	reference genome	inNinFlav1.1	Chromosome		732337316	no
249496	Nipaecoccus viridis	Nipaecoccus	Pseudococcidae	Hemiptera	Insecta	Arthropoda	Nipaecoccus viridis	1	GCA_052327235.1	reference genome	UF_Nivi_1.0	Chromosome		283416491	no
987992	Noctua comes	Noctua	Noctuidae	Lepidoptera	Insecta	Arthropoda	Noctua comes	1	GCA_963082995.1	reference genome	ilNocCome1.1	Chromosome		540720512	no
753202	Noctua fimbriata	Noctua	Noctuidae	Lepidoptera	Insecta	Arthropoda	Noctua fimbriata	1	GCA_905163415.1	reference genome	ilNocFimb1.1	Chromosome		573940004	no
987995	Noctua janthe	Noctua	Noctuidae	Lepidoptera	Insecta	Arthropoda	Noctua janthe	1	GCA_910589295.1	reference genome	ilNocJant1.1	Chromosome		532770789	no
987996	Noctua janthina	Noctua	Noctuidae	Lepidoptera	Insecta	Arthropoda	Noctua janthina	1	GCA_963576755.1	reference genome	ilNocJanh1.1	Chromosome		539703251	no
1858045	Noctua orbona	Noctua	Noctuidae	Lepidoptera	Insecta	Arthropoda	Noctua orbona	1	GCA_983203615.1	reference genome	ilNocOrbo1.hap1.1	Chromosome		472710985	no
214277	Noctua pronuba	Noctua	Noctuidae	Lepidoptera	Insecta	Arthropoda	Noctua pronuba	1	GCA_905220335.1	reference genome	ilNocPron1.1	Chromosome		529179202	no
3229188	Noctua warreni	Noctua	Noctuidae	Lepidoptera	Insecta	Arthropoda	Noctua warreni	1	GCA_983538295.1	reference genome	ilNocWarr2.hap1.1	Chromosome		537796860	no
3395413	Noctuidae sp. SAN22000473		Noctuidae	Lepidoptera	Insecta	Arthropoda	Noctuidae sp. SAN22000473	1	GCA_976919185.1		ilNocSpea1.hap1.1	Chromosome		496170277	no
1985225	Nodaria nodosalis	Nodaria	Erebidae	Lepidoptera	Insecta	Arthropoda	Nodaria nodosalis	1	GCA_984572995.1	reference genome	ilNodNodo1.hap1.1	Chromosome		790532875	no
753203	Nola aerugula	Nola	Nolidae	Lepidoptera	Insecta	Arthropoda	Nola aerugula	1	GCA_964265065.1	reference genome	ilNolAeru1.hap1.1	Chromosome		365914855	no
987997	Nola confusalis	Nola	Nolidae	Lepidoptera	Insecta	Arthropoda	Nola confusalis	1	GCA_987489045.1	reference genome	ilNolConf1.hap1.1	Chromosome		563973730	no
586919	Nomada cressonii	Nomada	Apidae	Hymenoptera	Insecta	Arthropoda	Nomada cressonii	1	GCA_051820275.1	reference genome	iyNomCres1_principal	Chromosome		245513639	no
601510	Nomada fabriciana	Nomada	Apidae	Hymenoptera	Insecta	Arthropoda	Nomada fabriciana	1	GCA_907165295.1	reference genome	iyNomFabr1.1	Chromosome		233584371	no
601518	Nomada ferruginata	Nomada	Apidae	Hymenoptera	Insecta	Arthropoda	Nomada ferruginata	1	GCA_963583965.1	reference genome	iyNomFerr1.1	Chromosome		310495469	no
601523	Nomada flava	Nomada	Apidae	Hymenoptera	Insecta	Arthropoda	Nomada flava	1	GCA_951802745.1	reference genome	iyNomFlav1.1	Chromosome		308415395	no
481570	Nomada fucata	Nomada	Apidae	Hymenoptera	Insecta	Arthropoda	Nomada fucata	1	GCA_948146005.1	reference genome	iyNomFuca1.1	Chromosome		264062708	no
544954	Nomada goodeniana	Nomada	Apidae	Hymenoptera	Insecta	Arthropoda	Nomada goodeniana	1	GCA_963969485.1	reference genome	iyNomGood2.1	Chromosome		216362909	no
601583	Nomada hirtipes	Nomada	Apidae	Hymenoptera	Insecta	Arthropoda	Nomada hirtipes	1	GCA_951802735.1	reference genome	iyNomHirt1.1	Chromosome		316469816	no
601640	Nomada lathburiana	Nomada	Apidae	Hymenoptera	Insecta	Arthropoda	Nomada lathburiana	1	GCA_963667235.1	reference genome	iyNomLath1.1	Chromosome		269683890	no
601768	Nomada panzeri	Nomada	Apidae	Hymenoptera	Insecta	Arthropoda	Nomada panzeri	1	GCA_951802685.1	reference genome	iyNomPanz2.1	Chromosome		303898916	no
601849	Nomada ruficornis	Nomada	Apidae	Hymenoptera	Insecta	Arthropoda	Nomada ruficornis	1	GCA_951802695.1	reference genome	iyNomRufi1.1	Chromosome		273010833	no
601850	Nomada rufipes	Nomada	Apidae	Hymenoptera	Insecta	Arthropoda	Nomada rufipes	1	GCA_986606645.1	reference genome	iyNomRufp1.1	Chromosome		336629064	no
601990	Nomada zonata	Nomada	Apidae	Hymenoptera	Insecta	Arthropoda	Nomada zonata	1	GCA_982494095.1	reference genome	iyNomZona1.1	Chromosome		232350462	no
2448451	Nomia melanderi	Nomia	Halictidae	Hymenoptera	Insecta	Arthropoda	Nomia melanderi	2	GCF_051020985.1	reference genome	iyNomMela1	Chromosome		447524585	yes
1209556	Nomophila noctuella	Nomophila	Crambidae	Lepidoptera	Insecta	Arthropoda	Nomophila noctuella	1	GCA_958496325.1	reference genome	ilNomNoct1.1	Chromosome		438086651	no
391172	Norellia spinipes	Norellia	Scathophagidae	Diptera	Insecta	Arthropoda	Norellia spinipes	1	GCA_982551345.1	reference genome	idNorSpin2.hap1.1	Chromosome		567995320	no
2014641	Nossa palaearctica	Nossa	Epicopeiidae	Lepidoptera	Insecta	Arthropoda	Nossa palaearctica	1	GCA_056506075.1	reference genome	ASM5650607v1	Chromosome		295793776	no
1504855	Nothochrysa capitata	Nothochrysa	Chrysopidae	Neuroptera	Insecta	Arthropoda	Nothochrysa capitata	1	GCA_965240235.1	reference genome	inNotCapi1.hap1.1	Chromosome		688430666	no
1280467	Nothris verbascella	Nothris	Gelechiidae	Lepidoptera	Insecta	Arthropoda	Nothris verbascella	1	GCA_965113045.1	reference genome	ilNotVerb1.hap1.1	Chromosome		459890199	no
346812	Notiophilus biguttatus	Notiophilus	Carabidae	Coleoptera	Insecta	Arthropoda	Notiophilus biguttatus	1	GCA_965642445.1	reference genome	icNotBigu1.1	Chromosome		490357287	no
1101023	Notocelia cynosbatella	Notocelia	Tortricidae	Lepidoptera	Insecta	Arthropoda	Notocelia cynosbatella	2	GCA_965637175.1	reference genome	ilNotCyno1.hap1.1	Chromosome		768245056	no
1101024	Notocelia roborana	Notocelia	Tortricidae	Lepidoptera	Insecta	Arthropoda	Notocelia roborana	1	GCA_982319605.1	reference genome	ilNotRobo1.hap1.1	Chromosome		866345082	no
1594315	Notocelia uddmanniana	Notocelia	Tortricidae	Lepidoptera	Insecta	Arthropoda	Notocelia uddmanniana	1	GCA_905163555.1	reference genome	ilNotUddm1.1	Chromosome		794107225	no
753204	Notodonta dromedarius	Notodonta	Notodontidae	Lepidoptera	Insecta	Arthropoda	Notodonta dromedarius	1	GCA_905147325.1	reference genome	ilNotDrom1.1	Chromosome		341975702	no
988002	Notodonta ziczac	Notodonta	Notodontidae	Lepidoptera	Insecta	Arthropoda	Notodonta ziczac	1	GCA_918843915.1	reference genome	ilNotZicz1.1	Chromosome		352043103	no
1553591	Notoxus monoceros	Notoxus	Anthicidae	Coleoptera	Insecta	Arthropoda	Notoxus monoceros	1	GCA_965276455.1	reference genome	icNotMono1.hap1.1	Chromosome		1173059713	no
613196	Nowickia ferox	Nowickia	Tachinidae	Diptera	Insecta	Arthropoda	Nowickia ferox	1	GCA_936439885.1	reference genome	idNowFero1.1	Chromosome		670697881	no
988003	Nudaria mundana	Nudaria	Erebidae	Lepidoptera	Insecta	Arthropoda	Nudaria mundana	1	GCA_963556515.1	reference genome	ilNudMund1.1	Chromosome		643927113	no
3229189	Nychiodes aphrodite	Nychiodes	Geometridae	Lepidoptera	Insecta	Arthropoda	Nychiodes aphrodite	1	GCA_979853865.1	reference genome	ilNycAphr2.1	Chromosome		691271241	no
1870675	Nyctegretis lineana	Nyctegretis	Pyralidae	Lepidoptera	Insecta	Arthropoda	Nyctegretis lineana	1	GCA_977018985.1	reference genome	ilNycLine1.hap1.1	Chromosome		586569377	no
753206	Nycteola degenerana	Nycteola	Nolidae	Lepidoptera	Insecta	Arthropoda	Nycteola degenerana	1	GCA_977061865.1	reference genome	ilNycDege1.hap1.1	Chromosome		657679593	no
988004	Nycteola revayana	Nycteola	Nolidae	Lepidoptera	Insecta	Arthropoda	Nycteola revayana	1	GCA_947037095.2	reference genome	ilNycReva1.2	Chromosome		621024246	no
2173307	Nyctia halterata	Nyctia	Sarcophagidae	Diptera	Insecta	Arthropoda	Nyctia halterata	1	GCA_982382495.1	reference genome	idNycHalt1.1	Chromosome		636046471	no
613905	Nylanderia fulva	Nylanderia	Formicidae	Hymenoptera	Insecta	Arthropoda	Nylanderia fulva	1	GCA_024268025.1		USDA_Nfulva_1.0	Chromosome		375170133	no
171592	Nymphalis antiopa	Nymphalis	Nymphalidae	Lepidoptera	Insecta	Arthropoda	Nymphalis antiopa	1	GCA_964258955.1	reference genome	ilNymAnti1.hap1.1	Chromosome		392572470	no
929971	Nymphalis c-album	Nymphalis	Nymphalidae	Lepidoptera	Insecta	Arthropoda	Nymphalis c-album	1	GCA_963151315.1	reference genome	ilPolCalb1.1	Chromosome		363587841	no
171585	Nymphalis io	Nymphalis	Nymphalidae	Lepidoptera	Insecta	Arthropoda	Nymphalis io	2	GCF_905147045.1	reference genome	ilAglIoxx1.1	Chromosome		384156914	yes
171594	Nymphalis polychloros	Nymphalis	Nymphalidae	Lepidoptera	Insecta	Arthropoda	Nymphalis polychloros	1	GCA_905220585.2	reference genome	ilNymPoly1.2	Chromosome		398097521	no
111881	Nymphalis urticae	Nymphalis	Nymphalidae	Lepidoptera	Insecta	Arthropoda	Nymphalis urticae	1	GCA_905147175.2	reference genome	ilAglUrti1.2	Chromosome		392803606	no
1594316	Nymphula nitidulata	Nymphula	Crambidae	Lepidoptera	Insecta	Arthropoda	Nymphula nitidulata	1	GCA_947347705.1	reference genome	ilNymNiti1.1	Chromosome		635770143	no
2495127	Nysson spinosus	Nysson	Crabronidae	Hymenoptera	Insecta	Arthropoda	Nysson spinosus	1	GCA_910591585.2	reference genome	iyNysSpin1.2	Chromosome		314615744	no
2495129	Nysson trimaculatus	Nysson	Crabronidae	Hymenoptera	Insecta	Arthropoda	Nysson trimaculatus	1	GCA_975301485.1	reference genome	iyNysTrim1.hap1.1	Chromosome		301312361	no
225063	Obolodiplosis robiniae	Obolodiplosis	Cecidomyiidae	Diptera	Insecta	Arthropoda	Obolodiplosis robiniae	1	GCA_028476595.1	reference genome	CAF_Oro_1.0	Chromosome		199532299	no
120877	Ochlerotatus rusticus	Ochlerotatus	Culicidae	Diptera	Insecta	Arthropoda	Ochlerotatus rusticus	1	GCA_987947295.1	reference genome	idOchRust3.1	Chromosome		2132510625	no
1205942	Ochlerotatus sierrensis	Ochlerotatus	Culicidae	Diptera	Insecta	Arthropoda	Ochlerotatus sierrensis	1	GCA_044231785.1	reference genome	Aedes_sierrensis_1	Chromosome		1183456917	no
3126489	Ochlodes sylvanus	Ochlodes	Hesperiidae	Lepidoptera	Insecta	Arthropoda	Ochlodes sylvanus	1	GCA_905404295.2	reference genome	ilOchSylv3.2	Chromosome		379669142	no
721156	Ochropacha duplaris	Ochropacha	Drepanidae	Lepidoptera	Insecta	Arthropoda	Ochropacha duplaris	1	GCA_951361185.1	reference genome	ilOchDupl1.1	Chromosome		354733922	no
1870131	Ochropleura leucogaster	Ochropleura	Noctuidae	Lepidoptera	Insecta	Arthropoda	Ochropleura leucogaster	1	GCA_958449745.1	reference genome	ilOchLeuc1.1	Chromosome		545723238	no
320037	Ochropleura plecta	Ochropleura	Noctuidae	Lepidoptera	Insecta	Arthropoda	Ochropleura plecta	1	GCA_905475445.1	reference genome	ilOchPlec1.1	Chromosome		643947103	no
753385	Ochsenheimeria urella	Ochsenheimeria	Ypsolophidae	Lepidoptera	Insecta	Arthropoda	Ochsenheimeria urella	1	GCA_975146305.1	reference genome	ilOchUrel1.hap1.1	Chromosome		370900087	no
1432747	Octodonta nipae	Octodonta	Chrysomelidae	Coleoptera	Insecta	Arthropoda	Octodonta nipae	1	GCA_034190945.1	reference genome	ASM3419094v1	Chromosome		1303760333	no
662956	Ocypus olens	Ocypus	Staphylinidae	Coleoptera	Insecta	Arthropoda	Ocypus olens	1	GCA_910593695.2	reference genome	icOcyOlen1.2	Chromosome		1083850194	no
1940097	Ocys tachysoides	Ocys	Carabidae	Coleoptera	Insecta	Arthropoda	Ocys tachysoides	1	GCA_965282375.1	reference genome	icOcyTach1.1	Chromosome		493758120	no
934953	Odezia atrata	Odezia	Geometridae	Lepidoptera	Insecta	Arthropoda	Odezia atrata	1	GCA_965140225.1	reference genome	ilOdeAtra1.hap1.1	Chromosome		471410501	no
1310355	Odonestis pruni	Odonestis	Lasiocampidae	Lepidoptera	Insecta	Arthropoda	Odonestis pruni	1	GCA_965212455.1		ilOdoPrun1.hap1.1	Chromosome		543937668	no
446452	Odontocerum albicorne	Odontocerum	Odontoceridae	Trichoptera	Insecta	Arthropoda	Odontocerum albicorne	1	GCA_949825065.1	reference genome	iiOdoAlbi1.1	Chromosome		1287327180	no
618294	Odontolabis cuvera	Odontolabis	Lucanidae	Coleoptera	Insecta	Arthropoda	Odontolabis cuvera	1	GCA_049462965.1	reference genome	ASM4946296v1	Chromosome		908065680	no
2882481	Odontomyia argentata	Odontomyia	Stratiomyidae	Diptera	Insecta	Arthropoda	Odontomyia argentata	1	GCA_965615855.1	reference genome	idOdoArge1.hap1.1	Chromosome		1950480372	no
3037408	Odontomyia ornata	Odontomyia	Stratiomyidae	Diptera	Insecta	Arthropoda	Odontomyia ornata	1	GCA_963969285.1	reference genome	idOdoOrna1.1	Chromosome		2045351806	no
3037409	Odontomyia tigrina	Odontomyia	Stratiomyidae	Diptera	Insecta	Arthropoda	Odontomyia tigrina	1	GCA_982319515.1	reference genome	idOdoTigr1.hap1.1	Chromosome		1798623468	no
875882	Odontopera bidentata	Odontopera	Geometridae	Lepidoptera	Insecta	Arthropoda	Odontopera bidentata	1	GCA_965234205.1	reference genome	ilOdoBide1.hap1.1	Chromosome		494531652	no
988005	Odontosia carmelita	Odontosia	Notodontidae	Lepidoptera	Insecta	Arthropoda	Odontosia carmelita	2	GCA_965239665.1	reference genome	ilOdoCarm1.hap2.1	Chromosome		434871832	no
1848059	Odontosia sieversii	Odontosia	Notodontidae	Lepidoptera	Insecta	Arthropoda	Odontosia sieversii	1	GCA_976984715.1	reference genome	ilOdoSiev1.hap1.1	Chromosome		382723390	no
670468	Odontothrips loti	Odontothrips	Thripidae	Thysanoptera	Insecta	Arthropoda	Odontothrips loti	1	GCA_038380765.1	reference genome	ASM3838076v1	Chromosome		331074510	no
3158904	Oecanthus dulcisonans	Oecanthus	Gryllidae	Orthoptera	Insecta	Arthropoda	Oecanthus dulcisonans	1	GCA_976984895.1	reference genome	iqOecDulc4.1	Chromosome		1072458587	no
699849	Oecetis lacustris	Oecetis	Leptoceridae	Trichoptera	Insecta	Arthropoda	Oecetis lacustris	1	GCA_988221815.1	reference genome	iiOecLacu2.hap1.1	Chromosome		685212044	no
1553597	Oedemera lurida	Oedemera	Oedemeridae	Coleoptera	Insecta	Arthropoda	Oedemera lurida	1	GCA_979846555.1	reference genome	icOedLuri2.1	Chromosome		1284756331	no
347754	Oegoconia quadripuncta	Oegoconia	Autostichidae	Lepidoptera	Insecta	Arthropoda	Oegoconia quadripuncta	1	GCA_949316235.1	reference genome	ilOegQuad1.1	Chromosome		622641385	no
328893	Oeneis jutta	Oeneis	Nymphalidae	Lepidoptera	Insecta	Arthropoda	Oeneis jutta	1	GCA_964276505.1	reference genome	ilOenJutt1.hap1.1	Chromosome		676272576	no
227743	Oeneis norna	Oeneis	Nymphalidae	Lepidoptera	Insecta	Arthropoda	Oeneis norna	1	GCA_977019845.1	reference genome	ilOenNorn1.hap1.1	Chromosome		671622239	no
1594317	Oidaematophorus lithodactyla	Oidaematophorus	Pterophoridae	Lepidoptera	Insecta	Arthropoda	Oidaematophorus lithodactyla	1	GCA_986497565.1	reference genome	ilOidLith1.hap1.1	Chromosome		385917753	no
1109078	Olethreutes arcuella	Olethreutes	Tortricidae	Lepidoptera	Insecta	Arthropoda	Olethreutes arcuella	2	GCA_981405395.1	reference genome	ilOleArcu1.hap1.1	Chromosome		777455847	no
1870138	Oligia fasciuncula	Oligia	Noctuidae	Lepidoptera	Insecta	Arthropoda	Oligia fasciuncula	1	GCA_963082905.1	reference genome	ilOliFasc1.1	Chromosome		617724152	no
988008	Oligia latruncula	Oligia	Noctuidae	Lepidoptera	Insecta	Arthropoda	Oligia latruncula	1	GCA_948474745.1	reference genome	ilOliLatr1.1	Chromosome		564087821	no
988009	Oligia strigilis	Oligia	Noctuidae	Lepidoptera	Insecta	Arthropoda	Oligia strigilis	1	GCA_951800025.1	reference genome	ilOliStri1.1	Chromosome		626101425	no
1140935	Omiodes indicata	Omiodes	Crambidae	Lepidoptera	Insecta	Arthropoda	Omiodes indicata	1	GCA_050947735.1	reference genome	ASM5094773v1	Chromosome		493082851	no
904171	Omonadus floralis	Omonadus	Anthicidae	Coleoptera	Insecta	Arthropoda	Omonadus floralis	2	GCA_984573895.1	reference genome	icOmoFlor1.hap1.1	Chromosome		504509463	no
577170	Omosita discoidea	Omosita	Nitidulidae	Coleoptera	Insecta	Arthropoda	Omosita discoidea	1	GCA_988265085.1	reference genome	icOmoDisc4.hap1.1	Chromosome		942355721	no
2492375	Omphaloscelis lunosa	Omphaloscelis	Noctuidae	Lepidoptera	Insecta	Arthropoda	Omphaloscelis lunosa	1	GCA_916610215.1	reference genome	ilOmpLuno1.1	Chromosome		661859241	no
875675	Ontholestes murinus	Ontholestes	Staphylinidae	Coleoptera	Insecta	Arthropoda	Ontholestes murinus	1	GCA_963969525.1	reference genome	icOntMuri1.1	Chromosome		1023307446	no
560254	Onthophagus binodis	Onthophagus	Scarabaeidae	Coleoptera	Insecta	Arthropoda	Onthophagus binodis	2	GCA_054643895.1	reference genome	ObinF	Chromosome		950481459	no
166361	Onthophagus taurus	Onthophagus	Scarabaeidae	Coleoptera	Insecta	Arthropoda	Onthophagus taurus	2	GCF_036711975.1	reference genome	IU_Otau_3.0	Chromosome		290855388	yes
2015173	Ooceraea biroi	Ooceraea	Formicidae	Hymenoptera	Insecta	Arthropoda	Ooceraea biroi	2	GCF_003672135.2	reference genome	Obir_v5.4	Chromosome		223876465	yes
104452	Operophtera brumata	Operophtera	Geometridae	Lepidoptera	Insecta	Arthropoda	Operophtera brumata	1	GCA_932527175.1	reference genome	ilOpeBrum1.1	Chromosome		619163353	no
2884233	Ophion confusus	Ophion	Ichneumonidae	Hymenoptera	Insecta	Arthropoda	Ophion confusus	1	GCA_982089755.1	reference genome	iyOphConf2.1	Chromosome		697690617	no
495356	Ophion costatus	Ophion	Ichneumonidae	Hymenoptera	Insecta	Arthropoda	Ophion costatus	1	GCA_951751655.1	reference genome	iyOphCost1.1	Chromosome		519376489	no
1539394	Ophion crassicornis	Ophion	Ichneumonidae	Hymenoptera	Insecta	Arthropoda	Ophion crassicornis	1	GCA_982089845.1	reference genome	iyOphCras1.1	Chromosome		726343600	no
2884234	Ophion ellenae	Ophion	Ichneumonidae	Hymenoptera	Insecta	Arthropoda	Ophion ellenae	1	GCA_963210295.1	reference genome	iyOphElle1.1	Chromosome		650291076	no
1539395	Ophion forticornis	Ophion	Ichneumonidae	Hymenoptera	Insecta	Arthropoda	Ophion forticornis	1	GCA_976494275.1	reference genome	iyOphFort1.1	Chromosome		682570692	no
65147	Ophion obscuratus	Ophion	Ichneumonidae	Hymenoptera	Insecta	Arthropoda	Ophion obscuratus	1	GCA_964007375.1	reference genome	iyOphObsc1.1	Chromosome		742596220	no
2979155	Ophion slaviceki	Ophion	Ichneumonidae	Hymenoptera	Insecta	Arthropoda	Ophion slaviceki	1	GCA_944452715.1	reference genome	iyOphLute1.1	Chromosome		654222225	no
65146	Ophion ventricosus	Ophion	Ichneumonidae	Hymenoptera	Insecta	Arthropoda	Ophion ventricosus	1	GCA_963932345.1	reference genome	iyOphVent1.1	Chromosome		436796015	no
2979161	Ophion wuestneii	Ophion	Ichneumonidae	Hymenoptera	Insecta	Arthropoda	Ophion wuestneii	1	GCA_965637035.1	reference genome	iyOphWues1.hap1.1	Chromosome		651132750	no
247415	Ophonus ardosiacus	Ophonus	Carabidae	Coleoptera	Insecta	Arthropoda	Ophonus ardosiacus	1	GCA_943142095.1	reference genome	icOphArdo1.1	Chromosome		911900507	no
38162	Ophraella communa	Ophraella	Chrysomelidae	Coleoptera	Insecta	Arthropoda	Ophraella communa	1	GCA_035357415.1	reference genome	ASM3535741v1	Chromosome		733127940	no
1445684	Opilo mollis	Opilo	Cleridae	Coleoptera	Insecta	Arthropoda	Opilo mollis	1	GCA_964338635.1	reference genome	icOpiMoll1.hap1.1	Chromosome		1597794116	no
934882	Opisthograptis luteolata	Opisthograptis	Geometridae	Lepidoptera	Insecta	Arthropoda	Opisthograptis luteolata	1	GCA_931315375.2	reference genome	ilOpiLute1.2	Chromosome		363184807	no
1262245	Opomyza florum	Opomyza	Opomyzidae	Diptera	Insecta	Arthropoda	Opomyza florum	1	GCA_982446775.1	reference genome	idOpoFlor2.1	Chromosome		274431884	no
1298491	Opomyza germinationis	Opomyza	Opomyzidae	Diptera	Insecta	Arthropoda	Opomyza germinationis	2	GCA_966197025.1	reference genome	idOpoGerm2.hap1.1	Chromosome		315936821	no
351518	Orchesia undulata	Orchesia	Melandryidae	Coleoptera	Insecta	Arthropoda	Orchesia undulata	1	GCA_965642315.1	reference genome	icOrcUndu1.hap1.1	Chromosome		226792867	no
878341	Orchestes rusci	Orchestes	Curculionidae	Coleoptera	Insecta	Arthropoda	Orchestes rusci	1	GCA_958502075.1	reference genome	icOrcRusc1.1	Chromosome		624024712	no
335469	Orgyia antiqua	Orgyia	Erebidae	Lepidoptera	Insecta	Arthropoda	Orgyia antiqua	1	GCA_916999025.1	reference genome	ilOrgAnti1.1	Chromosome		480094981	no
1870140	Orgyia antiquoides	Orgyia	Erebidae	Lepidoptera	Insecta	Arthropoda	Orgyia antiquoides	1	GCA_977035915.1	reference genome	ilOrgAntq1.hap1.1	Chromosome		404018898	no
198700	Orgyia recens	Orgyia	Erebidae	Lepidoptera	Insecta	Arthropoda	Orgyia recens	1	GCA_965115965.1	reference genome	ilOrgRece1.hap1.1	Chromosome		533676160	no
3680734	Orius chinensis	Orius	Anthocoridae	Hemiptera	Insecta	Arthropoda	Orius chinensis	1	GCA_054825175.1		ASM5482517v1	Chromosome		134816978	no
2340809	Orius maxidentex	Orius	Anthocoridae	Hemiptera	Insecta	Arthropoda	Orius maxidentex	1	GCA_057985865.1	reference genome	ASM5798586v1	Chromosome		158257126	no
82745	Orius nagaii	Orius	Anthocoridae	Hemiptera	Insecta	Arthropoda	Orius nagaii	1	GCA_050947255.1	reference genome	ASM5094725v1	Chromosome		152618562	no
82748	Orius strigicollis	Orius	Anthocoridae	Hemiptera	Insecta	Arthropoda	Orius strigicollis	1	GCA_046618645.1	reference genome	ASM4661864v1	Chromosome		159270476	no
309002	Ormia ochracea	Ormia	Tachinidae	Diptera	Insecta	Arthropoda	Ormia ochracea	1	GCA_963402855.1	reference genome	idOrmOchr111.1	Chromosome		330927102	no
591002	Ormyrus nitidulus	Ormyrus	Ormyridae	Hymenoptera	Insecta	Arthropoda	Ormyrus nitidulus	1	GCA_981126395.1	reference genome	iyOrmNiti2.hap1.1	Chromosome		460983707	no
170916	Ornithomya avicularia	Ornithomya	Hippoboscidae	Diptera	Insecta	Arthropoda	Ornithomya avicularia	1	GCA_965250645.1	reference genome	idOrnAvic1.hap1.1	Chromosome		161152450	no
352856	Ornithomya chloropus	Ornithomya	Hippoboscidae	Diptera	Insecta	Arthropoda	Ornithomya chloropus	1	GCA_963971445.1	reference genome	idOrnChlo1.1	Chromosome		193173666	no
352855	Ornithomya fringillina	Ornithomya	Hippoboscidae	Diptera	Insecta	Arthropoda	Ornithomya fringillina	1	GCA_963978525.1	reference genome	idOrnFrin1.1	Chromosome		172795544	no
2819898	Orosanga japonica	Orosanga	Ricaniidae	Hemiptera	Insecta	Arthropoda	Orosanga japonica	1	GCA_977015935.1	reference genome	ihOroJapo4.1	Chromosome		1500755657	no
333459	Orthetrum coerulescens	Orthetrum	Libellulidae	Odonata	Insecta	Arthropoda	Orthetrum coerulescens	1	GCA_965654315.1	reference genome	ioOrtCoer1.hap1.1	Chromosome		1338271766	no
214290	Orthonama obstipatum	Orthonama	Geometridae	Lepidoptera	Insecta	Arthropoda	Orthonama obstipatum	1	GCA_982398095.1	reference genome	ilOrtObst1.hap1.1	Chromosome		422032268	no
986949	Orthonama vittatum	Orthonama	Geometridae	Lepidoptera	Insecta	Arthropoda	Orthonama vittatum	1	GCA_976984775.1	reference genome	ilOrtVita1.hap1.1	Chromosome		286323224	no
3093584	Orthonevra brevicornis	Orthonevra	Syrphidae	Diptera	Insecta	Arthropoda	Orthonevra brevicornis	1	GCA_965283055.2	reference genome	idOrtBrev1.hap1.2	Chromosome		788611794	no
2867105	Orthonevra nobilis	Orthonevra	Syrphidae	Diptera	Insecta	Arthropoda	Orthonevra nobilis	1	GCA_963555765.1	reference genome	idOrtNobi1.1	Chromosome		511995006	no
875886	Orthosia cerasi	Orthosia	Noctuidae	Lepidoptera	Insecta	Arthropoda	Orthosia cerasi	1	GCA_965111875.1	reference genome	ilOrtCera1.1	Chromosome		1022210785	no
988010	Orthosia cruda	Orthosia	Noctuidae	Lepidoptera	Insecta	Arthropoda	Orthosia cruda	2	GCA_964057195.1	reference genome	ilOrtCrud1.hap2.1	Chromosome		1229938701	no
43337	Orthosia gothica	Orthosia	Noctuidae	Lepidoptera	Insecta	Arthropoda	Orthosia gothica	1	GCA_949775005.1	reference genome	ilOrtGoth1.1	Chromosome		1065114528	no
997542	Orthosia gracilis	Orthosia	Noctuidae	Lepidoptera	Insecta	Arthropoda	Orthosia gracilis	1	GCA_947562075.1	reference genome	ilOrtGrac1.1	Chromosome		715533550	no
988011	Orthosia incerta	Orthosia	Noctuidae	Lepidoptera	Insecta	Arthropoda	Orthosia incerta	1	GCA_948252205.1	reference genome	ilOrtInce1.1	Chromosome		946246642	no
3229192	Orthostixis cinerea	Orthostixis	Geometridae	Lepidoptera	Insecta	Arthropoda	Orthostixis cinerea	1	GCA_982936635.1	reference genome	ilOrtCine2.hap1.1	Chromosome		572163278	no
1594318	Orthotaenia undulana	Orthotaenia	Tortricidae	Lepidoptera	Insecta	Arthropoda	Orthotaenia undulana	1	GCA_964468075.1	reference genome	ilOrtUndu1.hap1.1	Chromosome		415809771	no
169492	Orygma luctuosum	Orygma	Sepsidae	Diptera	Insecta	Arthropoda	Orygma luctuosum	3	GCA_965218485.1	reference genome	idOryLuct2.1	Chromosome		265353850	no
549096	Osmia bicolor	Osmia	Megachilidae	Hymenoptera	Insecta	Arthropoda	Osmia bicolor	1	GCA_984574115.1	reference genome	iyOsmBico2.1	Chromosome		252516558	no
1437190	Osmia bicornis	Osmia	Megachilidae	Hymenoptera	Insecta	Arthropoda	Osmia bicornis bicornis	2	GCF_907164935.1	reference genome	iOsmBic2.1	Chromosome		222969496	yes
124290	Osmia excavata	Osmia	Megachilidae	Hymenoptera	Insecta	Arthropoda	Osmia excavata	1	GCA_047301615.1	reference genome	ASM4730161v1	Chromosome		164349372	no
473952	Osmia lignaria	Osmia	Megachilidae	Hymenoptera	Insecta	Arthropoda	Osmia lignaria lignaria	2	GCF_051020975.1	reference genome	iyOsmLign1	Chromosome		498530203	yes
446453	Osmylus fulvicephalus	Osmylus	Osmylidae	Neuroptera	Insecta	Arthropoda	Osmylus fulvicephalus	1	GCA_977109365.1	reference genome	inOsmFulv5.1	Chromosome		674675484	no
93504	Ostrinia furnacalis	Ostrinia	Crambidae	Lepidoptera	Insecta	Arthropoda	Ostrinia furnacalis	5	GCA_054396985.1		OfT1v2.0	Chromosome		494524054	no
29057	Ostrinia nubilalis	Ostrinia	Crambidae	Lepidoptera	Insecta	Arthropoda	Ostrinia nubilalis	6	GCF_963855985.1	reference genome	ilOstNubi1.1	Chromosome		495500553	yes
347424	Othius punctulatus	Othius	Staphylinidae	Coleoptera	Insecta	Arthropoda	Othius punctulatus	1	GCA_951805005.1	reference genome	icOthPunc1.1	Chromosome		870453908	no
202102	Otiorhynchus armadillo	Otiorhynchus	Curculionidae	Coleoptera	Insecta	Arthropoda	Otiorhynchus armadillo	1	GCA_986177755.1	reference genome	icOtiArmd2.1	Chromosome		1720084464	no
703598	Otiorhynchus rugosostriatus	Otiorhynchus	Curculionidae	Coleoptera	Insecta	Arthropoda	Otiorhynchus rugosostriatus	1	GCA_982191755.1	reference genome	icOtiRugo1.hap1.1	Chromosome		397500462	no
2567115	Oulobophora externaria	Oulobophora	Geometridae	Lepidoptera	Insecta	Arthropoda	Oulobophora externaria	1	GCA_982446635.1	reference genome	ilOulExte6.hap1.1	Chromosome		278387919	no
934883	Ourapteryx sambucaria	Ourapteryx	Geometridae	Lepidoptera	Insecta	Arthropoda	Ourapteryx sambucaria	1	GCA_986271465.1	reference genome	ilOurSamb2.hap1.1	Chromosome		508731098	no
1149918	Oxycarenus hyalinipennis	Oxycarenus	Oxycarenidae	Hemiptera	Insecta	Arthropoda	Oxycarenus hyalinipennis	1	GCA_051295265.1	reference genome	ihOxyHyal2 primary	Chromosome		727175642	no
2998541	Oxycera nigricornis	Oxycera	Stratiomyidae	Diptera	Insecta	Arthropoda	Oxycera nigricornis	1	GCA_963942545.1	reference genome	idOxyNigr1.1	Chromosome		604329885	no
2867256	Oxycera pygmaea	Oxycera	Stratiomyidae	Diptera	Insecta	Arthropoda	Oxycera pygmaea	1	GCA_965211965.1	reference genome	idOxyPygm2.1	Chromosome		807305369	no
931487	Oxycera trilineata	Oxycera	Stratiomyidae	Diptera	Insecta	Arthropoda	Oxycera trilineata	2	GCA_987584255.1	reference genome	idOxyTril1.hap1.1	Chromosome		2100591393	no
877726	Oxypselaphus obscurus	Oxypselaphus	Carabidae	Coleoptera	Insecta	Arthropoda	Oxypselaphus obscurus	1	GCA_982345265.1	reference genome	icOxyObsc1.hap1.1	Chromosome		613634760	no
3112342	Oxypteryx atrella	Oxypteryx	Gelechiidae	Lepidoptera	Insecta	Arthropoda	Oxypteryx atrella	2	GCA_988277015.1	reference genome	ilOxyAtre4.hap1.1	Chromosome		616009940	no
3112344	Oxypteryx unicolorella	Oxypteryx	Gelechiidae	Lepidoptera	Insecta	Arthropoda	Oxypteryx unicolorella	1	GCA_977012815.1	reference genome	ilOxyUnic1.hap1.1	Chromosome		1153313146	no
1870143	Oxyptilus pilosellae	Oxyptilus	Pterophoridae	Lepidoptera	Insecta	Arthropoda	Oxyptilus pilosellae	1	GCA_987114415.1	reference genome	ilOxyPilo3.hap1.1	Chromosome		1326133339	no
1588336	Oxystoma pomonae	Oxystoma	Brentidae	Coleoptera	Insecta	Arthropoda	Oxystoma pomonae	1	GCA_963921995.1	reference genome	icOxyPomo2.1	Chromosome		1174344457	no
495374	Oxytorus armatus	Oxytorus	Ichneumonidae	Hymenoptera	Insecta	Arthropoda	Oxytorus armatus	1	GCA_958009045.1	reference genome	iyOxyArmt1.1	Chromosome		367797693	no
934884	Pachycnemia hippocastanaria	Pachycnemia	Geometridae	Lepidoptera	Insecta	Arthropoda	Pachycnemia hippocastanaria	2	GCA_964503185.1	reference genome	ilPacHipp1.hap1.1	Chromosome		486133515	no
305543	Pachygaster atra	Pachygaster	Stratiomyidae	Diptera	Insecta	Arthropoda	Pachygaster atra	1	GCA_982935385.1	reference genome	idPacAtra2.1	Chromosome		1423741664	no
124322	Pachygaster leachii	Pachygaster	Stratiomyidae	Diptera	Insecta	Arthropoda	Pachygaster leachii	1	GCA_982551525.1	reference genome	idPacLeac2.1	Chromosome		1126610422	no
1983339	Pachypeltis micranthus	Pachypeltis	Miridae	Hemiptera	Insecta	Arthropoda	Pachypeltis micranthus	1	GCA_020466155.1	reference genome	ASM2046615v1	Chromosome		712721212	no
857166	Pachyrhinus lethierryi	Pachyrhinus	Curculionidae	Coleoptera	Insecta	Arthropoda	Pachyrhinus lethierryi	1	GCA_965118235.1	reference genome	icPacLeth1.hap1.1	Chromosome		619571432	no
2840399	Pachyrhynchus sulphureomaculatus	Pachyrhynchus	Curculionidae	Coleoptera	Insecta	Arthropoda	Pachyrhynchus sulphureomaculatus	1	GCA_019049505.1	reference genome	P_sulf_FINAL_HiC_nocotam_named	Chromosome		2051389195	no
1870146	Pachythelia villosella	Pachythelia	Psychidae	Lepidoptera	Insecta	Arthropoda	Pachythelia villosella	1	GCA_964291025.1	reference genome	ilPacVill1.hap1.1	Chromosome		897821403	no
878345	Paederus riparius	Paederus	Staphylinidae	Coleoptera	Insecta	Arthropoda	Paederus riparius	1	GCA_978046105.1	reference genome	icPaeRipa1.hap1.1	Chromosome		1201409333	no
2849646	Palloptera scutellata	Palloptera	Pallopteridae	Diptera	Insecta	Arthropoda	Palloptera scutellata	1	GCA_958295655.1	reference genome	idPalScut3.1	Chromosome		415641791	no
1858049	Palpita vitrealis	Palpita	Crambidae	Lepidoptera	Insecta	Arthropoda	Palpita vitrealis	1	GCA_984885535.1	reference genome	ilPalVitr2.hap1.1	Chromosome		366938911	no
1101026	Pammene argyrana	Pammene	Tortricidae	Lepidoptera	Insecta	Arthropoda	Pammene argyrana	2	GCA_965278205.1	reference genome	ilPamArgy1.hap1.1	Chromosome		575456060	no
1870148	Pammene aurita	Pammene	Tortricidae	Lepidoptera	Insecta	Arthropoda	Pammene aurita	1	GCA_947086415.1	reference genome	ilPamAuri1.1	Chromosome		1041796253	no
1101027	Pammene fasciana	Pammene	Tortricidae	Lepidoptera	Insecta	Arthropoda	Pammene fasciana	1	GCA_911728535.1	reference genome	ilPamFasc1.1	Chromosome		564421490	no
1858050	Pammene gallicana	Pammene	Tortricidae	Lepidoptera	Insecta	Arthropoda	Pammene gallicana	1	GCA_971877405.1	reference genome	ilPamGall1.hap1.1	Chromosome		822316645	no
1870149	Pammene germmana	Pammene	Tortricidae	Lepidoptera	Insecta	Arthropoda	Pammene germmana	1	GCA_971855945.1	reference genome	ilPamGerm1.hap1.1	Chromosome		950757757	no
1101028	Pammene giganteana	Pammene	Tortricidae	Lepidoptera	Insecta	Arthropoda	Pammene giganteana	1	GCA_965276555.1	reference genome	ilPamGiga2.1	Chromosome		733538888	no
1870150	Pammene luedersiana	Pammene	Tortricidae	Lepidoptera	Insecta	Arthropoda	Pammene luedersiana	1	GCA_975968925.1	reference genome	ilPamLued1.hap1.1	Chromosome		666852198	no
1594320	Pammene ochsenheimeriana	Pammene	Tortricidae	Lepidoptera	Insecta	Arthropoda	Pammene ochsenheimeriana	1	GCA_977018855.1	reference genome	ilPamOchs1.hap1.1	Chromosome		769722998	no
1660671	Pammene regiana	Pammene	Tortricidae	Lepidoptera	Insecta	Arthropoda	Pammene regiana	1	GCA_965641965.1	reference genome	ilPamRegi1.1	Chromosome		863592176	no
2561577	Pammene rhediella	Pammene	Tortricidae	Lepidoptera	Insecta	Arthropoda	Pammene rhediella	1	GCA_965620085.1	reference genome	ilPamRhed1.hap1.1	Chromosome		665300883	no
1858054	Pammene suspectana	Pammene	Tortricidae	Lepidoptera	Insecta	Arthropoda	Pammene suspectana	2	GCA_964504545.2	reference genome	ilPamSusp1.hap1.2	Chromosome		581279049	no
1717602	Pamponerus germanicus	Pamponerus	Asilidae	Diptera	Insecta	Arthropoda	Pamponerus germanicus	1	GCA_965601395.1	reference genome	idPamGerm1.hap1.1	Chromosome		317023320	no
1073652	Pancalia schwarzella	Pancalia	Cosmopterigidae	Lepidoptera	Insecta	Arthropoda	Pancalia schwarzella	2	GCA_977970275.1	reference genome	ilPanSchw1.hap2.1	Chromosome		307513238	no
572788	Pandemis cerasana	Pandemis	Tortricidae	Lepidoptera	Insecta	Arthropoda	Pandemis cerasana	1	GCA_987201345.1	reference genome	ilPanCera3.1	Chromosome		460619231	no
753214	Pandemis cinnamomeana	Pandemis	Tortricidae	Lepidoptera	Insecta	Arthropoda	Pandemis cinnamomeana	1	GCA_932294345.1	reference genome	ilPanCinn1.1	Chromosome		426119673	no
1101029	Pandemis corylana	Pandemis	Tortricidae	Lepidoptera	Insecta	Arthropoda	Pandemis corylana	1	GCA_949127965.1	reference genome	ilPanCory1.1	Chromosome		441590007	no
192191	Pandemis heparana	Pandemis	Tortricidae	Lepidoptera	Insecta	Arthropoda	Pandemis heparana	1	GCA_963854515.1	reference genome	ilPanHepa1.1	Chromosome		459973974	no
2878346	Pandivirilia melaleuca	Pandivirilia	Therevidae	Diptera	Insecta	Arthropoda	Pandivirilia melaleuca	1	GCA_977964145.1	reference genome	idPanMela1.hap1.1	Chromosome		1258653892	no
938246	Panemeria tenebrata	Panemeria	Noctuidae	Lepidoptera	Insecta	Arthropoda	Panemeria tenebrata	2	GCA_965115935.2	reference genome	ilPanTene1.hap1.2	Chromosome		956789381	no
988141	Panolis flammea	Panolis	Noctuidae	Lepidoptera	Insecta	Arthropoda	Panolis flammea	1	GCA_964261395.1	reference genome	ilPanFlam1.hap1.1	Chromosome		709258800	no
50603	Panorpa germanica	Panorpa	Panorpidae	Mecoptera	Insecta	Arthropoda	Panorpa germanica	1	GCA_963678705.1	reference genome	ijPanGerm4.1	Chromosome		464211857	no
706606	Panorpa liui	Panorpa	Panorpidae	Mecoptera	Insecta	Arthropoda	Panorpa liui	1	GCA_040113165.1	reference genome	ASM4011316v1	Chromosome		678258355	no
156442	Panstrongylus geniculatus	Panstrongylus	Reduviidae	Hemiptera	Insecta	Arthropoda	Panstrongylus geniculatus	1	GCA_964188295.1	reference genome	ihPanGeni1.hap1.1	Chromosome		1362733512	no
185825	Pantala flavescens	Pantala	Libellulidae	Odonata	Insecta	Arthropoda	Pantala flavescens	1	GCA_020796165.1	reference genome	CAAS_Pfla_1.0	Chromosome		663273809	no
753215	Panthea coenobita	Panthea	Noctuidae	Lepidoptera	Insecta	Arthropoda	Panthea coenobita	1	GCA_977012725.1	reference genome	ilPanCoen1.hap1.1	Chromosome		686879147	no
1918131	Panzeria rudis	Panzeria	Tachinidae	Diptera	Insecta	Arthropoda	Panzeria rudis	1	GCA_956483635.1	reference genome	idPanRudi1.1	Chromosome		852218079	no
988015	Papestra biren	Papestra	Noctuidae	Lepidoptera	Insecta	Arthropoda	Papestra biren	1	GCA_977966435.1	reference genome	ilPapBire1.hap1.1	Chromosome		633580179	no
76199	Papilio bianor	Papilio	Papilionidae	Lepidoptera	Insecta	Arthropoda	Papilio bianor	1	GCA_040363705.1	reference genome	ASM4036370v1	Chromosome		501773820	no
534389	Papilio elwesi	Papilio	Papilionidae	Lepidoptera	Insecta	Arthropoda	Papilio elwesi	2	GCA_029849275.1	reference genome	ASM2984927v1	Chromosome		358508690	no
77254	Papilio hospiton	Papilio	Papilionidae	Lepidoptera	Insecta	Arthropoda	Papilio hospiton	2	GCA_988205315.1	reference genome	ilPapHosp1.hap1.1	Chromosome		248798872	no
76193	Papilio machaon	Papilio	Papilionidae	Lepidoptera	Insecta	Arthropoda	Papilio machaon	2	GCF_912999745.1	reference genome	ilPapMach1.1	Chromosome		252114018	yes
66420	Papilio xuthus	Papilio	Papilionidae	Lepidoptera	Insecta	Arthropoda	Papilio xuthus	1	GCA_036365505.1		KIZ_Pxu_2.1	Chromosome		240658068	no
1104519	Parachronistis albiceps	Parachronistis	Gelechiidae	Lepidoptera	Insecta	Arthropoda	Parachronistis albiceps	1	GCA_965204955.1	reference genome	ilParAlbi1.1	Chromosome		400253216	no
252483	Paracoccus marginatus	Paracoccus	Pseudococcidae	Hemiptera	Insecta	Arthropoda	Paracoccus marginatus	1	GCA_048836485.1	reference genome	ASM4883648v1	Chromosome		214161890	no
1888008	Paracoenia fumosa	Paracoenia	Ephydridae	Diptera	Insecta	Arthropoda	Paracoenia fumosa	2	GCA_977117665.1	reference genome	idParFumo1.hap1.1	Chromosome		608143712	no
1101030	Paracorsia repandalis	Paracorsia	Crambidae	Lepidoptera	Insecta	Arthropoda	Paracorsia repandalis	1	GCA_988205305.1	reference genome	ilParRepa1.hap1.1	Chromosome		402929993	no
1586519	Paracorymbia fulva	Paracorymbia	Cerambycidae	Coleoptera	Insecta	Arthropoda	Paracorymbia fulva	1	GCA_985558005.1	reference genome	icParFulv1.hap1.1	Chromosome		1287698187	no
1918286	Paracraspedothrix montivaga	Paracraspedothrix	Tachinidae	Diptera	Insecta	Arthropoda	Paracraspedothrix montivaga	1	GCA_982382475.1	reference genome	idParMont1.hap1.1	Chromosome		400195530	no
722667	Paradarisa consonaria	Paradarisa	Geometridae	Lepidoptera	Insecta	Arthropoda	Paradarisa consonaria	2	GCA_964656215.1	reference genome	ilParCons1.hap1.1	Chromosome		513132447	no
490128	Parafronurus youi	Parafronurus	Heptageniidae	Ephemeroptera	Insecta	Arthropoda	Parafronurus youi	1	GCA_047372445.1	reference genome	NJ_Pyou_V1	Chromosome		412902135	no
221790	Paragus haemorrhous	Paragus	Syrphidae	Diptera	Insecta	Arthropoda	Paragus haemorrhous	1	GCA_965637125.1	reference genome	idParHaem1.hap1.1	Chromosome		521014351	no
2776077	Paraperithous gnathaulax	Paraperithous	Ichneumonidae	Hymenoptera	Insecta	Arthropoda	Paraperithous gnathaulax	1	GCA_964237415.1	reference genome	iyParGnat1.1	Chromosome		500925094	no
1594321	Parapoynx stratiotata	Parapoynx	Crambidae	Lepidoptera	Insecta	Arthropoda	Parapoynx stratiotata	1	GCA_910589355.1	reference genome	ilParStra1.1	Chromosome		478233360	no
116150	Pararge aegeria	Pararge	Nymphalidae	Lepidoptera	Insecta	Arthropoda	Pararge aegeria	2	GCF_905163445.1	reference genome	ilParAegt1.1	Chromosome		516571003	yes
111933	Pararge xiphia	Pararge	Nymphalidae	Lepidoptera	Insecta	Arthropoda	Pararge xiphia	1	GCA_964330365.1	reference genome	ilParXiph1.hap1.1	Chromosome		528414178	no
938205	Parascotia fuliginaria	Parascotia	Erebidae	Lepidoptera	Insecta	Arthropoda	Parascotia fuliginaria	1	GCA_963082885.1	reference genome	ilParFuli1.1	Chromosome		541559432	no
1870155	Parascotia nisseni	Parascotia	Erebidae	Lepidoptera	Insecta	Arthropoda	Parascotia nisseni	1	GCA_982374705.1	reference genome	ilParNiss1.hap1.1	Chromosome		465733145	no
988145	Parastichtis suspecta	Parastichtis	Noctuidae	Lepidoptera	Insecta	Arthropoda	Parastichtis suspecta	1	GCA_964277095.1		ilParSusp1.hap1.1	Chromosome		868842739	no
1448910	Paraswammerdamia albicapitella	Paraswammerdamia	Yponomeutidae	Lepidoptera	Insecta	Arthropoda	Paraswammerdamia albicapitella	1	GCA_986270215.1	reference genome	ilParAlbc1.hap1.1	Chromosome		333906233	no
1594322	Paratalanta hyalinalis	Paratalanta	Crambidae	Lepidoptera	Insecta	Arthropoda	Paratalanta hyalinalis	2	GCA_964340875.1	reference genome	ilParHyal1.hap1.1	Chromosome		529451359	no
1594323	Paratalanta pandalis	Paratalanta	Crambidae	Lepidoptera	Insecta	Arthropoda	Paratalanta pandalis	1	GCA_977063485.1	reference genome	ilParPand1.hap1.1	Chromosome		531480402	no
934885	Parectropis similaria	Parectropis	Geometridae	Lepidoptera	Insecta	Arthropoda	Parectropis similaria	1	GCA_964276655.1	reference genome	ilParSimi1.1	Chromosome		574792218	no
2998542	Parhelophilus frutetorum	Parhelophilus	Syrphidae	Diptera	Insecta	Arthropoda	Parhelophilus frutetorum	1	GCA_982345275.1	reference genome	idParFrut1.hap1.1	Chromosome		472233919	no
3139894	Parotis chlorochroalis	Parotis	Crambidae	Lepidoptera	Insecta	Arthropoda	Parotis chlorochroalis	1	GCA_047302205.1	reference genome	Pchlo_hic	Chromosome		456225130	no
2882571	Parydra coarctata	Parydra	Ephydridae	Diptera	Insecta	Arthropoda	Parydra coarctata	1	GCA_982266895.1	reference genome	idParCoar2.1	Chromosome		624086525	no
934886	Pasiphila chloerata	Pasiphila	Geometridae	Lepidoptera	Insecta	Arthropoda	Pasiphila chloerata	1	GCA_978020655.1	reference genome	ilPasChlo1.hap1.1	Chromosome		700376851	no
572874	Pasiphila rectangulata	Pasiphila	Geometridae	Lepidoptera	Insecta	Arthropoda	Pasiphila rectangulata	1	GCA_963082625.1	reference genome	ilPasRect1.1	Chromosome		582497353	no
753395	Paysandisia archon	Paysandisia	Castniidae	Lepidoptera	Insecta	Arthropoda	Paysandisia archon	1	GCA_982374585.1	reference genome	ilPayArch1.hap1.1	Chromosome		517065553	no
13191	Pectinophora gossypiella	Pectinophora	Gelechiidae	Lepidoptera	Insecta	Arthropoda	Pectinophora gossypiella	2	GCF_024362695.1	reference genome	ilPecGoss1.1	Chromosome		476494545	yes
878348	Pediacus dermestoides	Pediacus	Cucujidae	Coleoptera	Insecta	Arthropoda	Pediacus dermestoides	1	GCA_963942485.1	reference genome	icPedDerm1.1	Chromosome		235015170	no
1666655	Pediasia aridella	Pediasia	Crambidae	Lepidoptera	Insecta	Arthropoda	Pediasia aridella	2	GCA_976928625.1	reference genome	ilPedArid1.hap1.1	Chromosome		875476893	no
1870169	Pediasia contaminella	Pediasia	Crambidae	Lepidoptera	Insecta	Arthropoda	Pediasia contaminella	1	GCA_965113085.1	reference genome	ilPedCont1.hap1.1	Chromosome		719968940	no
2882575	Pedicia rivosa	Pedicia	Pediciidae	Diptera	Insecta	Arthropoda	Pedicia rivosa	1	GCA_963082725.1	reference genome	idPedRivo1.1	Chromosome		279514828	no
559701	Pegoplata infirma	Pegoplata	Anthomyiidae	Diptera	Insecta	Arthropoda	Pegoplata infirma	1	GCA_963921195.1	reference genome	idPegInfi2.1	Chromosome		1384369787	no
150925	Pegoscapus hoffmeyeri	Pegoscapus	Agaonidae	Hymenoptera	Insecta	Arthropoda	Pegoscapus hoffmeyeri	1	GCA_051314065.1	reference genome	P.hof_sp.A_CAM_UMD_1	Chromosome		510272682	no
1594325	Pelochrista caecimaculana	Pelochrista	Tortricidae	Lepidoptera	Insecta	Arthropoda	Pelochrista caecimaculana	1	GCA_986270225.1	reference genome	ilPelCaec1.hap1.1	Chromosome		572678664	no
2561588	Pelochrista infidana	Pelochrista	Tortricidae	Lepidoptera	Insecta	Arthropoda	Pelochrista infidana	1	GCA_988265145.1	reference genome	ilPelInfi3.hap1.1	Chromosome		594564048	no
988016	Pelosia muscerda	Pelosia	Erebidae	Lepidoptera	Insecta	Arthropoda	Pelosia muscerda	1	GCA_963691645.1	reference genome	ilPelMusc1.1	Chromosome		500493878	no
1870173	Pelosia obtusa	Pelosia	Erebidae	Lepidoptera	Insecta	Arthropoda	Pelosia obtusa	1	GCA_965201015.1	reference genome	ilPelObtu1.hap1.1	Chromosome		635509094	no
1870686	Pempelia genistella	Pempelia	Pyralidae	Lepidoptera	Insecta	Arthropoda	Pempelia genistella	1	GCA_978259335.1	reference genome	ilPemGeni4.hap1.1	Chromosome		674965736	no
1870687	Pempelia palumbella	Pempelia	Pyralidae	Lepidoptera	Insecta	Arthropoda	Pempelia palumbella	2	GCA_964656235.1	reference genome	ilPemPalu1.hap1.1	Chromosome		756937210	no
1830386	Pemphredon inornata	Pemphredon	Crabronidae	Hymenoptera	Insecta	Arthropoda	Pemphredon inornata	1	GCA_986174735.1	reference genome	iyPemInor1.hap1.1	Chromosome		308536350	no
2495172	Pemphredon lugubris	Pemphredon	Crabronidae	Hymenoptera	Insecta	Arthropoda	Pemphredon lugubris	1	GCA_933228935.1	reference genome	iyPemLugu1.1	Chromosome		328143241	no
1870176	Penthophera morio	Penthophera	Erebidae	Lepidoptera	Insecta	Arthropoda	Penthophera morio	2	GCA_977072185.1	reference genome	ilPenMori1.hap1.1	Chromosome		435975404	no
1825016	Peplomyza litura	Peplomyza	Lauxaniidae	Diptera	Insecta	Arthropoda	Peplomyza litura	1	GCA_965620495.1	reference genome	idPepLitu1.hap1.1	Chromosome		474645467	no
1870689	Perconia strigillaria	Perconia	Geometridae	Lepidoptera	Insecta	Arthropoda	Perconia strigillaria	1	GCA_964304455.1	reference genome	ilPerStri1.hap1.1	Chromosome		470588971	no
222432	Peregrinus maidis	Peregrinus	Delphacidae	Hemiptera	Insecta	Arthropoda	Peregrinus maidis	2	GCA_976984555.1	reference genome	ihPerMaid1.hap1.1	Chromosome		652735292	no
190356	Peribatodes rhomboidaria	Peribatodes	Geometridae	Lepidoptera	Insecta	Arthropoda	Peribatodes rhomboidaria	3	GCA_911728515.1	reference genome	ilPerRhom1.1	Chromosome		499713095	no
988017	Peridea anceps	Peridea	Notodontidae	Lepidoptera	Insecta	Arthropoda	Peridea anceps	1	GCA_977066695.1	reference genome	ilPerAnce2.1	Chromosome		325577475	no
244290	Peridroma saucia	Peridroma	Noctuidae	Lepidoptera	Insecta	Arthropoda	Peridroma saucia	1	GCA_966183875.1		ilPerSauc1.hap1.1	Chromosome		929087781	no
1425412	Periphyllus acericola	Periphyllus	Aphididae	Hemiptera	Insecta	Arthropoda	Periphyllus acericola	1	GCA_949715065.1	reference genome	ihPerAcec1.1	Chromosome		405345386	no
6978	Periplaneta americana	Periplaneta	Blattidae	Blattodea	Insecta	Arthropoda	Periplaneta americana	3	GCF_040183065.1	reference genome	P.americana_PAMFEO1_priV1	Chromosome		3231918202	yes
2998544	Perithous albicinctus	Perithous	Ichneumonidae	Hymenoptera	Insecta	Arthropoda	Perithous albicinctus	1	GCA_964016905.1	reference genome	iyPerAlbc1.1	Chromosome		383457593	no
1895146	Perithous divinator	Perithous	Ichneumonidae	Hymenoptera	Insecta	Arthropoda	Perithous divinator	1	GCA_984660265.1	reference genome	iyPerDivi1.hap1.1	Chromosome		313763335	no
934816	Perizoma affinitatum	Perizoma	Geometridae	Lepidoptera	Insecta	Arthropoda	Perizoma affinitatum	1	GCA_961405105.1	reference genome	ilPerAffn1.1	Chromosome		357692699	no
326945	Perizoma albulatum	Perizoma	Geometridae	Lepidoptera	Insecta	Arthropoda	Perizoma albulatum	1	GCA_988137195.1	reference genome	ilPerAlbl1.hap1.1	Chromosome		443752997	no
934818	Perizoma blandiatum	Perizoma	Geometridae	Lepidoptera	Insecta	Arthropoda	Perizoma blandiatum	1	GCA_964188255.1	reference genome	ilPerBlad1.hap1.1	Chromosome		421435018	no
326946	Perizoma didymatum	Perizoma	Geometridae	Lepidoptera	Insecta	Arthropoda	Perizoma didymatum	1	GCA_964340725.1	reference genome	ilPerDidy1.hap1.1	Chromosome		456282446	no
934819	Perizoma flavofasciatum	Perizoma	Geometridae	Lepidoptera	Insecta	Arthropoda	Perizoma flavofasciatum	1	GCA_958496245.1	reference genome	ilPerFlao1.1	Chromosome		369279619	no
1101031	Perizoma hydrata	Perizoma	Geometridae	Lepidoptera	Insecta	Arthropoda	Perizoma hydrata	2	GCA_977066675.1	reference genome	ilPerHydr1.hap1.1	Chromosome		383906887	no
934905	Perizoma parallelolineatum	Perizoma	Geometridae	Lepidoptera	Insecta	Arthropoda	Perizoma parallelolineatum	1	GCA_986270035.1	reference genome	ilPerPara1.hap1.1	Chromosome		476272043	no
875879	Petrophora chlorosata	Petrophora	Geometridae	Lepidoptera	Insecta	Arthropoda	Petrophora chlorosata	1	GCA_951640565.1	reference genome	ilPetChlo1.1	Chromosome		511997224	no
753401	Pexicopia malvella	Pexicopia	Gelechiidae	Lepidoptera	Insecta	Arthropoda	Pexicopia malvella	1	GCA_975146675.1	reference genome	ilPexMalv1.hap1.1	Chromosome		571691840	no
80249	Phaedon cochleariae	Phaedon	Chrysomelidae	Coleoptera	Insecta	Arthropoda	Phaedon cochleariae	2	GCA_979016925.1	reference genome	icPhaCoch1.hap1.1	Chromosome		936666109	no
346819	Phaedon tumidulus	Phaedon	Chrysomelidae	Coleoptera	Insecta	Arthropoda	Phaedon tumidulus	1	GCA_982319415.1	reference genome	icPhaTumi1.hap1.1	Chromosome		1537227182	no
190358	Phaiogramma etruscaria	Phaiogramma	Geometridae	Lepidoptera	Insecta	Arthropoda	Phaiogramma etruscaria	1	GCA_984574285.1	reference genome	ilPhaEtru1.hap1.1	Chromosome		469562427	no
753216	Phalera bucephala	Phalera	Notodontidae	Lepidoptera	Insecta	Arthropoda	Phalera bucephala	1	GCA_905147815.2	reference genome	ilPhaBuce1.2	Chromosome		933132188	no
1470699	Phaleria cadaverina	Phaleria	Tenebrionidae	Coleoptera	Insecta	Arthropoda	Phaleria cadaverina	1	GCA_977013135.1	reference genome	icPhaCada2.1	Chromosome		367336429	no
1176459	Phalonidia manniana	Phalonidia	Tortricidae	Lepidoptera	Insecta	Arthropoda	Phalonidia manniana	1	GCA_977109235.1	reference genome	ilPhaMann1.hap1.1	Chromosome		432126102	no
670618	Phania funesta	Phania	Tachinidae	Diptera	Insecta	Arthropoda	Phania funesta	1	GCA_963932375.1	reference genome	idPhaFune2.1	Chromosome		557389986	no
1511665	Phaonia angelicae	Phaonia	Muscidae	Diptera	Insecta	Arthropoda	Phaonia angelicae	1	GCA_965111845.1	reference genome	idPhaAnge1.hap1.1	Chromosome		1593878306	no
1291920	Phaonia errans	Phaonia	Muscidae	Diptera	Insecta	Arthropoda	Phaonia errans	1	GCA_984573025.1	reference genome	idPhaErra1.hap1.1	Chromosome		1838955685	no
2882598	Phaonia falleni	Phaonia	Muscidae	Diptera	Insecta	Arthropoda	Phaonia falleni	2	GCA_971820795.1	reference genome	idPhaFall1.hap1.1	Chromosome		2106659940	no
1511666	Phaonia gobertii	Phaonia	Muscidae	Diptera	Insecta	Arthropoda	Phaonia gobertii	1	GCA_988265135.1	reference genome	idPhaGobe1.hap1.1	Chromosome		1289780356	no
2882607	Phaonia palpata	Phaonia	Muscidae	Diptera	Insecta	Arthropoda	Phaonia palpata	1	GCA_988264955.1	reference genome	idPhaPalp1.hap1.1	Chromosome		1591667588	no
2882611	Phaonia tiefii	Phaonia	Muscidae	Diptera	Insecta	Arthropoda	Phaonia tiefii	1	GCA_963931995.1	reference genome	idPhaTief1.1	Chromosome		1537951144	no
1918142	Phasia hemiptera	Phasia	Tachinidae	Diptera	Insecta	Arthropoda	Phasia hemiptera	1	GCA_982375415.1	reference genome	idPhaHemi2.1	Chromosome		994804287	no
1918144	Phasia obesa	Phasia	Tachinidae	Diptera	Insecta	Arthropoda	Phasia obesa	1	GCA_949628195.1	reference genome	idPhaObes1.1	Chromosome		876805420	no
753405	Phaulernis dentella	Phaulernis	Epermeniidae	Lepidoptera	Insecta	Arthropoda	Phaulernis dentella	1	GCA_973404375.1	reference genome	ilPhaDent1.hap1.1	Chromosome		291767912	no
483260	Phenacoccus solenopsis	Phenacoccus	Pseudococcidae	Hemiptera	Insecta	Arthropoda	Phenacoccus solenopsis	1	GCA_009761765.1	reference genome	ASM976176v1	Chromosome		292537731	no
203773	Phengaris alcon	Phengaris	Lycaenidae	Lepidoptera	Insecta	Arthropoda	Phengaris alcon	1	GCA_977012785.1	reference genome	ilPheAlco1.hap1.1	Chromosome		565301962	no
203779	Phengaris arion	Phengaris	Lycaenidae	Lepidoptera	Insecta	Arthropoda	Phengaris arion	1	GCA_963565745.1	reference genome	ilPheArio1.1	Chromosome		544489716	no
988018	Pheosia gnoma	Pheosia	Notodontidae	Lepidoptera	Insecta	Arthropoda	Pheosia gnoma	1	GCA_905404115.1	reference genome	ilPheGnom1.1	Chromosome		271333527	no
988019	Pheosia tremula	Pheosia	Notodontidae	Lepidoptera	Insecta	Arthropoda	Pheosia tremula	1	GCA_905333125.1	reference genome	ilPheTrem1.1	Chromosome		290204870	no
1086773	Pherbellia schoenherri	Pherbellia	Sciomyzidae	Diptera	Insecta	Arthropoda	Pherbellia schoenherri	1	GCA_965653165.1	reference genome	idPheScho1.hap1.1	Chromosome		811992584	no
1096077	Pherbina coryleti	Pherbina	Sciomyzidae	Diptera	Insecta	Arthropoda	Pherbina coryleti	1	GCA_943735915.1	reference genome	idPheCory1.1	Chromosome		862951653	no
1101140	Phiaris bipunctana	Phiaris	Tortricidae	Lepidoptera	Insecta	Arthropoda	Phiaris bipunctana	1	GCA_965663645.1	reference genome	ilPhiBipu1.hap1.1	Chromosome		513761441	no
1594328	Phiaris dissolutana	Phiaris	Tortricidae	Lepidoptera	Insecta	Arthropoda	Phiaris dissolutana	1	GCA_976988925.1	reference genome	ilPhiDiss1.hap1.1	Chromosome		750028595	no
1101141	Phiaris metallicana	Phiaris	Tortricidae	Lepidoptera	Insecta	Arthropoda	Phiaris metallicana	1	GCA_975143465.1	reference genome	ilPhiMeta1.hap1.1	Chromosome		1031687318	no
1594330	Phiaris schulziana	Phiaris	Tortricidae	Lepidoptera	Insecta	Arthropoda	Phiaris schulziana	1	GCA_977016815.1		ilPhiSchu1.hap1.1	Chromosome		897363704	no
280486	Philanthus triangulum	Philanthus	Crabronidae	Hymenoptera	Insecta	Arthropoda	Philanthus triangulum	1	GCA_965213405.1	reference genome	iyPhiTria1.1	Chromosome		575714910	no
1858058	Philedonides lunana	Philedonides	Tortricidae	Lepidoptera	Insecta	Arthropoda	Philedonides lunana	1	GCA_977035875.1	reference genome	ilPhiLuna1.hap1.1	Chromosome		372553623	no
873512	Philereme transversata	Philereme	Geometridae	Lepidoptera	Insecta	Arthropoda	Philereme transversata	1	GCA_963924445.1	reference genome	ilPhiTran2.1	Chromosome		591752649	no
934888	Philereme vetulata	Philereme	Geometridae	Lepidoptera	Insecta	Arthropoda	Philereme vetulata	1	GCA_918857605.2	reference genome	ilPhiVetu1.2	Chromosome		771064230	no
3685856	Philhelius festivus	Philhelius	Syrphidae	Diptera	Insecta	Arthropoda	Philhelius festivus	1	GCA_963931855.1		idChrFest1.1	Chromosome		870771862	no
414876	Philhelius pedissequus	Philhelius	Syrphidae	Diptera	Insecta	Arthropoda	Philhelius pedissequus	1	GCA_910595825.1	reference genome	idXanPedi1.1	Chromosome		977153996	no
468783	Philonicus albiceps	Philonicus	Asilidae	Diptera	Insecta	Arthropoda	Philonicus albiceps	1	GCA_963969385.1	reference genome	idPhiAlbi1.1	Chromosome		253917290	no
878352	Philonthus carbonarius	Philonthus	Staphylinidae	Coleoptera	Insecta	Arthropoda	Philonthus carbonarius	2	GCA_987201335.1	reference genome	icPhiCarb1.hap1.1	Chromosome		1083839766	no
346820	Philonthus cognatus	Philonthus	Staphylinidae	Coleoptera	Insecta	Arthropoda	Philonthus cognatus	1	GCA_932526585.2	reference genome	icPhiCogn1.2	Chromosome		1030548203	no
878358	Philonthus marginatus	Philonthus	Staphylinidae	Coleoptera	Insecta	Arthropoda	Philonthus marginatus	1	GCA_986885595.1	reference genome	icPhiMarg1.hap1.1	Chromosome		418705031	no
878362	Philonthus spinipes	Philonthus	Staphylinidae	Coleoptera	Insecta	Arthropoda	Philonthus spinipes	1	GCA_963082785.1	reference genome	icPhiSpin1.1	Chromosome		671063352	no
202117	Philopedon plagiatum	Philopedon	Curculionidae	Coleoptera	Insecta	Arthropoda	Philopedon plagiatum	1	GCA_963971165.1	reference genome	icPhiPlag1.1	Chromosome		1080330423	no
472889	Philophylla caesio	Philophylla	Tephritidae	Diptera	Insecta	Arthropoda	Philophylla caesio	1	GCA_963971545.1	reference genome	idPhiCaes1.1	Chromosome		777426834	no
177904	Philopotamus montanus	Philopotamus	Philopotamidae	Trichoptera	Insecta	Arthropoda	Philopotamus montanus	1	GCA_984577355.1	reference genome	iiPhiMont4.1	Chromosome		517781313	no
1097159	Philotrypesis josephi	Philotrypesis	Pteromalidae	Hymenoptera	Insecta	Arthropoda	Philotrypesis josephi	1	GCA_059792495.1	reference genome	ASM5979249v1	Chromosome		378534837	no
641374	Phlebotomus chinensis	Phlebotomus	Psychodidae	Diptera	Insecta	Arthropoda	Phlebotomus chinensis	1	GCA_057127735.1	reference genome	ASM5712773v1	Chromosome		192074669	no
29031	Phlebotomus papatasi	Phlebotomus	Psychodidae	Diptera	Insecta	Arthropoda	Phlebotomus papatasi	2	GCF_024763615.1	reference genome	Ppap_2.1	Chromosome		351607531	yes
13204	Phlebotomus perniciosus	Phlebotomus	Psychodidae	Diptera	Insecta	Arthropoda	Phlebotomus perniciosus	1	GCA_056882495.1	reference genome	ASM5688249v1	Chromosome		142614509	no
85759	Phlebotomus sergenti	Phlebotomus	Psychodidae	Diptera	Insecta	Arthropoda	Phlebotomus sergenti	1	GCA_058968885.2	reference genome	ITD_Pserg_2.0	Chromosome		291873782	no
875884	Phlogophora meticulosa	Phlogophora	Noctuidae	Lepidoptera	Insecta	Arthropoda	Phlogophora meticulosa	1	GCA_905147745.2	reference genome	ilPhlMeti2.2	Chromosome		538644470	no
7380	Phormia regina	Phormia	Calliphoridae	Diptera	Insecta	Arthropoda	Phormia regina	1	GCA_060231295.1	reference genome	ASM6023129v1	Chromosome		555703147	no
1918153	Phorocera assimilis	Phorocera	Tachinidae	Diptera	Insecta	Arthropoda	Phorocera assimilis	1	GCA_987488915.1	reference genome	idPhoAssi1.hap1.1	Chromosome		1950065946	no
462257	Phortica okadai	Phortica	Drosophilidae	Diptera	Insecta	Arthropoda	Phortica okadai	1	GCA_034638295.1	reference genome	ASM3463829v1	Chromosome		263502982	no
414934	Phosphuga atrata	Phosphuga	Silphidae	Coleoptera	Insecta	Arthropoda	Phosphuga atrata	1	GCA_944588485.1	reference genome	icSilAtra2.1	Chromosome		1199979240	no
988148	Photedes minima	Photedes	Noctuidae	Lepidoptera	Insecta	Arthropoda	Photedes minima	1	GCA_964662195.1	reference genome	ilPhoMini1.1	Chromosome		694659110	no
753407	Phragmataecia castaneae	Phragmataecia	Cossidae	Lepidoptera	Insecta	Arthropoda	Phragmataecia castaneae	1	GCA_964277475.1	reference genome	ilPhrCast1.hap1.1	Chromosome		590719550	no
214311	Phragmatobia fuliginosa	Phragmatobia	Erebidae	Lepidoptera	Insecta	Arthropoda	Phragmatobia fuliginosa	1	GCA_932526445.1	reference genome	ilPhrFuli1.1	Chromosome		629441928	no
153785	Phratora vitellinae	Phratora	Chrysomelidae	Coleoptera	Insecta	Arthropoda	Phratora vitellinae	1	GCA_977071015.1	reference genome	icPhrVite1.1	Chromosome		565066841	no
1875852	Phryganea bipunctata	Phryganea	Phryganeidae	Trichoptera	Insecta	Arthropoda	Phryganea bipunctata	1	GCA_987272535.1	reference genome	iiPhrBipu1.hap1.1	Chromosome		1119174104	no
1594332	Phtheochroa inopiana	Phtheochroa	Tortricidae	Lepidoptera	Insecta	Arthropoda	Phtheochroa inopiana	1	GCA_982436735.1	reference genome	ilPhtInop1.hap1.1	Chromosome		422806469	no
1176461	Phtheochroa sodaliana	Phtheochroa	Tortricidae	Lepidoptera	Insecta	Arthropoda	Phtheochroa sodaliana	1	GCA_973404415.1	reference genome	ilPhtSoda1.hap1.1	Chromosome		457255758	no
1241357	Phtheochroa vulneratana	Phtheochroa	Tortricidae	Lepidoptera	Insecta	Arthropoda	Phtheochroa vulneratana	1	GCA_977014595.1	reference genome	ilPhtVuln3.hap1.1	Chromosome		374682001	no
2884238	Phthiria pulicaria	Phthiria	Bombyliidae	Diptera	Insecta	Arthropoda	Phthiria pulicaria	1	GCA_982375445.1	reference genome	idPhtPulc5.1	Chromosome		351968544	no
339843	Phthonandria atrilineata	Phthonandria	Geometridae	Lepidoptera	Insecta	Arthropoda	Phthonandria atrilineata	1	GCA_046203345.1	reference genome	HCNU_PHAT_2.1	Chromosome		336627687	no
1101143	Phycita roborella	Phycita	Pyralidae	Lepidoptera	Insecta	Arthropoda	Phycita roborella	1	GCA_964059365.1	reference genome	ilPhyRobo2.1	Chromosome		710474598	no
1858059	Phycitodes albatella	Phycitodes	Pyralidae	Lepidoptera	Insecta	Arthropoda	Phycitodes albatella	1	GCA_966185185.1	reference genome	ilPhyAlba2.hap1.1	Chromosome		424327264	no
1594333	Phycitodes saxicola	Phycitodes	Pyralidae	Lepidoptera	Insecta	Arthropoda	Phycitodes saxicola	1	GCA_988221935.1	reference genome	ilPhySaxi1.hap1.1	Chromosome		477753349	no
2882644	Phylidorea fulvonervosa	Phylidorea	Limoniidae	Diptera	Insecta	Arthropoda	Phylidorea fulvonervosa	1	GCA_982266865.1	reference genome	idPhyFulv1.hap1.1	Chromosome		891810177	no
935663	Phyllaphis fagi	Phyllaphis	Aphididae	Hemiptera	Insecta	Arthropoda	Phyllaphis fagi	1	GCA_982551555.1	reference genome	ihPhyFagi1.hap1.1	Chromosome		838104289	no
346824	Phyllobius argentatus	Phyllobius	Curculionidae	Coleoptera	Insecta	Arthropoda	Phyllobius argentatus	2	GCA_965654255.1	reference genome	icPhyArge1.hap1.1	Chromosome		977769501	no
202125	Phyllobius pyri	Phyllobius	Curculionidae	Coleoptera	Insecta	Arthropoda	Phyllobius pyri	1	GCA_980746795.1	reference genome	icPhyPyri4.hap1.1	Chromosome		748107209	no
878367	Phyllobius roboretanus	Phyllobius	Curculionidae	Coleoptera	Insecta	Arthropoda	Phyllobius roboretanus	1	GCA_985198325.1	reference genome	icPhyRobo3.hap1.1	Chromosome		677474925	no
878368	Phyllobius virideaeris	Phyllobius	Curculionidae	Coleoptera	Insecta	Arthropoda	Phyllobius virideaeris	2	GCA_965643005.1	reference genome	icPhyViri1.hap2.1	Chromosome		1178116888	no
1660675	Phyllocnistis unipunctella	Phyllocnistis	Gracillariidae	Lepidoptera	Insecta	Arthropoda	Phyllocnistis unipunctella	1	GCA_986708695.1	reference genome	ilPhyUnip5.1	Chromosome		376318953	no
3411921	Phyllometra gracilaria	Phyllometra	Geometridae	Lepidoptera	Insecta	Arthropoda	Phyllometra gracilaria	1	GCA_983140555.1	reference genome	ilPhyGrai1.hap1.1	Chromosome		737141488	no
199041	Phyllonorycter hilarella	Phyllonorycter	Gracillariidae	Lepidoptera	Insecta	Arthropoda	Phyllonorycter hilarella	1	GCA_977013475.1	reference genome	ilPhyHila1.hap1.1	Chromosome		386987889	no
1405625	Phyllonorycter klemannella	Phyllonorycter	Gracillariidae	Lepidoptera	Insecta	Arthropoda	Phyllonorycter klemannella	2	GCA_977090045.1	reference genome	ilPhyKlem3.hap1.1	Chromosome		356675269	no
199051	Phyllonorycter maestingella	Phyllonorycter	Gracillariidae	Lepidoptera	Insecta	Arthropoda	Phyllonorycter maestingella	1	GCA_988143745.1	reference genome	ilPhyMaes11.hap1.1	Chromosome		384283505	no
199053	Phyllonorycter messaniella	Phyllonorycter	Gracillariidae	Lepidoptera	Insecta	Arthropoda	Phyllonorycter messaniella	1	GCA_976984685.1	reference genome	ilPhyMess1.hap1.1	Chromosome		317734046	no
199064	Phyllonorycter quercifoliella	Phyllonorycter	Gracillariidae	Lepidoptera	Insecta	Arthropoda	Phyllonorycter quercifoliella	1	GCA_977016745.1	reference genome	ilPhyQuer1.1	Chromosome		376297319	no
199068	Phyllonorycter sagitella	Phyllonorycter	Gracillariidae	Lepidoptera	Insecta	Arthropoda	Phyllonorycter sagitella	1	GCA_977012995.1	reference genome	ilPhySagi1.hap1.1	Chromosome		424024003	no
199069	Phyllonorycter salicicolella	Phyllonorycter	Gracillariidae	Lepidoptera	Insecta	Arthropoda	Phyllonorycter salicicolella	1	GCA_988143675.1	reference genome	ilPhySalc4.hap1.1	Chromosome		430072367	no
199075	Phyllonorycter sorbi	Phyllonorycter	Gracillariidae	Lepidoptera	Insecta	Arthropoda	Phyllonorycter sorbi	1	GCA_987194975.1	reference genome	ilPhySorb4.hap1.1	Chromosome		303118167	no
199080	Phyllonorycter stettinensis	Phyllonorycter	Gracillariidae	Lepidoptera	Insecta	Arthropoda	Phyllonorycter stettinensis	1	GCA_988143645.1	reference genome	ilPhyStet4.hap1.1	Chromosome		358702288	no
199081	Phyllonorycter strigulatella	Phyllonorycter	Gracillariidae	Lepidoptera	Insecta	Arthropoda	Phyllonorycter strigulatella	1	GCA_977827865.1		ilPhyStri1.hap1.1	Chromosome		349930947	no
199086	Phyllonorycter ulicicolella	Phyllonorycter	Gracillariidae	Lepidoptera	Insecta	Arthropoda	Phyllonorycter ulicicolella	1	GCA_976986425.1	reference genome	ilPhyUlic4.1	Chromosome		595976125	no
687152	Phylloporia bistrigella	Phylloporia	Incurvariidae	Lepidoptera	Insecta	Arthropoda	Phylloporia bistrigella	2	GCA_984807545.1	reference genome	ilPhyBist1.hap1.1	Chromosome		437645795	no
224133	Phyllotreta cruciferae	Phyllotreta	Chrysomelidae	Coleoptera	Insecta	Arthropoda	Phyllotreta cruciferae	1	GCA_917563865.1	reference genome	PGI_PHYECR_V1	Chromosome		135120912	no
444603	Phyllotreta striolata	Phyllotreta	Chrysomelidae	Coleoptera	Insecta	Arthropoda	Phyllotreta striolata	1	GCA_918026865.1	reference genome	PGI_PHYEVI_v3	Chromosome		132261818	yes
2015783	Phymata mystica	Phymata	Phymatidae	Hemiptera	Insecta	Arthropoda	Phymata mystica	1	GCA_060307275.1	reference genome	UFL_Phmy_1.0	Chromosome		710680458	no
362106	Phymatocera aterrima	Phymatocera	Tenthredinidae	Hymenoptera	Insecta	Arthropoda	Phymatocera aterrima	1	GCA_963170745.1	reference genome	iyPhyAter2.1	Chromosome		280159089	no
295676	Phymatodes testaceus	Phymatodes	Cerambycidae	Coleoptera	Insecta	Arthropoda	Phymatodes testaceus	1	GCA_984589245.1	reference genome	icPhyTest2.hap1.1	Chromosome		455989887	no
1219160	Physocephala rufipes	Physocephala	Conopidae	Diptera	Insecta	Arthropoda	Physocephala rufipes	1	GCA_963966595.1	reference genome	idPhyRufi1.1	Chromosome		243305359	no
1262321	Phyto melanocephala	Phyto	Rhinophoridae	Diptera	Insecta	Arthropoda	Phyto melanocephala	1	GCA_941918925.1	reference genome	idPhyMeln1.1	Chromosome		739740587	no
1588379	Phytoecia cylindrica	Phytoecia	Cerambycidae	Coleoptera	Insecta	Arthropoda	Phytoecia cylindrica	1	GCA_982374485.1	reference genome	icPhyCyli3.1	Chromosome		831466029	no
938207	Phytometra viridaria	Phytometra	Erebidae	Lepidoptera	Insecta	Arthropoda	Phytometra viridaria	1	GCA_965196775.1	reference genome	ilPhyViri1.hap1.1	Chromosome		364606011	no
498712	Phytomyza vitalbae	Phytomyza	Agromyzidae	Diptera	Insecta	Arthropoda	Phytomyza vitalbae	1	GCA_060309105.1	reference genome	ASM6030910v1	Chromosome		118095870	no
1343054	Pieris balcana	Pieris	Pieridae	Lepidoptera	Insecta	Arthropoda	Pieris balcana	1	GCA_977013285.1	reference genome	ilPieBalc1.hap1.1	Chromosome		356567338	no
7116	Pieris brassicae	Pieris	Pieridae	Lepidoptera	Insecta	Arthropoda	Pieris brassicae	2	GCF_905147105.1	reference genome	ilPieBrab1.1	Chromosome		292325833	yes
876064	Pieris bryoniae	Pieris	Pieridae	Lepidoptera	Insecta	Arthropoda	Pieris bryoniae	1	GCA_977035885.1	reference genome	ilPieBryo1.hap1.1	Chromosome		312222618	no
1107706	Pieris ergane	Pieris	Pieridae	Lepidoptera	Insecta	Arthropoda	Pieris ergane	1	GCA_977066685.1	reference genome	ilPieErga1.hap1.1	Chromosome		325236692	no
876065	Pieris mannii	Pieris	Pieridae	Lepidoptera	Insecta	Arthropoda	Pieris mannii	2	GCA_028984075.1	reference genome	ASM2898407v1	Chromosome		294251341	no
78633	Pieris napi	Pieris	Pieridae	Lepidoptera	Insecta	Arthropoda	Pieris napi	3	GCF_905475465.1	reference genome	ilPieNapi1.2	Chromosome		319186907	yes
64459	Pieris rapae	Pieris	Pieridae	Lepidoptera	Insecta	Arthropoda	Pieris rapae	2	GCF_905147795.1	reference genome	ilPieRapa1.1	Chromosome		256355036	yes
437484	Piezodorus guildinii	Piezodorus	Pentatomidae	Hemiptera	Insecta	Arthropoda	Piezodorus guildinii	1	GCA_023052935.1	reference genome	USDA_Piezodorus_guildinii_Assembly_v1.1	Chromosome		1205420128	no
881727	Pilophorus perplexus	Pilophorus	Miridae	Hemiptera	Insecta	Arthropoda	Pilophorus perplexus	1	GCA_955831195.1	reference genome	ihPilPerp1.1	Chromosome		481318845	no
1045619	Pimpla contemplator	Pimpla	Ichneumonidae	Hymenoptera	Insecta	Arthropoda	Pimpla contemplator	1	GCA_964197675.1	reference genome	iyPimCont1.1	Chromosome		270253431	no
2184727	Pimpla rufipes	Pimpla	Ichneumonidae	Hymenoptera	Insecta	Arthropoda	Pimpla rufipes	1	GCA_963932165.1	reference genome	iyPimRufi1.1	Chromosome		322746055	no
2598068	Pimpla turionellae	Pimpla	Ichneumonidae	Hymenoptera	Insecta	Arthropoda	Pimpla turionellae	1	GCA_987357855.1	reference genome	iyPimTuri5.hap1.1	Chromosome		240070213	no
1101145	Piniphila bifasciana	Piniphila	Tortricidae	Lepidoptera	Insecta	Arthropoda	Piniphila bifasciana	1	GCA_977066455.1	reference genome	ilPinBifa2.hap1.1	Chromosome		381772332	no
1545217	Pithanus maerkelii	Pithanus	Miridae	Hemiptera	Insecta	Arthropoda	Pithanus maerkelii	1	GCA_984573075.1	reference genome	ihPitMaer1.hap1.1	Chromosome		766379357	no
154017	Plagiodera versicolora	Plagiodera	Chrysomelidae	Coleoptera	Insecta	Arthropoda	Plagiodera versicolora	4	GCA_037013635.1	reference genome	ASM3701363v1	Chromosome		233265008	no
72798	Plagiolepis pygmaea	Plagiolepis	Formicidae	Hymenoptera	Insecta	Arthropoda	Plagiolepis pygmaea	1	GCA_048181815.1	reference genome	ASM4818181v1	Chromosome		334655090	no
934889	Plagodis dolabraria	Plagodis	Geometridae	Lepidoptera	Insecta	Arthropoda	Plagodis dolabraria	1	GCA_963854805.1	reference genome	ilPlaDola2.1	Chromosome		939073942	no
688490	Plagodis pulveraria	Plagodis	Geometridae	Lepidoptera	Insecta	Arthropoda	Plagodis pulveraria	1	GCA_963890685.1	reference genome	ilPlaPulv1.1	Chromosome		931729964	no
170843	Planococcus citri	Planococcus	Pseudococcidae	Hemiptera	Insecta	Arthropoda	Planococcus citri	2	GCF_950023065.1	reference genome	ihPlaCitr1.1	Chromosome		403646906	yes
40930	Planococcus lilacinus	Planococcus	Pseudococcidae	Hemiptera	Insecta	Arthropoda	Planococcus lilacinus	1	GCA_061548625.1	reference genome	ASM61548625v1	Chromosome		356299438	no
2886735	Platycephala planifrons	Platycephala	Chloropidae	Diptera	Insecta	Arthropoda	Platycephala planifrons	1	GCA_982319465.1	reference genome	idPlaPlan1.1	Chromosome		734336013	no
414846	Platycheirus albimanus	Platycheirus	Syrphidae	Diptera	Insecta	Arthropoda	Platycheirus albimanus	1	GCA_916050605.2	reference genome	idPlaAlba1.2	Chromosome		677768813	no
1352472	Platycheirus rosarum	Platycheirus	Syrphidae	Diptera	Insecta	Arthropoda	Platycheirus rosarum	1	GCA_963971375.1	reference genome	idPlaRosa1.1	Chromosome		764050118	no
470652	Platycleis affinis	Platycleis	Tettigoniidae	Orthoptera	Insecta	Arthropoda	Platycleis affinis	2	GCA_980899315.1	reference genome	iqPlaAffi1_hap1.1	Chromosome		5448474875	no
470658	Platycleis falx	Platycleis	Tettigoniidae	Orthoptera	Insecta	Arthropoda	Platycleis falx	1	GCA_976974135.1	reference genome	iqPlaFalx1.1	Chromosome		5216350721	no
126231	Platycnemis pennipes	Platycnemis	Platycnemididae	Odonata	Insecta	Arthropoda	Platycnemis pennipes	1	GCA_933228895.1	reference genome	ioPlaPenn1.1	Chromosome		1793340701	no
1553674	Platydracus latebricola	Platydracus	Staphylinidae	Coleoptera	Insecta	Arthropoda	Platydracus latebricola	1	GCA_978021435.1	reference genome	icPlaLate1.hap1.1	Chromosome		1396237051	no
1660718	Platyedra subcinerea	Platyedra	Gelechiidae	Lepidoptera	Insecta	Arthropoda	Platyedra subcinerea	1	GCA_964277305.1	reference genome	ilPlaSubc1.hap1.1	Chromosome		555697355	no
2753657	Platygaster robiniae	Platygaster	Platygastridae	Hymenoptera	Insecta	Arthropoda	Platygaster robiniae	1	GCA_028476575.1	reference genome	CAF_Pro_1.0	Chromosome		483890390	no
708047	Platynota stultana	Platynota	Tortricidae	Lepidoptera	Insecta	Arthropoda	Platynota stultana	1	GCA_982525115.1	reference genome	ilPlaStul1.hap1.1	Chromosome		487329643	no
1594334	Platyptilia calodactyla	Platyptilia	Pterophoridae	Lepidoptera	Insecta	Arthropoda	Platyptilia calodactyla	1	GCA_977871575.1	reference genome	ilPlaCalo1.hap1.1	Chromosome		961236112	no
1101034	Platyptilia gonodactyla	Platyptilia	Pterophoridae	Lepidoptera	Insecta	Arthropoda	Platyptilia gonodactyla	1	GCA_982551385.1	reference genome	ilPlaGono1.hap1.1	Chromosome		1242159303	no
943751	Platyptilia tesseradactyla	Platyptilia	Pterophoridae	Lepidoptera	Insecta	Arthropoda	Platyptilia tesseradactyla	1	GCA_982374615.1	reference genome	ilPlaTess1.hap1.1	Chromosome		1087176724	no
298138	Platypus cylindrus	Platypus	Curculionidae	Coleoptera	Insecta	Arthropoda	Platypus cylindrus	1	GCA_949748235.1	reference genome	icPlaCyli4.1	Chromosome		147464667	no
1586622	Platyrhinus resinosus	Platyrhinus	Anthribidae	Coleoptera	Insecta	Arthropoda	Platyrhinus resinosus	1	GCA_977061565.1	reference genome	icPlaResi1.hap1.1	Chromosome		764042519	no
197009	Platystomos albinus	Platystomos	Anthribidae	Coleoptera	Insecta	Arthropoda	Platystomos albinus	1	GCA_964106875.1	reference genome	icPlaAlbi1.hap1.1	Chromosome		555311420	no
1870246	Platytes cerussella	Platytes	Crambidae	Lepidoptera	Insecta	Arthropoda	Platytes cerussella	1	GCA_977071805.1	reference genome	ilPlaCeru1.hap1.1	Chromosome		602389796	no
77147	Platythyrea punctata	Platythyrea	Formicidae	Hymenoptera	Insecta	Arthropoda	Platythyrea punctata	1	GCA_048181825.1	reference genome	ASM4818182v1	Chromosome		195895894	no
242267	Plebejus argus	Plebejus	Lycaenidae	Lepidoptera	Insecta	Arthropoda	Plebejus argus	1	GCA_905404155.3	reference genome	ilPleArgu1.3	Chromosome		382092912	no
155166	Plebejus idas	Plebejus	Lycaenidae	Lepidoptera	Insecta	Arthropoda	Plebejus idas	2	GCA_976231855.1	reference genome	ilPleIdas1.hap2.1	Chromosome		400735333	no
2976917	Plecia longiforceps	Plecia	Pleciidae	Diptera	Insecta	Arthropoda	Plecia longiforceps	1	GCA_041753815.1	reference genome	SNU_Plon_1.1	Chromosome		706927914	no
934957	Plemyria rubiginata	Plemyria	Geometridae	Lepidoptera	Insecta	Arthropoda	Plemyria rubiginata	1	GCA_963576535.1	reference genome	ilPleRubi1.1	Chromosome		356216941	no
1492918	Pleurota aristella	Pleurota	Oecophoridae	Lepidoptera	Insecta	Arthropoda	Pleurota aristella	1	GCA_986419275.1	reference genome	ilPleAris1.hap1.1	Chromosome		603382295	no
1073592	Pleurota bicostella	Pleurota	Oecophoridae	Lepidoptera	Insecta	Arthropoda	Pleurota bicostella	1	GCA_971864535.1	reference genome	ilPleBico1.hap1.1	Chromosome		796373857	no
58824	Plodia interpunctella	Plodia	Pyralidae	Lepidoptera	Insecta	Arthropoda	Plodia interpunctella	3	GCF_027563975.2	reference genome	ilPloInte3.2	Chromosome		291316876	yes
254382	Plusia festucae	Plusia	Noctuidae	Lepidoptera	Insecta	Arthropoda	Plusia festucae	1	GCA_950381575.1	reference genome	ilPluFest1.1	Chromosome		422538616	no
721895	Plusia putnami	Plusia	Noctuidae	Lepidoptera	Insecta	Arthropoda	Plusia putnami	2	GCA_965282385.1	reference genome	ilPluPutn1.hap1.1	Chromosome		422657653	no
1405359	Plutella hyperboreella	Plutella	Plutellidae	Lepidoptera	Insecta	Arthropoda	Plutella hyperboreella	1	GCA_966184305.1	reference genome	ilPluHype1.hap1.1	Chromosome		503344217	no
51655	Plutella xylostella	Plutella	Plutellidae	Lepidoptera	Insecta	Arthropoda	Plutella xylostella	4	GCF_932276165.2	reference genome	ilPluXylo3.2	Chromosome		323302761	yes
2867115	Pocota personata	Pocota	Syrphidae	Diptera	Insecta	Arthropoda	Pocota personata	1	GCA_963082735.1	reference genome	idPocPers1.1	Chromosome		845237535	no
1553677	Podabrus alpinus	Podabrus	Cantharidae	Coleoptera	Insecta	Arthropoda	Podabrus alpinus	1	GCA_932274525.1	reference genome	icPodAlpi1.1	Chromosome		777235495	no
1425595	Podagrica fuscicornis	Podagrica	Chrysomelidae	Coleoptera	Insecta	Arthropoda	Podagrica fuscicornis	1	GCA_980253055.1	reference genome	icPodFusc4.1	Chromosome		1948969579	no
369887	Poecilobothrus nobilitatus	Poecilobothrus	Dolichopodidae	Diptera	Insecta	Arthropoda	Poecilobothrus nobilitatus	1	GCA_947095535.1	reference genome	idPoeNobi2.1	Chromosome		943969335	no
270614	Poecilus cupreus	Poecilus	Carabidae	Coleoptera	Insecta	Arthropoda	Poecilus cupreus	1	GCA_963942605.1	reference genome	icPoeCupr1.1	Chromosome		748476947	no
1143099	Pogonocherus hispidulus	Pogonocherus	Cerambycidae	Coleoptera	Insecta	Arthropoda	Pogonocherus hispidulus	1	GCA_963924545.1	reference genome	icPogHisp1.1	Chromosome		704437829	no
144036	Pogonomyrmex californicus	Pogonomyrmex	Formicidae	Hymenoptera	Insecta	Arthropoda	Pogonomyrmex californicus	1	GCA_050084945.1	reference genome	Pcal3.1	Chromosome		252230436	yes
235516	Pogonus chalceus	Pogonus	Carabidae	Coleoptera	Insecta	Arthropoda	Pogonus chalceus	1	GCA_984658895.1	reference genome	icPogChal1.hap1.1	Chromosome		1138125649	no
65218	Polemochartus liparae	Polemochartus	Braconidae	Hymenoptera	Insecta	Arthropoda	Polemochartus liparae	1	GCA_988222035.1	reference genome	iyPolLipa2.hap1.1	Chromosome		183805046	no
988022	Polia bombycina	Polia	Noctuidae	Lepidoptera	Insecta	Arthropoda	Polia bombycina	1	GCA_964291845.2	reference genome	ilPolBomb1.hap1.2	Chromosome		987290663	no
988024	Polia nebulosa	Polia	Noctuidae	Lepidoptera	Insecta	Arthropoda	Polia nebulosa	1	GCA_951329385.1	reference genome	ilPolNebu2.1	Chromosome		1011185818	no
2866287	Polietes domitor	Polietes	Muscidae	Diptera	Insecta	Arthropoda	Polietes domitor	1	GCA_947397865.1	reference genome	idPolDomi1.1	Chromosome		1043309519	no
559703	Polietes lardarius	Polietes	Muscidae	Diptera	Insecta	Arthropoda	Polietes lardarius	1	GCA_965226705.2	reference genome	idPolLara1.hap1.2	Chromosome		1379937103	no
2725520	Polietes meridionalis	Polietes	Muscidae	Diptera	Insecta	Arthropoda	Polietes meridionalis	1	GCA_988141095.1	reference genome	idPolMeri1.hap1.1	Chromosome		1596750012	no
878437	Polistichus connexus	Polistichus	Carabidae	Coleoptera	Insecta	Arthropoda	Polistichus connexus	1	GCA_988225205.1	reference genome	icPolConn4.hap1.1	Chromosome		489492885	no
670595	Pollenia amentaria	Pollenia	Polleniidae	Diptera	Insecta	Arthropoda	Pollenia amentaria	1	GCA_943735925.1	reference genome	idPolAmen1.1	Chromosome		1270755911	no
1266490	Pollenia angustigena	Pollenia	Polleniidae	Diptera	Insecta	Arthropoda	Pollenia angustigena	1	GCA_930367215.1	reference genome	idPolAngu1.1	Chromosome		1370491206	no
1720740	Pollenia griseotomentosa	Pollenia	Polleniidae	Diptera	Insecta	Arthropoda	Pollenia griseotomentosa	1	GCA_963931875.1	reference genome	idPolGris2.1	Chromosome		1046294141	no
1266491	Pollenia labialis	Pollenia	Polleniidae	Diptera	Insecta	Arthropoda	Pollenia labialis	1	GCA_949318255.1	reference genome	idPolLabi1.1	Chromosome		907951187	no
1266492	Pollenia pediculata	Pollenia	Polleniidae	Diptera	Insecta	Arthropoda	Pollenia pediculata	1	GCA_964300415.1	reference genome	idPolPedi2.hap1.1	Chromosome		1156857512	no
1870695	Polopeustis altensis	Polopeustis	Pyralidae	Lepidoptera	Insecta	Arthropoda	Polopeustis altensis	2	GCA_971872615.1	reference genome	ilPolAlte1.hap1.1	Chromosome		670408435	no
495395	Polyblastus varitarsus	Polyblastus	Ichneumonidae	Hymenoptera	Insecta	Arthropoda	Polyblastus varitarsus	1	GCA_988210235.1	reference genome	iyPolVari3.hap1.1	Chromosome		336593050	no
1870248	Polychrysia moneta	Polychrysia	Noctuidae	Lepidoptera	Insecta	Arthropoda	Polychrysia moneta	1	GCA_964276815.1	reference genome	ilPolMone1.hap1.1	Chromosome		430636356	no
202137	Polydrusus cervinus	Polydrusus	Curculionidae	Coleoptera	Insecta	Arthropoda	Polydrusus cervinus	1	GCA_935413205.1	reference genome	icPolCerv1.1	Chromosome		713356138	no
1342089	Polydrusus formosus	Polydrusus	Curculionidae	Coleoptera	Insecta	Arthropoda	Polydrusus formosus	1	GCA_984573915.1	reference genome	icPolForm1.1	Chromosome		778005378	no
1342090	Polydrusus impressifrons	Polydrusus	Curculionidae	Coleoptera	Insecta	Arthropoda	Polydrusus impressifrons	1	GCA_977013515.1	reference genome	icPolImpr1.hap1.1	Chromosome		567099412	no
202138	Polydrusus pterygomalis	Polydrusus	Curculionidae	Coleoptera	Insecta	Arthropoda	Polydrusus pterygomalis	1	GCA_963969555.1	reference genome	icPolPter2.1	Chromosome		1051549734	no
1342093	Polydrusus tereticollis	Polydrusus	Curculionidae	Coleoptera	Insecta	Arthropoda	Polydrusus tereticollis	2	GCA_963920685.1	reference genome	icPolTere2.1	Chromosome		1396111627	no
3109984	Polylopha cassiicola	Polylopha	Tortricidae	Lepidoptera	Insecta	Arthropoda	Polylopha cassiicola	1	GCA_038024825.1	reference genome	ASM3802482v1	Complete Genome		302025494	no
1870251	Polymixis flavicincta	Polymixis	Noctuidae	Lepidoptera	Insecta	Arthropoda	Polymixis flavicincta	1	GCA_949987655.1	reference genome	ilPolFlav1.1	Chromosome		766569608	no
1870252	Polymixis lichenea	Polymixis	Noctuidae	Lepidoptera	Insecta	Arthropoda	Polymixis lichenea	1	GCA_949091785.1	reference genome	ilPolLich1.1	Chromosome		716679281	no
712039	Polyommatus atlantica	Polyommatus	Lycaenidae	Lepidoptera	Insecta	Arthropoda	Polyommatus atlantica	1	GCA_965230855.1	reference genome	ilPolAtla1.1	Chromosome		695260765	no
712041	Polyommatus golgus	Polyommatus	Lycaenidae	Lepidoptera	Insecta	Arthropoda	Polyommatus golgus	1	GCA_984574325.1	reference genome	ilPolGolg1.hap1.1	Chromosome		726421292	no
265386	Polyommatus icarus	Polyommatus	Lycaenidae	Lepidoptera	Insecta	Arthropoda	Polyommatus icarus	1	GCA_937595015.1	reference genome	ilPolIcar1.1	Chromosome		511742462	no
268662	Polyommatus iphigenia	Polyommatus	Lycaenidae	Lepidoptera	Insecta	Arthropoda	Polyommatus iphigenia	1	GCA_963422495.1	reference genome	ilPolIphe1.1	Chromosome		551781275	no
2079168	Polyommatus szabokyi	Polyommatus	Lycaenidae	Lepidoptera	Insecta	Arthropoda	Polyommatus szabokyi	1	GCA_964271655.1	reference genome	ilPolSzab1.hap1.1	Chromosome		539476401	no
856255	Polyommatus violetae	Polyommatus	Lycaenidae	Lepidoptera	Insecta	Arthropoda	Polyommatus violetae	1	GCA_982374765.1	reference genome	ilPolViol1.hap1.1	Chromosome		583964436	no
319348	Polypedilum vanderplanki	Polypedilum	Chironomidae	Diptera	Insecta	Arthropoda	Polypedilum vanderplanki	1	GCA_018290095.1	reference genome	Pv_5.2	Chromosome		118968711	yes
988154	Polyploca ridens	Polyploca	Drepanidae	Lepidoptera	Insecta	Arthropoda	Polyploca ridens	1	GCA_951394255.1	reference genome	ilPolRide1.1	Chromosome		493564165	no
997515	Polypogon plumigeralis	Polypogon	Erebidae	Lepidoptera	Insecta	Arthropoda	Polypogon plumigeralis	1	GCA_964656525.1	reference genome	ilPolPlum1.hap1.1	Chromosome		639535507	no
987430	Polypogon tentacularius	Polypogon	Erebidae	Lepidoptera	Insecta	Arthropoda	Polypogon tentacularius	1	GCA_982340805.1	reference genome	ilPolTent1.hap1.1	Chromosome		1305099907	no
2979191	Polytribax perspicillator	Polytribax	Ichneumonidae	Hymenoptera	Insecta	Arthropoda	Polytribax perspicillator	1	GCA_964261855.1	reference genome	iyPolPers1.1	Chromosome		314208093	no
345723	Pontia edusa	Pontia	Pieridae	Lepidoptera	Insecta	Arthropoda	Pontia edusa	1	GCA_965196675.1	reference genome	ilPonEdus1.hap1.1	Chromosome		211408584	no
2998546	Populicerus laminatus	Populicerus	Cicadellidae	Hemiptera	Insecta	Arthropoda	Populicerus laminatus	1	GCA_987357715.1	reference genome	ihPopLami1.hap1.1	Chromosome		1917547010	no
226160	Portevinia maculata	Portevinia	Syrphidae	Diptera	Insecta	Arthropoda	Portevinia maculata	1	GCA_949715645.1	reference genome	idPorMacu1.1	Chromosome		1125308972	no
572880	Prays fraxinella	Prays	Praydidae	Lepidoptera	Insecta	Arthropoda	Prays fraxinella	1	GCA_977066585.1	reference genome	ilPraFrax3.1	Chromosome		366616201	no
1747324	Priocnemis perturbator	Priocnemis	Pompilidae	Hymenoptera	Insecta	Arthropoda	Priocnemis perturbator	1	GCA_963942575.1	reference genome	iyPriPert1.1	Chromosome		391615939	no
1690389	Prionocera turcica	Prionocera	Tipulidae	Diptera	Insecta	Arthropoda	Prionocera turcica	1	GCA_986885745.1	reference genome	idPriTurc2.hap1.1	Chromosome		549791280	no
1569171	Prionocyphon serricornis	Prionocyphon	Scirtidae	Coleoptera	Insecta	Arthropoda	Prionocyphon serricornis	2	GCA_965648515.1	reference genome	icPriSerr1.hap1.1	Chromosome		433108198	no
347445	Prionychus ater	Prionychus	Tenebrionidae	Coleoptera	Insecta	Arthropoda	Prionychus ater	1	GCA_965112505.1	reference genome	icPriAter1.hap1.1	Chromosome		385219027	no
753411	Prochoreutis myllerana	Prochoreutis	Choreutidae	Lepidoptera	Insecta	Arthropoda	Prochoreutis myllerana	1	GCA_976917945.1		ilProMyll1.hap1.1	Chromosome		367350859	no
2561637	Prochoreutis sehestediana	Prochoreutis	Choreutidae	Lepidoptera	Insecta	Arthropoda	Prochoreutis sehestediana	1	GCA_977065725.1	reference genome	ilProSehe1.hap1.1	Chromosome		290945556	no
1592913	Procloeon bifidum	Procloeon	Baetidae	Ephemeroptera	Insecta	Arthropoda	Procloeon bifidum	1	GCA_965282545.1	reference genome	ieProBifi2.1	Chromosome		200854231	no
1195456	Prolita sexpunctella	Prolita	Gelechiidae	Lepidoptera	Insecta	Arthropoda	Prolita sexpunctella	2	GCA_965605755.1	reference genome	ilProSexp2.hap1.1	Chromosome		465584589	no
662491	Promethes sulcator	Promethes	Ichneumonidae	Hymenoptera	Insecta	Arthropoda	Promethes sulcator	1	GCA_965283325.1	reference genome	iyProSulc1.1	Chromosome		278735923	no
1304790	Promethis valgipes	Promethis	Tenebrionidae	Coleoptera	Insecta	Arthropoda	Promethis valgipes	1	GCA_054205895.2	reference genome	ASM5420589v2	Chromosome		213685964	no
1968893	Propomacrus cypriacus	Propomacrus	Glaphyridae	Coleoptera	Insecta	Arthropoda	Propomacrus cypriacus	1	GCA_977019095.1	reference genome	icProCypr1.1	Chromosome		511276245	no
903466	Propsilocerus akamusi	Propsilocerus	Chironomidae	Diptera	Insecta	Arthropoda	Propsilocerus akamusi	1	GCA_018397935.1	reference genome	ASM1839793v1	Chromosome		85836937	no
158624	Propylea japonica	Propylea	Coccinellidae	Coleoptera	Insecta	Arthropoda	Propylea japonica	1	GCA_013421045.1	reference genome	ASM1342104v1	Chromosome		851227647	no
558720	Propylea quattuordecimpunctata	Propylea	Coccinellidae	Coleoptera	Insecta	Arthropoda	Propylea quattuordecimpunctata	1	GCA_976925235.1	reference genome	icProQuat1.1	Chromosome		579295235	no
1918294	Prosena siberita	Prosena	Tachinidae	Diptera	Insecta	Arthropoda	Prosena siberita	1	GCA_982551655.1	reference genome	idProSibe1.hap1.1	Chromosome		523700680	no
618466	Prosopocoilus inquinatus	Prosopocoilus	Lucanidae	Coleoptera	Insecta	Arthropoda	Prosopocoilus inquinatus	1	GCA_036172665.1	reference genome	ASM3617266v1	Chromosome		649728786	no
348688	Protaetia brevitarsis	Protaetia	Scarabaeidae	Coleoptera	Insecta	Arthropoda	Protaetia brevitarsis	1	GCA_051903415.1	reference genome	ASM5190341v1	Chromosome		676425616	no
2881344	Protandrena passiflorae	Protandrena	Andrenidae	Hymenoptera	Insecta	Arthropoda	Protandrena passiflorae	1	GCA_047729815.1	reference genome	iyAntPass1	Chromosome		249202357	no
2562035	Protarchanara brevilinea	Protarchanara	Noctuidae	Lepidoptera	Insecta	Arthropoda	Protarchanara brevilinea	1	GCA_977035895.1	reference genome	ilProBrev1.hap1.1	Chromosome		639107145	no
226133	Protocalliphora azurea	Protocalliphora	Calliphoridae	Diptera	Insecta	Arthropoda	Protocalliphora azurea	1	GCA_932274085.1	reference genome	idProAzur1.1	Chromosome		874236519	no
92607	Protoclythia modesta	Protoclythia	Platypezidae	Diptera	Insecta	Arthropoda	Protoclythia modesta	1	GCA_974939455.1	reference genome	idProMode1.hap1.1	Chromosome		653140396	no
708063	Protodeltote pygarga	Protodeltote	Noctuidae	Lepidoptera	Insecta	Arthropoda	Protodeltote pygarga	1	GCA_936450705.2	reference genome	ilProPyga1.2	Chromosome		421138003	no
2884235	Protonemura montana	Protonemura	Nemouridae	Plecoptera	Insecta	Arthropoda	Protonemura montana	1	GCA_947568835.1	reference genome	ipProMont4.1	Chromosome		258525094	no
34676	Protophormia terraenovae	Protophormia	Calliphoridae	Diptera	Insecta	Arthropoda	Protophormia terraenovae	1	GCA_951394005.1	reference genome	idProTerr1.1	Chromosome		783654081	no
1341294	Protoschinia scutosa	Protoschinia	Noctuidae	Lepidoptera	Insecta	Arthropoda	Protoschinia scutosa	1	GCA_986270085.1	reference genome	ilProScut1.hap1.1	Chromosome		389320236	no
1660720	Proutia betulina	Proutia	Psychidae	Lepidoptera	Insecta	Arthropoda	Proutia betulina	2	GCA_977071815.1	reference genome	ilProBetu1.hap1.1	Chromosome		952377213	no
1545233	Psallus varians	Psallus	Miridae	Hemiptera	Insecta	Arthropoda	Psallus varians	1	GCA_976981965.1	reference genome	ihPsaVara1.hap1.1	Chromosome		682311289	no
3232300	Pseudaplemonus limonii	Pseudaplemonus	Brentidae	Coleoptera	Insecta	Arthropoda	Pseudaplemonus limonii	2	GCA_987201495.1	reference genome	icPseLimo1-haplotype1	Chromosome		324112802	yes
3229209	Pseudenargia troodosi	Pseudenargia	Noctuidae	Lepidoptera	Insecta	Arthropoda	Pseudenargia troodosi	2	GCA_984574105.1	reference genome	ilPseTroo1.hap1.1	Chromosome		669677235	no
1586585	Pseudeuparius sepicola	Pseudeuparius	Anthribidae	Coleoptera	Insecta	Arthropoda	Pseudeuparius sepicola	1	GCA_963920635.1	reference genome	icEneSepi1.1	Chromosome		769058761	no
2561649	Pseudeustrotia candidula	Pseudeustrotia	Noctuidae	Lepidoptera	Insecta	Arthropoda	Pseudeustrotia candidula	2	GCA_977061945.1	reference genome	ilPseCand1.hap1.1	Chromosome		418431749	no
2666068	Pseudochorthippus parallelus	Pseudochorthippus	Acrididae	Orthoptera	Insecta	Arthropoda	Pseudochorthippus parallelus	1	GCA_982374695.1	reference genome	iqPsePara2.hap1.1	Chromosome		10169998730	no
295998	Pseudocistela ceramboides	Pseudocistela	Tenebrionidae	Coleoptera	Insecta	Arthropoda	Pseudocistela ceramboides	1	GCA_965601595.1	reference genome	icPseCera1.hap1.1	Chromosome		356593486	no
490930	Pseudococcus jackbeardsleyi	Pseudococcus	Pseudococcidae	Hemiptera	Insecta	Arthropoda	Pseudococcus jackbeardsleyi	1	GCA_038380155.1	reference genome	ASM3838015v1	Chromosome		334251981	no
1391525	Pseudococcyx turionella	Pseudococcyx	Tortricidae	Lepidoptera	Insecta	Arthropoda	Pseudococcyx turionella	1	GCA_987488675.1	reference genome	ilPseTuri1.hap1.1	Chromosome		777908204	no
1291231	Pseudodendrothrips mori	Pseudodendrothrips	Thripidae	Thysanoptera	Insecta	Arthropoda	Pseudodendrothrips mori	1	GCA_054486245.1	reference genome	HCNU_PSMO_1.1	Chromosome		280930787	no
2758353	Pseudoips prasinana	Pseudoips	Nolidae	Lepidoptera	Insecta	Arthropoda	Pseudoips prasinana	1	GCA_951640165.1	reference genome	ilPsePras1.1	Chromosome		1125677353	no
35572	Pseudolycoriella hygida	Pseudolycoriella	Sciaridae	Diptera	Insecta	Arthropoda	Pseudolycoriella hygida	1	GCA_029228625.1	reference genome	FCFRP_Bhyg_1.0	Chromosome		609270041	yes
1007708	Pseudopanthera macularia	Pseudopanthera	Geometridae	Lepidoptera	Insecta	Arthropoda	Pseudopanthera macularia	1	GCA_964260665.1	reference genome	ilPseMacu1.hap1.1	Chromosome		717874848	no
301169	Pseudophilotes baton	Pseudophilotes	Lycaenidae	Lepidoptera	Insecta	Arthropoda	Pseudophilotes baton	1	GCA_983538305.1	reference genome	ilPseBato1.hap1.1	Chromosome		555826397	no
39655	Pseudoregma bambucicola	Pseudoregma	Hormaphididae	Hemiptera	Insecta	Arthropoda	Pseudoregma bambucicola	1	GCA_041296405.1	reference genome	FAFU_Pbam_v1	Chromosome		582229618	no
1101040	Pseudosciaphila branderiana	Pseudosciaphila	Tortricidae	Lepidoptera	Insecta	Arthropoda	Pseudosciaphila branderiana	1	GCA_976240245.1	reference genome	ilPseBran1.hap1.1	Chromosome		522213561	no
1870704	Pseudoswammerdamia combinella	Pseudoswammerdamia	Yponomeutidae	Lepidoptera	Insecta	Arthropoda	Pseudoswammerdamia combinella	1	GCA_965234895.1	reference genome	ilPseComb1.1	Chromosome		604801400	no
1588108	Pseudotelphusa scalella	Pseudotelphusa	Gelechiidae	Lepidoptera	Insecta	Arthropoda	Pseudotelphusa scalella	1	GCA_965154575.1	reference genome	ilPseScal2.hap1.1	Chromosome		448820011	no
1007376	Pseudoterpna coronillaria	Pseudoterpna	Geometridae	Lepidoptera	Insecta	Arthropoda	Pseudoterpna coronillaria	1	GCA_965178385.1	reference genome	ilPseCoro2.hap1.1	Chromosome		356246108	no
997285	Pseudoterpna pruinata	Pseudoterpna	Geometridae	Lepidoptera	Insecta	Arthropoda	Pseudoterpna pruinata	1	GCA_986173155.1	reference genome	ilPsePrui1.hap1.1	Chromosome		351099299	no
3229210	Pseudoterpna rectistrigaria	Pseudoterpna	Geometridae	Lepidoptera	Insecta	Arthropoda	Pseudoterpna rectistrigaria	2	GCA_977071175.1	reference genome	ilPseRect3_hap1	Chromosome		348039656	no
2582731	Psilogaster loti	Psilogaster	Lasiocampidae	Lepidoptera	Insecta	Arthropoda	Psilogaster loti	1	GCA_982552385.1	reference genome	ilPsiLoti1.hap1.1	Chromosome		532000129	no
2882760	Psococerastis gibbosa	Psococerastis	Psocidae	Psocodea	Insecta	Arthropoda	Psococerastis gibbosa	1	GCA_963971405.1	reference genome	iuPsoGibb1.1	Chromosome		409205223	no
1280438	Psoricoptera speciosella	Psoricoptera	Gelechiidae	Lepidoptera	Insecta	Arthropoda	Psoricoptera speciosella	1	GCA_987198945.1	reference genome	ilPsoSpec1.hap1.1	Chromosome		552325717	no
687059	Psyche casta	Psyche	Psychidae	Lepidoptera	Insecta	Arthropoda	Psyche casta	1	GCA_976929525.1	reference genome	ilPsyCast1.hap1.1	Chromosome		756234078	no
753222	Psyche crassiorella	Psyche	Psychidae	Lepidoptera	Insecta	Arthropoda	Psyche crassiorella	2	GCA_977071885.1	reference genome	ilPsyCras1.hap1.1	Chromosome		876079177	no
1870269	Psychoides filicivora	Psychoides	Tineidae	Lepidoptera	Insecta	Arthropoda	Psychoides filicivora	2	GCA_973845075.1	reference genome	ilPsyFili1.hap1.1	Chromosome		483495060	no
3402493	Psylliodes chrysocephalus	Psylliodes	Chrysomelidae	Coleoptera	Insecta	Arthropoda	Psylliodes chrysocephalus	1	GCA_927349885.1	reference genome	PGI_PSYICH_v2	Chromosome		1181805965	yes
987030	Pterapherapteryx sexalata	Pterapherapteryx	Geometridae	Lepidoptera	Insecta	Arthropoda	Pterapherapteryx sexalata	1	GCA_964204945.1	reference genome	ilPteSexa1.hap1.1	Chromosome		289117120	no
32389	Pteromalus puparum	Pteromalus	Pteromalidae	Hymenoptera	Insecta	Arthropoda	Pteromalus puparum	1	GCA_012977825.3	reference genome	ZJU_Ppup_chr_2.0	Chromosome		338098178	no
270884	Pteronarcys californica	Pteronarcys	Pteronarcyidae	Plecoptera	Insecta	Arthropoda	Pteronarcys californica	1	GCA_043644785.1	reference genome	DNAZoo_ptero	Chromosome		2401909039	no
1572507	Pterophorus pentadactyla	Pterophorus	Pterophoridae	Lepidoptera	Insecta	Arthropoda	Pterophorus pentadactyla	2	GCA_988137225.1	reference genome	ilPtePent4.hap2.1	Chromosome		348221687	no
360359	Pterostichus diligens	Pterostichus	Carabidae	Coleoptera	Insecta	Arthropoda	Pterostichus diligens	1	GCA_976289695.1	reference genome	icPteDili1.hap1.1	Chromosome		572067426	no
767470	Pterostichus madidus	Pterostichus	Carabidae	Coleoptera	Insecta	Arthropoda	Pterostichus madidus	1	GCA_911728475.2	reference genome	icPteMadi1.2	Chromosome		705126243	no
106386	Pterostichus niger	Pterostichus	Carabidae	Coleoptera	Insecta	Arthropoda	Pterostichus niger	1	GCA_947425015.1	reference genome	icPteNige1.1	Chromosome		674081354	no
346837	Pterostichus nigrita	Pterostichus	Carabidae	Coleoptera	Insecta	Arthropoda	Pterostichus nigrita	1	GCA_986341775.1	reference genome	icPteNigr3.1	Chromosome		763316542	no
878440	Pterostichus vernalis	Pterostichus	Carabidae	Coleoptera	Insecta	Arthropoda	Pterostichus vernalis	1	GCA_965283465.1	reference genome	icPteVern2.1	Chromosome		972278124	no
987447	Pterostoma palpinum	Pterostoma	Notodontidae	Lepidoptera	Insecta	Arthropoda	Pterostoma palpinum	1	GCA_965198555.1	reference genome	ilPtePalp3.hap1.1	Chromosome		418674697	no
987449	Ptilodon capucinus	Ptilodon	Notodontidae	Lepidoptera	Insecta	Arthropoda	Ptilodon capucinus	1	GCA_914767695.1	reference genome	ilPtiCapc1.1	Chromosome		348696490	no
988028	Ptilodon cucullina	Ptilodon	Notodontidae	Lepidoptera	Insecta	Arthropoda	Ptilodon cucullina	1	GCA_964605925.1	reference genome	ilPtiCucu1.hap1.1	Chromosome		315328215	no
3350558	Ptiloglossa arizonensis	Ptiloglossa	Colletidae	Hymenoptera	Insecta	Arthropoda	Ptiloglossa arizonensis	2	GCF_051014685.1	reference genome	iyPtiAriz1_principal	Chromosome		998710894	yes
988179	Ptilophora plumigera	Ptilophora	Notodontidae	Lepidoptera	Insecta	Arthropoda	Ptilophora plumigera	1	GCA_964304645.1	reference genome	ilPtiPlum1.hap1.1	Chromosome		347814659	no
116133	Ptycholoma lecheana	Ptycholoma	Tortricidae	Lepidoptera	Insecta	Arthropoda	Ptycholoma lecheana	1	GCA_965641935.1	reference genome	ilPtyLech2.1	Chromosome		584130686	no
1902997	Ptychoptera albimana	Ptychoptera	Ptychopteridae	Diptera	Insecta	Arthropoda	Ptychoptera albimana	1	GCA_961205885.1	reference genome	idPtyAlbi3.1	Chromosome		197858972	no
1572538	Ptychoptera contaminata	Ptychoptera	Ptychopteridae	Diptera	Insecta	Arthropoda	Ptychoptera contaminata	1	GCA_963942525.1	reference genome	idPtyCont2.1	Chromosome		204075021	no
1903307	Ptychoptera lacustris	Ptychoptera	Ptychopteridae	Diptera	Insecta	Arthropoda	Ptychoptera lacustris	1	GCA_984573375.1	reference genome	idPtyLacu1.hap1.1	Chromosome		255920299	no
997280	Pungeleria capreolaria	Pungeleria	Geometridae	Lepidoptera	Insecta	Arthropoda	Pungeleria capreolaria	1	GCA_982340855.1	reference genome	ilPunCapr1.hap1.1	Chromosome		351095100	no
878397	Pycnomerus fuliginosus	Pycnomerus	Zopheridae	Coleoptera	Insecta	Arthropoda	Pycnomerus fuliginosus	1	GCA_963924575.1	reference genome	icPycFuli2.1	Chromosome		359220406	no
2562041	Pygaera timon	Pygaera	Notodontidae	Lepidoptera	Insecta	Arthropoda	Pygaera timon	1	GCA_977930435.1	reference genome	ilPygTimo1.hap1.1	Chromosome		363876680	no
722668	Pygmaena fusca	Pygmaena	Geometridae	Lepidoptera	Insecta	Arthropoda	Pygmaena fusca	1	GCA_977018865.1	reference genome	ilPygFusc1.hap1.1	Chromosome		377740382	no
2069294	Pygoluciola qingyu	Pygoluciola	Lampyridae	Coleoptera	Insecta	Arthropoda	Pygoluciola qingyu	1	GCA_057657635.1	reference genome	ASM5765763v1	Chromosome		908899931	no
683886	Pyla fusca	Pyla	Pyralidae	Lepidoptera	Insecta	Arthropoda	Pyla fusca	1	GCA_982340715.1	reference genome	ilPylFusc1.hap1.1	Chromosome		710555875	no
687122	Pyralis farinalis	Pyralis	Pyralidae	Lepidoptera	Insecta	Arthropoda	Pyralis farinalis	1	GCA_947507595.1	reference genome	ilPyrFari1.1	Chromosome		985727948	no
1101041	Pyralis regalis	Pyralis	Pyralidae	Lepidoptera	Insecta	Arthropoda	Pyralis regalis	1	GCA_965194485.1	reference genome	ilPyrRega1.hap1.1	Chromosome		1423638851	no
1594338	Pyrausta aurata	Pyrausta	Crambidae	Lepidoptera	Insecta	Arthropoda	Pyrausta aurata	1	GCA_963584085.1	reference genome	ilPyrAura1.1	Chromosome		420636430	no
1101043	Pyrausta cingulata	Pyrausta	Crambidae	Lepidoptera	Insecta	Arthropoda	Pyrausta cingulata	1	GCA_964340805.1	reference genome	ilPyrCing1.hap1.1	Chromosome		584790318	no
1281420	Pyrausta despicata	Pyrausta	Crambidae	Lepidoptera	Insecta	Arthropoda	Pyrausta despicata	1	GCA_963921415.1	reference genome	ilPyrDesp2.1	Chromosome		481827300	no
1660681	Pyrausta nigrata	Pyrausta	Crambidae	Lepidoptera	Insecta	Arthropoda	Pyrausta nigrata	1	GCA_949316185.1	reference genome	ilPyrNigr1.1	Chromosome		538865229	no
1101044	Pyrausta purpuralis	Pyrausta	Crambidae	Lepidoptera	Insecta	Arthropoda	Pyrausta purpuralis	1	GCA_963924145.1	reference genome	ilPyrPurp2.1	Chromosome		837235214	no
876067	Pyrgus alveus	Pyrgus	Hesperiidae	Lepidoptera	Insecta	Arthropoda	Pyrgus alveus	1	GCA_964263985.1	reference genome	ilPyrAlve1.hap1.1	Chromosome		735651849	no
876070	Pyrgus cacaliae	Pyrgus	Hesperiidae	Lepidoptera	Insecta	Arthropoda	Pyrgus cacaliae	1	GCA_964261425.1	reference genome	ilPyrCaca1.hap1.1	Chromosome		808814470	no
2505785	Pyrgus carlinae	Pyrgus	Hesperiidae	Lepidoptera	Insecta	Arthropoda	Pyrgus carlinae	1	GCA_964276835.1	reference genome	ilPyrCarl1.hap1.1	Chromosome		808073772	no
876071	Pyrgus carthami	Pyrgus	Hesperiidae	Lepidoptera	Insecta	Arthropoda	Pyrgus carthami	1	GCA_965111795.1	reference genome	ilPyrCart1.hap1.1	Chromosome		697446315	no
1666702	Pyrgus centaureae	Pyrgus	Hesperiidae	Lepidoptera	Insecta	Arthropoda	Pyrgus centaureae	1	GCA_964275275.1	reference genome	ilPyrCent2.hap1.1	Chromosome		758982825	no
218760	Pyrgus malvae	Pyrgus	Hesperiidae	Lepidoptera	Insecta	Arthropoda	Pyrgus malvae	1	GCA_911387765.1	reference genome	ilPyrMalv3.1	Chromosome		724634141	no
1107715	Pyrgus malvoides	Pyrgus	Hesperiidae	Lepidoptera	Insecta	Arthropoda	Pyrgus malvoides	1	GCA_964264845.1	reference genome	ilPyrMalo1.hap1.1	Chromosome		746708644	no
1107716	Pyrgus onopordi	Pyrgus	Hesperiidae	Lepidoptera	Insecta	Arthropoda	Pyrgus onopordi	1	GCA_965433945.1	reference genome	ilPyrOnop1.hap1.1	Chromosome		756473807	no
1107717	Pyrgus serratulae	Pyrgus	Hesperiidae	Lepidoptera	Insecta	Arthropoda	Pyrgus serratulae	2	GCA_964416965.1	reference genome	ilPyrSerr1.hap1.1	Chromosome		718436513	no
876072	Pyrgus sidae	Pyrgus	Hesperiidae	Lepidoptera	Insecta	Arthropoda	Pyrgus sidae	1	GCA_964340865.1	reference genome	ilPyrSida1.hap1.1	Chromosome		694145494	no
346838	Pyrochroa serraticornis	Pyrochroa	Pyrochroidae	Coleoptera	Insecta	Arthropoda	Pyrochroa serraticornis	1	GCA_905333025.2	reference genome	icPyrSerr1.2	Chromosome		249396633	no
417401	Pyrocoelia pectoralis	Pyrocoelia	Lampyridae	Coleoptera	Insecta	Arthropoda	Pyrocoelia pectoralis	1	GCA_036250285.1	reference genome	FXH_PpeL_2.0	Chromosome		532084166	yes
1939724	Pyroderces argyrogrammos	Pyroderces	Cosmopterigidae	Lepidoptera	Insecta	Arthropoda	Pyroderces argyrogrammos	1	GCA_982935525.1	reference genome	ilPyrArgy1.hap1.1	Chromosome		509454898	no
301041	Pyropteron chrysidiforme	Pyropteron	Sesiidae	Lepidoptera	Insecta	Arthropoda	Pyropteron chrysidiforme	2	GCA_982500485.1	reference genome	ilPyrChrs1.hap2.1	Chromosome		551559736	no
161255	Pyrrhalta viburni	Pyrrhalta	Chrysomelidae	Coleoptera	Insecta	Arthropoda	Pyrrhalta viburni	1	GCA_987212595.1	reference genome	icPyrVibu2.hap1.1	Chromosome		666339427	no
753223	Pyrrhia umbra	Pyrrhia	Noctuidae	Lepidoptera	Insecta	Arthropoda	Pyrrhia umbra	1	GCA_963891755.1	reference genome	ilPyrUmbr1.1	Chromosome		433580075	no
37000	Pyrrhocoris apterus	Pyrrhocoris	Pyrrhocoridae	Hemiptera	Insecta	Arthropoda	Pyrrhocoris apterus	1	GCA_039877355.1	reference genome	ASM3987735v1	Chromosome		1120152408	no
197171	Pyrrhosoma nymphula	Pyrrhosoma	Coenagrionidae	Odonata	Insecta	Arthropoda	Pyrrhosoma nymphula	1	GCA_963573305.1	reference genome	ioPyrNymp1.1	Chromosome		2117226934	no
425690	Quadrastichus erythrinae	Quadrastichus	Eulophidae	Hymenoptera	Insecta	Arthropoda	Quadrastichus erythrinae	1	GCA_056548185.1	reference genome	iyQuaEryt1 USDA-ARS-TPGMBRU female primary	Chromosome		399200614	yes
878401	Quedius lateralis	Quedius	Staphylinidae	Coleoptera	Insecta	Arthropoda	Quedius lateralis	1	GCA_964338995.1	reference genome	icQueLate1.hap1.1	Chromosome		753013635	no
3237728	Radziella styx	Radziella	Leiodidae	Coleoptera	Insecta	Arthropoda	Radziella styx	1	GCA_979475445.1	reference genome	icRadStyx9.Hap1.1	Chromosome		340010154	no
1918167	Ramonda spathulata	Ramonda	Tachinidae	Diptera	Insecta	Arthropoda	Ramonda spathulata	1	GCA_982551545.1	reference genome	idRamSpat2.1	Chromosome		708997980	no
642074	Ranatra chinensis	Ranatra	Nepidae	Hemiptera	Insecta	Arthropoda	Ranatra chinensis	1	GCA_040954505.1	reference genome	ASM4095450v1	Chromosome		777970226	yes
3119807	Recoropha canteneri	Recoropha	Noctuidae	Lepidoptera	Insecta	Arthropoda	Recoropha canteneri	1	GCA_982383835.1	reference genome	ilRecCant1.hap1.1	Chromosome		614408807	no
572888	Recurvaria nanella	Recurvaria	Gelechiidae	Lepidoptera	Insecta	Arthropoda	Recurvaria nanella	1	GCA_988143755.1	reference genome	ilRecNane1.hap1.1	Chromosome		658675925	no
112480	Reticulitermes flaviceps	Reticulitermes	Rhinotermitidae	Blattodea	Insecta	Arthropoda	Reticulitermes flaviceps	1	GCA_060665475.1	reference genome	ASM6066547v1	Chromosome		1034475635	no
1725476	Rhadiurgus variabilis	Rhadiurgus	Asilidae	Diptera	Insecta	Arthropoda	Rhadiurgus variabilis	2	GCA_982551635.1	reference genome	idRhaVari1.hap1.1	Chromosome		377099609	no
287213	Rhagades pruni	Rhagades	Zygaenidae	Lepidoptera	Insecta	Arthropoda	Rhagades pruni	1	GCA_964270825.1	reference genome	ilRhaPrun1.hap1.1	Chromosome		1080420402	no
1822558	Rhagio lineola	Rhagio	Rhagionidae	Diptera	Insecta	Arthropoda	Rhagio lineola	1	GCA_964211845.1	reference genome	idRhaLine2.1	Chromosome		1654958868	no
2484562	Rhagio scolopaceus	Rhagio	Rhagionidae	Diptera	Insecta	Arthropoda	Rhagio scolopaceus	1	GCA_982936545.1	reference genome	idRhaScol3.1	Chromosome		1269187764	no
1720744	Rhagio tringarius	Rhagio	Rhagionidae	Diptera	Insecta	Arthropoda	Rhagio tringarius	1	GCA_987204655.1	reference genome	idRhaTrin1.hap1.1	Chromosome		1720887516	no
933255	Rhagium inquisitor	Rhagium	Cerambycidae	Coleoptera	Insecta	Arthropoda	Rhagium inquisitor	1	GCA_987309045.1	reference genome	icRhaInqu1.hap1.1	Chromosome		594368611	no
295679	Rhagium mordax	Rhagium	Cerambycidae	Coleoptera	Insecta	Arthropoda	Rhagium mordax	1	GCA_963680705.1	reference genome	icRhaMord1.1	Chromosome		775637577	no
41101	Rhagonycha fulva	Rhagonycha	Cantharidae	Coleoptera	Insecta	Arthropoda	Rhagonycha fulva	1	GCA_905340355.1	reference genome	icRhaFulv1.1	Chromosome		424661649	no
195289	Rhagonycha lignosa	Rhagonycha	Cantharidae	Coleoptera	Insecta	Arthropoda	Rhagonycha lignosa	1	GCA_965212295.1	reference genome	icRhaLign2.1	Chromosome		554743110	no
1553715	Rhagonycha lutea	Rhagonycha	Cantharidae	Coleoptera	Insecta	Arthropoda	Rhagonycha lutea	1	GCA_958510855.1	reference genome	icRhaLute1.1	Chromosome		479837225	no
2867109	Rhamphomyia laevipes	Rhamphomyia	Empididae	Diptera	Insecta	Arthropoda	Rhamphomyia laevipes	1	GCA_963920725.1	reference genome	idRhaLaev1.1	Chromosome		394510686	no
1403681	Rhamphomyia sulcata	Rhamphomyia	Empididae	Diptera	Insecta	Arthropoda	Rhamphomyia sulcata	1	GCA_979606595.1	reference genome	idRhaSulc1.hap1.1	Chromosome		366978362	no
51622	Rhaphigaster nebulosa	Rhaphigaster	Pentatomidae	Hemiptera	Insecta	Arthropoda	Rhaphigaster nebulosa	1	GCA_948150685.1	reference genome	ihRhaNebu1.1	Chromosome		1155797846	no
934890	Rheumaptera cervinalis	Rheumaptera	Geometridae	Lepidoptera	Insecta	Arthropoda	Rheumaptera cervinalis	1	GCA_977072125.1	reference genome	ilRheCerv1.hap1.1	Chromosome		495610852	no
691601	Rheumaptera hastata	Rheumaptera	Geometridae	Lepidoptera	Insecta	Arthropoda	Rheumaptera hastata	1	GCA_964273775.1	reference genome	ilRheHast1.hap1.1	Chromosome		589773945	no
572890	Rheumaptera undulata	Rheumaptera	Geometridae	Lepidoptera	Insecta	Arthropoda	Rheumaptera undulata	1	GCA_964235345.1	reference genome	ilRheUndu1.hap1.1	Chromosome		676495510	no
2922074	Rhimphoctona megacephalus	Rhimphoctona	Ichneumonidae	Hymenoptera	Insecta	Arthropoda	Rhimphoctona megacephalus	1	GCA_963989365.1	reference genome	iyRhiMega2.1	Chromosome		405998920	no
226161	Rhingia campestris	Rhingia	Syrphidae	Diptera	Insecta	Arthropoda	Rhingia campestris	1	GCA_932526625.1	reference genome	idRhiCamp1.1	Chromosome		719858466	no
2721518	Rhingia rostrata	Rhingia	Syrphidae	Diptera	Insecta	Arthropoda	Rhingia rostrata	1	GCA_949824845.1	reference genome	idRhiRost1.1	Chromosome		650059847	no
988156	Rhizedra lutosa	Rhizedra	Noctuidae	Lepidoptera	Insecta	Arthropoda	Rhizedra lutosa	1	GCA_964504975.1		ilRhiLuto1.hap1.1	Chromosome		651152838	no
1971888	Rhizotrogus aestivus	Rhizotrogus	Scarabaeidae	Coleoptera	Insecta	Arthropoda	Rhizotrogus aestivus	1	GCA_965643555.1	reference genome	icRhiAest1.hap1.1	Chromosome		2078264748	no
305969	Rhodometra sacraria	Rhodometra	Geometridae	Lepidoptera	Insecta	Arthropoda	Rhodometra sacraria	1	GCA_964632735.1	reference genome	ilRhoSacr1.hap1.1	Chromosome		248119555	no
1870710	Rhodophaea formosa	Rhodophaea	Pyralidae	Lepidoptera	Insecta	Arthropoda	Rhodophaea formosa	1	GCA_963082605.1	reference genome	ilRhoForm1.1	Chromosome		616270941	no
1385029	Rhogogaster chlorosoma	Rhogogaster	Tenthredinidae	Hymenoptera	Insecta	Arthropoda	Rhogogaster chlorosoma	1	GCA_944452935.1	reference genome	iyRhoChlo1.1	Chromosome		255271170	no
3402857	Rhopalopsole sp. 1 ALL-2025a	Rhopalopsole	Leuctridae	Plecoptera	Insecta	Arthropoda	Rhopalopsole sp. 1 ALL-2025a	1	GCA_052426335.1		ASM5242633v1	Chromosome		347118714	no
43146	Rhopalosiphum maidis	Rhopalosiphum	Aphididae	Hemiptera	Insecta	Arthropoda	Rhopalosiphum maidis	2	GCF_003676215.2	reference genome	ASM367621v3	Chromosome		326023155	yes
253253	Rhopalosiphum nymphaeae	Rhopalosiphum	Aphididae	Hemiptera	Insecta	Arthropoda	Rhopalosiphum nymphaeae	1	GCA_057225065.1		ASM5722506v1	Chromosome		330147719	no
40932	Rhopalosiphum padi	Rhopalosiphum	Aphididae	Hemiptera	Insecta	Arthropoda	Rhopalosiphum padi	2	GCF_020882245.1	reference genome	ASM2088224v1	Chromosome		338184925	yes
2495209	Rhopalum coarctatum	Rhopalum	Crabronidae	Hymenoptera	Insecta	Arthropoda	Rhopalum coarctatum	1	GCA_981110415.1	reference genome	iyRhoCoar1.1	Chromosome		281855425	no
1660683	Rhopobota myrtillana	Rhopobota	Tortricidae	Lepidoptera	Insecta	Arthropoda	Rhopobota myrtillana	1	GCA_976289995.1	reference genome	ilRhoMyrt1.hap1.1	Chromosome		659901842	no
572892	Rhopobota naevana	Rhopobota	Tortricidae	Lepidoptera	Insecta	Arthropoda	Rhopobota naevana	1	GCA_965641425.1	reference genome	ilRhoNaev1.1	Chromosome		581795983	no
1594340	Rhopobota stagnana	Rhopobota	Tortricidae	Lepidoptera	Insecta	Arthropoda	Rhopobota stagnana	1	GCA_986708605.1	reference genome	ilRhoStag3.hap1.1	Chromosome		611784477	no
1101045	Rhopobota ustomaculana	Rhopobota	Tortricidae	Lepidoptera	Insecta	Arthropoda	Rhopobota ustomaculana	2	GCA_964656135.1	reference genome	ilRhoUsto1.hap2.1	Chromosome		666918009	no
2922075	Rhorus exstirpatorius	Rhorus	Ichneumonidae	Hymenoptera	Insecta	Arthropoda	Rhorus exstirpatorius	1	GCA_963564615.1	reference genome	iyRhoExst1.1	Chromosome		420274689	no
1101046	Rhyacionia buoliana	Rhyacionia	Tortricidae	Lepidoptera	Insecta	Arthropoda	Rhyacionia buoliana	1	GCA_983140435.1	reference genome	ilRhyBuol1.hap1.1	Chromosome		447672590	no
1858067	Rhyacionia logaea	Rhyacionia	Tortricidae	Lepidoptera	Insecta	Arthropoda	Rhyacionia logaea	1	GCA_966184475.1	reference genome	ilRhyLoga1.1	Chromosome		601618007	no
1101047	Rhyacionia pinicolana	Rhyacionia	Tortricidae	Lepidoptera	Insecta	Arthropoda	Rhyacionia pinicolana	1	GCA_964374345.1	reference genome	ilRhyPini1.hap1.1	Chromosome		740389360	no
1101048	Rhyacionia pinivorana	Rhyacionia	Tortricidae	Lepidoptera	Insecta	Arthropoda	Rhyacionia pinivorana	2	GCA_965637205.1	reference genome	ilRhyPinv1.hap1.1	Chromosome		645297750	no
177636	Rhyacophila brunnea	Rhyacophila	Rhyacophilidae	Trichoptera	Insecta	Arthropoda	Rhyacophila brunnea	1	GCA_057557595.2	reference genome	BYU_Rbru_1.0	Chromosome		1298448661	no
488301	Rhynocoris fuscipes	Rhynocoris	Reduviidae	Hemiptera	Insecta	Arthropoda	Rhynocoris fuscipes	1	GCA_040020575.1	reference genome	Rfu_1.0	Chromosome		621561295	yes
144453	Rhyssella approximator	Rhyssella	Ichneumonidae	Hymenoptera	Insecta	Arthropoda	Rhyssella approximator	1	GCA_988143435.1	reference genome	iyRhyAppr1.hap1.1	Chromosome		355948443	no
2849648	Rhyzobius forestieri	Rhyzobius	Coccinellidae	Coleoptera	Insecta	Arthropoda	Rhyzobius forestieri	1	GCA_966185095.1	reference genome	icRhyFore2.1	Chromosome		753453418	no
92692	Rhyzopertha dominica	Rhyzopertha	Bostrichidae	Coleoptera	Insecta	Arthropoda	Rhyzopertha dominica	2	GCA_055878605.1	reference genome	ASM5587860v1	Chromosome		497286500	no
1889767	Ribautiana ulmi	Ribautiana	Cicadellidae	Hemiptera	Insecta	Arthropoda	Ribautiana ulmi	1	GCA_964468525.1	reference genome	ihRibUlmi2.1	Chromosome		1631340464	no
329032	Riptortus pedestris	Riptortus	Alydidae	Hemiptera	Insecta	Arthropoda	Riptortus pedestris	1	GCA_019009955.1	reference genome	ASM1900995v1	Chromosome		1079517510	no
494379	Roeseliana roeselii	Roeseliana	Tettigoniidae	Orthoptera	Insecta	Arthropoda	Roeseliana roeselii	1	GCA_982193155.1	reference genome	iqMetRoes3.1	Chromosome		6619107449	no
753225	Roeslerstammia erxlebella	Roeslerstammia	Roeslerstammiidae	Lepidoptera	Insecta	Arthropoda	Roeslerstammia erxlebella	1	GCA_965637105.1	reference genome	ilRoeErxl2.hap1.1	Chromosome		750739187	no
878968	Rutpela maculata	Rutpela	Cerambycidae	Coleoptera	Insecta	Arthropoda	Rutpela maculata	1	GCA_936432065.2	reference genome	icLepMacu1.2	Chromosome		2021562588	no
1601829	Rymosia fasciata	Rymosia	Mycetophilidae	Diptera	Insecta	Arthropoda	Rymosia fasciata	1	GCA_980885375.1	reference genome	idRymFasc1.hap1.1	Chromosome		232028827	no
53552	Sabethes cyaneus	Sabethes	Culicidae	Diptera	Insecta	Arthropoda	Sabethes cyaneus	2	GCF_943734655.1	reference genome	idSabCyanKW18_F2	Chromosome		676043992	yes
721158	Sabra harpagula	Sabra	Drepanidae	Lepidoptera	Insecta	Arthropoda	Sabra harpagula	1	GCA_964059465.1	reference genome	ilSabHarp2.1	Chromosome		377239391	no
871471	Saccharosydne procerus	Saccharosydne	Delphacidae	Hemiptera	Insecta	Arthropoda	Saccharosydne procerus	1	GCA_048001795.1	reference genome	ASM4800179v1	Chromosome		743037321	no
577144	Salpingus planirostris	Salpingus	Salpingidae	Coleoptera	Insecta	Arthropoda	Salpingus planirostris	1	GCA_949788335.1	reference genome	icSalPlan1.1	Chromosome		127525111	no
3045898	Sambus kanssuensis	Sambus	Buprestidae	Coleoptera	Insecta	Arthropoda	Sambus kanssuensis	1	GCA_047651835.1	reference genome	ASM4765183v1	Chromosome		312030416	no
63990	Samia ricini	Samia	Saturniidae	Lepidoptera	Insecta	Arthropoda	Samia ricini	3	GCA_056957075.1	reference genome	Sr_genome_NBRP_v4.0	Complete Genome		455376058	no
1507361	Sapyga quinquepunctata	Sapyga	Sapygidae	Hymenoptera	Insecta	Arthropoda	Sapyga quinquepunctata	1	GCA_988276825.1	reference genome	iySapQuin1.hap1.1	Chromosome		371852313	no
3127332	Saragossa porosa	Saragossa	Noctuidae	Lepidoptera	Insecta	Arthropoda	Saragossa porosa	1	GCA_965194605.1	reference genome	ilSarPoro1.hap1.1	Chromosome		537856083	no
596942	Sarcophaga caerulescens	Sarcophaga	Sarcophagidae	Diptera	Insecta	Arthropoda	Sarcophaga caerulescens	1	GCA_927399465.1	reference genome	idSarCaer1.1	Chromosome		597302449	no
226135	Sarcophaga carnaria	Sarcophaga	Sarcophagidae	Diptera	Insecta	Arthropoda	Sarcophaga carnaria	1	GCA_958299815.1	reference genome	idSarCarn1.1	Chromosome		744122384	no
7386	Sarcophaga peregrina	Sarcophaga	Sarcophagidae	Diptera	Insecta	Arthropoda	Sarcophaga peregrina	1	GCA_014635995.1	reference genome	ASM1463599v1	Chromosome		560735179	no
411872	Sarcophaga princeps	Sarcophaga	Sarcophagidae	Diptera	Insecta	Arthropoda	Sarcophaga princeps	1	GCA_049996135.1	reference genome	ASM4999613v1	Chromosome		628555410	no
1206372	Sarcophaga rosellei	Sarcophaga	Sarcophagidae	Diptera	Insecta	Arthropoda	Sarcophaga rosellei	1	GCA_930367235.1	reference genome	idSarRose1.1	Chromosome		541374458	no
1806677	Sarcophaga subulata	Sarcophaga	Sarcophagidae	Diptera	Insecta	Arthropoda	Sarcophaga subulata	1	GCA_982319395.1	reference genome	idSarSubu2.1	Chromosome		550332876	no
236850	Sarcophaga subvicina	Sarcophaga	Sarcophagidae	Diptera	Insecta	Arthropoda	Sarcophaga subvicina	1	GCA_936449025.2	reference genome	idSarSubv1.2	Chromosome		714197594	no
1162344	Sarcophaga vagans	Sarcophaga	Sarcophagidae	Diptera	Insecta	Arthropoda	Sarcophaga vagans	1	GCA_982191715.1	reference genome	idSarVaga1.hap1.1	Chromosome		701716677	no
236851	Sarcophaga variegata	Sarcophaga	Sarcophagidae	Diptera	Insecta	Arthropoda	Sarcophaga variegata	1	GCA_932273835.1	reference genome	idSarVari1.1	Chromosome		718455953	no
931498	Sargus bipunctatus	Sargus	Stratiomyidae	Diptera	Insecta	Arthropoda	Sargus bipunctatus	1	GCA_978965805.1	reference genome	idSarBipu1.hap1.1	Chromosome		1336873846	no
37778	Saturnia japonica	Saturnia	Saturniidae	Lepidoptera	Insecta	Arthropoda	Saturnia japonica	1	GCA_033032175.1	reference genome	GZU_Cjap_1.1	Chromosome		581824184	no
332931	Saturnia pavonia	Saturnia	Saturniidae	Lepidoptera	Insecta	Arthropoda	Saturnia pavonia	1	GCA_947532125.1	reference genome	ilSatPavo1.1	Chromosome		489883575	no
876074	Satyrium ilicis	Satyrium	Lycaenidae	Lepidoptera	Insecta	Arthropoda	Satyrium ilicis	1	GCA_965178345.1	reference genome	ilSatIlic2.hap1.1	Chromosome		1237410279	no
876075	Satyrium pruni	Satyrium	Lycaenidae	Lepidoptera	Insecta	Arthropoda	Satyrium pruni	1	GCA_964274205.1	reference genome	ilSatPrun1.hap1.1	Chromosome		869864387	no
876076	Satyrium spini	Satyrium	Lycaenidae	Lepidoptera	Insecta	Arthropoda	Satyrium spini	1	GCA_988265035.1	reference genome	ilSatSpin1.hap1.1	Chromosome		1601953888	no
111940	Satyrus actaea	Satyrus	Nymphalidae	Lepidoptera	Insecta	Arthropoda	Satyrus actaea	1	GCA_965194555.1	reference genome	ilSatActa1.hap1.1	Chromosome		522303238	no
111941	Satyrus ferula	Satyrus	Nymphalidae	Lepidoptera	Insecta	Arthropoda	Satyrus ferula	1	GCA_964290905.1	reference genome	ilSatFeru1.hap1.1	Chromosome		537287694	no
2578226	Scada zemira	Scada	Nymphalidae	Lepidoptera	Insecta	Arthropoda	Scada zemira	2	GCA_964345855.1	reference genome	ilScaZibi1.hap2.1	Chromosome		386155589	no
219539	Scaeva pyrastri	Scaeva	Syrphidae	Diptera	Insecta	Arthropoda	Scaeva pyrastri	1	GCA_905146935.1	reference genome	idScaPyra1.1	Chromosome		320029822	no
290405	Scaeva selenitica	Scaeva	Syrphidae	Diptera	Insecta	Arthropoda	Scaeva selenitica	1	GCA_978123145.1	reference genome	idScaSele1.hap1.1	Chromosome		497268625	no
1667556	Scambus brevicornis	Scambus	Ichneumonidae	Hymenoptera	Insecta	Arthropoda	Scambus brevicornis	1	GCA_985198565.1	reference genome	iyScaBrev2.hap1.1	Chromosome		397891905	no
295644	Scaphidium quadrimaculatum	Scaphidium	Staphylinidae	Coleoptera	Insecta	Arthropoda	Scaphidium quadrimaculatum	1	GCA_965282785.1	reference genome	icScaQuad2.1	Chromosome		1268463376	no
7300	Scaptomyza pallida	Scaptomyza	Drosophilidae	Diptera	Insecta	Arthropoda	Scaptomyza pallida	1	GCA_984657895.1	reference genome	idScaPall3.1	Chromosome		213078770	no
753226	Scardia boletella	Scardia	Tineidae	Lepidoptera	Insecta	Arthropoda	Scardia boletella	1	GCA_977019625.1	reference genome	ilScaBole1.1	Chromosome		404642325	no
3349997	Scarites abbreviatus	Scarites	Carabidae	Coleoptera	Insecta	Arthropoda	Scarites abbreviatus	2	GCA_982297035.1	reference genome	icScaAbbr5-hap2.1	Chromosome		888527465	no
102987	Scathophaga furcata	Scathophaga	Scathophagidae	Diptera	Insecta	Arthropoda	Scathophaga furcata	1	GCA_982185225.1	reference genome	idScaFurc2.1	Chromosome		768114433	no
102989	Scathophaga inquinata	Scathophaga	Scathophagidae	Diptera	Insecta	Arthropoda	Scathophaga inquinata	1	GCA_974392395.1	reference genome	idScaInqu1.hap1.1	Chromosome		663606239	no
102990	Scathophaga litorea	Scathophaga	Scathophagidae	Diptera	Insecta	Arthropoda	Scathophaga litorea	1	GCA_982586995.1	reference genome	idScaLito3.hap1.1	Chromosome		401170165	no
95463	Scathophaga stercoraria	Scathophaga	Scathophagidae	Diptera	Insecta	Arthropoda	Scathophaga stercoraria	2	GCA_982473215.1	reference genome	idScaSter1.hap1.1	Chromosome		543482247	no
2998547	Scellus notatus	Scellus	Dolichopodidae	Diptera	Insecta	Arthropoda	Scellus notatus	1	GCA_964204855.1	reference genome	idSceNota2.1	Chromosome		446826208	no
2969622	Scenopinus jerei	Scenopinus	Scenopinidae	Diptera	Insecta	Arthropoda	Scenopinus jerei	1	GCA_965641765.1	reference genome	idSceJere3.hap1.1	Chromosome		345247686	no
1858068	Schiffermuelleria schaefferella	Schiffermuelleria	Oecophoridae	Lepidoptera	Insecta	Arthropoda	Schiffermuelleria schaefferella	1	GCA_977872415.1	reference genome	ilSchScha1.hap1.1	Chromosome		409319569	no
7009	Schistocerca americana	Schistocerca	Acrididae	Orthoptera	Insecta	Arthropoda	Schistocerca americana	2	GCF_021461395.2	reference genome	iqSchAmer2.1	Chromosome		8990354198	yes
274614	Schistocerca cancellata	Schistocerca	Acrididae	Orthoptera	Insecta	Arthropoda	Schistocerca cancellata	2	GCF_023864275.1	reference genome	iqSchCanc2.1	Chromosome		8536877781	yes
7010	Schistocerca gregaria	Schistocerca	Acrididae	Orthoptera	Insecta	Arthropoda	Schistocerca gregaria	2	GCF_023897955.1	reference genome	iqSchGreg1.2	Chromosome		8742418402	yes
7011	Schistocerca nitens	Schistocerca	Acrididae	Orthoptera	Insecta	Arthropoda	Schistocerca nitens	2	GCF_023898315.1	reference genome	iqSchNite1.1	Chromosome		8822555691	yes
274613	Schistocerca piceifrons	Schistocerca	Acrididae	Orthoptera	Insecta	Arthropoda	Schistocerca piceifrons	2	GCF_021461385.2	reference genome	iqSchPice1.1	Chromosome		8742443784	yes
2023354	Schistocerca serialis	Schistocerca	Acrididae	Orthoptera	Insecta	Arthropoda	Schistocerca serialis cubense	2	GCF_023864345.2	reference genome	iqSchSeri2.2	Chromosome		9082806520	yes
13262	Schizaphis graminum	Schizaphis	Aphididae	Hemiptera	Insecta	Arthropoda	Schizaphis graminum	3	GCA_053477495.1	reference genome	ASM5347749v1	Chromosome		380296782	no
2844906	Schizodactylus jimo	Schizodactylus	Schizodactylidae	Orthoptera	Insecta	Arthropoda	Schizodactylus jimo	2	GCA_053542775.1	reference genome	ASM5354277v1	Chromosome		1333210861	no
495577	Schizopyga frigida	Schizopyga	Ichneumonidae	Hymenoptera	Insecta	Arthropoda	Schizopyga frigida	1	GCA_975143675.1	reference genome	iySchFrig1.hap1.1	Chromosome		404460388	no
351686	Schizotus pectinicornis	Schizotus	Pyrochroidae	Coleoptera	Insecta	Arthropoda	Schizotus pectinicornis	1	GCA_951805265.1	reference genome	icSchPect1.1	Chromosome		181118289	no
38111	Schlechtendalia chinensis	Schlechtendalia	Aphididae	Hemiptera	Insecta	Arthropoda	Schlechtendalia chinensis	1	GCA_019022885.1	reference genome	Schi1.0	Chromosome		280427550	no
753421	Schoenobius gigantellus	Schoenobius	Crambidae	Lepidoptera	Insecta	Arthropoda	Schoenobius gigantellus	2	GCA_963935595.1	reference genome	ilSchGiga1.1	Chromosome		1030853876	no
411963	Schrankia costaestrigalis	Schrankia	Erebidae	Lepidoptera	Insecta	Arthropoda	Schrankia costaestrigalis	1	GCA_905475405.1	reference genome	ilSchCost1.1	Chromosome		571975913	no
687129	Schreckensteinia festaliella	Schreckensteinia	Schreckensteiniidae	Lepidoptera	Insecta	Arthropoda	Schreckensteinia festaliella	1	GCA_976919265.1	reference genome	ilSchFest1.hap1.1	Chromosome		571589176	no
377571	Sciapus platypterus	Sciapus	Dolichopodidae	Diptera	Insecta	Arthropoda	Sciapus platypterus	1	GCA_964204755.1	reference genome	idSciPlat2.1	Chromosome		1000090144	no
709459	Sciara hemerobioides	Sciara	Sciaridae	Diptera	Insecta	Arthropoda	Sciara hemerobioides	2	GCA_987216985.1	reference genome	idSciHeme3.hap1.1	Chromosome		615860763	no
1870294	Sciota fumella	Sciota	Pyralidae	Lepidoptera	Insecta	Arthropoda	Sciota fumella	1	GCA_976344595.1	reference genome	ilSciFume1.hap1.1	Chromosome		648877331	no
2561711	Sciota lucipetella	Sciota	Pyralidae	Lepidoptera	Insecta	Arthropoda	Sciota lucipetella	1	GCA_987106695.1	reference genome	ilSciLuci1.hap1.1	Chromosome		583070800	no
72366	Scirpophaga incertulas	Scirpophaga	Crambidae	Lepidoptera	Insecta	Arthropoda	Scirpophaga incertulas	1	GCA_036419045.1	reference genome	ASM3641904v1	Chromosome		695309238	no
3042140	Sclerodermus sp. 'alternatusi'	Sclerodermus	Bethylidae	Hymenoptera	Insecta	Arthropoda	Sclerodermus sp. 'alternatusi'	1	GCA_037305995.1		ZJU_Salt_1.0	Chromosome		162309288	no
301177	Scolitantides orion	Scolitantides	Lycaenidae	Lepidoptera	Insecta	Arthropoda	Scolitantides orion	1	GCA_964345685.1	reference genome	ilScoOrio1.hap1.1	Chromosome		525318924	no
1594341	Scoparia ambigualis	Scoparia	Crambidae	Lepidoptera	Insecta	Arthropoda	Scoparia ambigualis	1	GCA_963921215.1	reference genome	ilScoAmbi1.1	Chromosome		1040830401	no
1594342	Scoparia ancipitella	Scoparia	Crambidae	Lepidoptera	Insecta	Arthropoda	Scoparia ancipitella	1	GCA_976988825.1	reference genome	ilScoAnci1.hap1.1	Chromosome		970030293	no
1101050	Scoparia basistrigalis	Scoparia	Crambidae	Lepidoptera	Insecta	Arthropoda	Scoparia basistrigalis	1	GCA_986606705.1	reference genome	ilScoBasi3.1	Chromosome		1083988308	no
1594343	Scoparia pyralella	Scoparia	Crambidae	Lepidoptera	Insecta	Arthropoda	Scoparia pyralella	1	GCA_965234025.1	reference genome	ilScoPyra3.1	Chromosome		946904500	no
934891	Scopula floslactata	Scopula	Geometridae	Lepidoptera	Insecta	Arthropoda	Scopula floslactata	1	GCA_986172585.1	reference genome	ilScoFlos1.hap1.1	Chromosome		726001286	no
104444	Scopula immorata	Scopula	Geometridae	Lepidoptera	Insecta	Arthropoda	Scopula immorata	2	GCA_987274335.1	reference genome	ilScoImmo2.hap1.1	Chromosome		541743232	no
987004	Scopula immutata	Scopula	Geometridae	Lepidoptera	Insecta	Arthropoda	Scopula immutata	2	GCA_982935495.1	reference genome	ilScoImmu1.hap2.1	Chromosome		661225635	no
934892	Scopula nigropunctata	Scopula	Geometridae	Lepidoptera	Insecta	Arthropoda	Scopula nigropunctata	1	GCA_984574235.1	reference genome	ilScoNigr2.hap1.1	Chromosome		459142186	no
104445	Scopula ornata	Scopula	Geometridae	Lepidoptera	Insecta	Arthropoda	Scopula ornata	1	GCA_977930455.1	reference genome	ilScoOrna1.hap1.1	Chromosome		485026300	no
190361	Scopula rubiginata	Scopula	Geometridae	Lepidoptera	Insecta	Arthropoda	Scopula rubiginata	1	GCA_976984745.1	reference genome	ilScoRubi1.hap1.1	Chromosome		314697563	no
987007	Scopula ternata	Scopula	Geometridae	Lepidoptera	Insecta	Arthropoda	Scopula ternata	2	GCA_987226915.1	reference genome	ilScoTern1.hap1.1	Chromosome		785698242	no
987009	Scotopteryx bipunctaria	Scotopteryx	Geometridae	Lepidoptera	Insecta	Arthropoda	Scotopteryx bipunctaria	1	GCA_949320045.1	reference genome	ilScoBipu1.1	Chromosome		326449338	no
326962	Scotopteryx chenopodiata	Scotopteryx	Geometridae	Lepidoptera	Insecta	Arthropoda	Scotopteryx chenopodiata	1	GCA_964291035.1	reference genome	ilScoChen1.1	Chromosome		337856556	no
1858070	Scrobipalpa costella	Scrobipalpa	Gelechiidae	Lepidoptera	Insecta	Arthropoda	Scrobipalpa costella	1	GCA_949820665.1	reference genome	ilScrCost1.1	Chromosome		603170002	no
2561724	Scrobipalpa ocellatella	Scrobipalpa	Gelechiidae	Lepidoptera	Insecta	Arthropoda	Scrobipalpa ocellatella	1	GCA_965112585.1	reference genome	ilScrOcel1.hap1.1	Chromosome		968697622	no
2561728	Scrobipalpa stangei	Scrobipalpa	Gelechiidae	Lepidoptera	Insecta	Arthropoda	Scrobipalpa stangei	1	GCA_982499275.1		ilScrStan1.hap1.1	Chromosome		568377818	no
1073593	Scythris empetrella	Scythris	Scythrididae	Lepidoptera	Insecta	Arthropoda	Scythris empetrella	1	GCA_964340755.1	reference genome	ilScyEmpe1.hap1.1	Chromosome		553358549	no
1073594	Scythris inspersella	Scythris	Scythrididae	Lepidoptera	Insecta	Arthropoda	Scythris inspersella	2	GCA_988222095.1	reference genome	ilScyInsp1.hap1.1	Chromosome		331667813	no
1870330	Scythris picaepennis	Scythris	Scythrididae	Lepidoptera	Insecta	Arthropoda	Scythris picaepennis	1	GCA_984577555.1	reference genome	ilScyPica7.hap1.1	Chromosome		508884231	no
2561743	Scythris potentillella	Scythris	Scythrididae	Lepidoptera	Insecta	Arthropoda	Scythris potentillella	1	GCA_977017565.1	reference genome	ilScyPote1.hap1.1	Chromosome		767808654	no
2561744	Scythris productella	Scythris	Scythrididae	Lepidoptera	Insecta	Arthropoda	Scythris productella	1	GCA_977018445.1	reference genome	ilScyProd1.hap1.1	Chromosome		1422906462	no
753227	Scythropia crataegella	Scythropia	Scythropiidae	Lepidoptera	Insecta	Arthropoda	Scythropia crataegella	1	GCA_981319805.1	reference genome	ilScyCrat1.1	Chromosome		605760889	no
115100	Seladonia tumulorum	Seladonia	Halictidae	Hymenoptera	Insecta	Arthropoda	Seladonia tumulorum	1	GCA_913789895.3	reference genome	iySelTumu1.3	Chromosome		404423755	no
410286	Selandria serva	Selandria	Tenthredinidae	Hymenoptera	Insecta	Arthropoda	Selandria serva	1	GCA_965654355.1	reference genome	iySelServ2.1	Chromosome		201040667	no
934894	Selenia dentaria	Selenia	Geometridae	Lepidoptera	Insecta	Arthropoda	Selenia dentaria	1	GCA_917880725.1	reference genome	ilSelDent1.1	Chromosome		1030756840	no
934895	Selenia tetralunaria	Selenia	Geometridae	Lepidoptera	Insecta	Arthropoda	Selenia tetralunaria	1	GCA_984574215.1	reference genome	ilSelTetr1.hap1.1	Chromosome		1008237350	no
3229213	Selidosema tamsi	Selidosema	Geometridae	Lepidoptera	Insecta	Arthropoda	Selidosema tamsi	1	GCA_984574165.1	reference genome	ilSelTams1.hap1.1	Chromosome		429251244	no
796293	Semiaphis heraclei	Semiaphis	Aphididae	Hemiptera	Insecta	Arthropoda	Semiaphis heraclei	2	GCA_046119115.1	reference genome	ASM4611911v1	Chromosome		432989862	yes
1660688	Semioscopis strigulana	Semioscopis	Depressariidae	Lepidoptera	Insecta	Arthropoda	Semioscopis strigulana	1	GCA_988225335.1	reference genome	ilSemStri1.hap1.1	Chromosome		925375620	no
2021494	Senotainia conica	Senotainia	Tachinidae	Diptera	Insecta	Arthropoda	Senotainia conica	1	GCA_976984625.1	reference genome	idSenConi1.hap1.1	Chromosome		659971067	no
1858102	Senta flammea	Senta	Noctuidae	Lepidoptera	Insecta	Arthropoda	Senta flammea	2	GCA_984885405.1	reference genome	ilSenFlam1.hap1.1	Chromosome		708487471	no
1226606	Sepedon sphegea	Sepedon	Sciomyzidae	Diptera	Insecta	Arthropoda	Sepedon sphegea	1	GCA_988143715.1	reference genome	idSepSphe2.1	Chromosome		747789306	no
544596	Serangium japonicum	Serangium	Coccinellidae	Coleoptera	Insecta	Arthropoda	Serangium japonicum	1	GCA_040543525.2	reference genome	ASM4054352v2	Chromosome		433734680	no
465155	Serica brunnea	Serica	Scarabaeidae	Coleoptera	Insecta	Arthropoda	Serica brunnea	1	GCA_973946265.1	reference genome	icSerBrun1.hap1.1	Chromosome		1695554116	no
1676147	Sericomyia silentis	Sericomyia	Syrphidae	Diptera	Insecta	Arthropoda	Sericomyia silentis	1	GCA_964264485.1	reference genome	idSerSile2.1	Chromosome		759389911	no
1077841	Serratella ignita	Serratella	Ephemerellidae	Ephemeroptera	Insecta	Arthropoda	Serratella ignita	1	GCA_984799165.1	reference genome	ieSerIgni4.1	Chromosome		521456585	no
938210	Serrodes campana	Serrodes	Erebidae	Lepidoptera	Insecta	Arthropoda	Serrodes campana	1	GCA_056321635.1	reference genome	Serrodes_campana_v1.0	Chromosome		627555633	no
618631	Serrognathus titanus	Serrognathus	Lucanidae	Coleoptera	Insecta	Arthropoda	Serrognathus titanus	1	GCA_039766575.1	reference genome	ASM3976657v1	Chromosome		384085663	no
492764	Sesamia inferens	Sesamia	Noctuidae	Lepidoptera	Insecta	Arthropoda	Sesamia inferens	2	GCA_037179545.1	reference genome	ASM3717954v1	Chromosome		963664144	no
236805	Sesamia nonagrioides	Sesamia	Noctuidae	Lepidoptera	Insecta	Arthropoda	Sesamia nonagrioides	1	GCA_982303575.1	reference genome	ilSesNona1.hap1.1	Chromosome		1089339254	no
748215	Sesia apiformis	Sesia	Sesiidae	Lepidoptera	Insecta	Arthropoda	Sesia apiformis	1	GCA_914767545.1	reference genome	ilSesApif2.1	Chromosome		546793346	no
287197	Sesia bembeciformis	Sesia	Sesiidae	Lepidoptera	Insecta	Arthropoda	Sesia bembeciformis	1	GCA_943735995.1	reference genome	ilSesBemb1.1	Chromosome		477135390	no
1660689	Setina aurita	Setina	Erebidae	Lepidoptera	Insecta	Arthropoda	Setina aurita	1	GCA_964277105.1	reference genome	ilSetAuri1.hap1.1	Chromosome		1256124332	no
987466	Shargacucullia lychnitis	Shargacucullia	Noctuidae	Lepidoptera	Insecta	Arthropoda	Shargacucullia lychnitis	1	GCA_987195795.1	reference genome	ilShaLych1.hap1.1	Chromosome		409118076	no
987467	Shargacucullia prenanthis	Shargacucullia	Noctuidae	Lepidoptera	Insecta	Arthropoda	Shargacucullia prenanthis	1	GCA_964277625.1	reference genome	ilShaPren1.hap1.1	Chromosome		403861616	no
987468	Shargacucullia scrophulariae	Shargacucullia	Noctuidae	Lepidoptera	Insecta	Arthropoda	Shargacucullia scrophulariae	1	GCA_964273835.1	reference genome	ilShaScro1.hap1.1	Chromosome		419052016	no
987469	Shargacucullia verbasci	Shargacucullia	Noctuidae	Lepidoptera	Insecta	Arthropoda	Shargacucullia verbasci	1	GCA_947562105.1	reference genome	ilShaVerb5.1	Chromosome		422724404	no
1230162	Sialis fuliginosa	Sialis	Sialidae	Megaloptera	Insecta	Arthropoda	Sialis fuliginosa	1	GCA_961205875.1	reference genome	ikSiaFuli1.1	Chromosome		392112177	no
279420	Sialis lutaria	Sialis	Sialidae	Megaloptera	Insecta	Arthropoda	Sialis lutaria	1	GCA_949319165.1	reference genome	ikSiaLuta1.1	Chromosome		461961375	no
1219204	Sicus ferrugineus	Sicus	Conopidae	Diptera	Insecta	Arthropoda	Sicus ferrugineus	1	GCA_922984085.2	reference genome	idSicFerr1.5	Chromosome		333967318	no
997543	Sideridis reticulatus	Sideridis	Noctuidae	Lepidoptera	Insecta	Arthropoda	Sideridis reticulatus	1	GCA_977072245.1	reference genome	ilSidRetc1.hap1.1	Chromosome		601312704	no
2725526	Silba fumosa	Silba	Lonchaeidae	Diptera	Insecta	Arthropoda	Silba fumosa	1	GCA_977019835.1	reference genome	idSilFumo1.hap1.1	Chromosome		761207144	no
295940	Silvanus unidentatus	Silvanus	Silvanidae	Coleoptera	Insecta	Arthropoda	Silvanus unidentatus	1	GCA_963930825.1	reference genome	icSilUnid1.1	Chromosome		187153472	no
2997259	Simacauda dicommatias	Simacauda	Incurvariidae	Lepidoptera	Insecta	Arthropoda	Simacauda dicommatias	1	GCA_977928735.1	reference genome	ilSimDico1.hap1.1	Chromosome		432335756	no
190364	Siona lineata	Siona	Geometridae	Lepidoptera	Insecta	Arthropoda	Siona lineata	1	GCA_964270865.1	reference genome	ilSioLine1.hap1.1	Chromosome		390000229	no
248243	Siphlonurus alternatus	Siphlonurus	Siphlonuridae	Ephemeroptera	Insecta	Arthropoda	Siphlonurus alternatus	1	GCA_949825025.1	reference genome	ieSipAlte2.1	Chromosome		455841872	no
166372	Sisyphus schaefferi	Sisyphus	Scarabaeidae	Coleoptera	Insecta	Arthropoda	Sisyphus schaefferi	1	GCA_977862225.1	reference genome	icSisScha5.1	Chromosome		398363795	no
279440	Sisyra nigra	Sisyra	Sisyridae	Neuroptera	Insecta	Arthropoda	Sisyra nigra	1	GCA_958496155.1	reference genome	inSisNigr1.1	Chromosome		372592344	no
1560625	Sisyra terminalis	Sisyra	Sisyridae	Neuroptera	Insecta	Arthropoda	Sisyra terminalis	1	GCA_958496175.1	reference genome	inSisTerm1.1	Chromosome		376631321	no
44664	Sitobion avenae	Sitobion	Aphididae	Hemiptera	Insecta	Arthropoda	Sitobion avenae	1	GCA_053477475.1	reference genome	ASM5347747v1	Chromosome		421653251	no
44665	Sitobion fragariae	Sitobion	Aphididae	Hemiptera	Insecta	Arthropoda	Sitobion fragariae	1	GCA_985198345.1	reference genome	ihSitFrag1.hap1.1	Chromosome		438104772	no
44668	Sitobion miscanthi	Sitobion	Aphididae	Hemiptera	Insecta	Arthropoda	Sitobion miscanthi	1	GCA_008086715.1	reference genome	ASM808671v1	Chromosome		397852643	no
1720755	Sitochroa palealis	Sitochroa	Crambidae	Lepidoptera	Insecta	Arthropoda	Sitochroa palealis	1	GCA_980434415.1	reference genome	ilSitPale2.hap1.1	Chromosome		477872967	no
1344720	Sitochroa verticalis	Sitochroa	Crambidae	Lepidoptera	Insecta	Arthropoda	Sitochroa verticalis	1	GCA_059714335.1	reference genome	ASM5971433v1	Chromosome		434061530	yes
263140	Sitodiplosis mosellana	Sitodiplosis	Cecidomyiidae	Diptera	Insecta	Arthropoda	Sitodiplosis mosellana	1	GCA_021018905.1		ASM2101890v1	Chromosome		180693642	no
878985	Sitona cylindricollis	Sitona	Curculionidae	Coleoptera	Insecta	Arthropoda	Sitona cylindricollis	1	GCA_986694485.1	reference genome	icSitCyli2.hap1.1	Chromosome		1126135914	no
202195	Sitona lineatus	Sitona	Curculionidae	Coleoptera	Insecta	Arthropoda	Sitona lineatus	1	GCA_964263205.1	reference genome	icSitLine7.1	Chromosome		835399322	no
1541163	Sitona obsoletus	Sitona	Curculionidae	Coleoptera	Insecta	Arthropoda	Sitona obsoletus	1	GCA_986173685.1	reference genome	icSitObso1.hap1.1	Chromosome		1289607398	no
7047	Sitophilus zeamais	Sitophilus	Curculionidae	Coleoptera	Insecta	Arthropoda	Sitophilus zeamais	1	GCA_047936755.1	reference genome	ASM4793675v1	Chromosome		693212965	no
347735	Sitotroga cerealella	Sitotroga	Gelechiidae	Lepidoptera	Insecta	Arthropoda	Sitotroga cerealella	1	GCA_058130075.1	reference genome	ASM5813007v1	Chromosome		325990210	no
2878228	Slavum lentiscoides	Slavum	Aphididae	Hemiptera	Insecta	Arthropoda	Slavum lentiscoides	1	GCA_032441835.1	reference genome	ASM3244183v1	Chromosome		336272330	no
3112358	Smerinthus ocellatus	Smerinthus	Sphingidae	Lepidoptera	Insecta	Arthropoda	Smerinthus ocellatus	3	GCA_965644355.1	reference genome	ilSmeOcel2.hap1.1	Chromosome		503034658	no
611654	Smittia aterrima	Smittia	Chironomidae	Diptera	Insecta	Arthropoda	Smittia aterrima	1	GCA_033063855.1	reference genome	ASM3306385v1	Chromosome		78453853	no
2925353	Smittia sp. YW1114-2	Smittia	Chironomidae	Diptera	Insecta	Arthropoda	Smittia sp. YW1114-2	1	GCA_033064975.1		ASM3306497v1	Chromosome		71558805	no
113103	Sogatella furcifera	Sogatella	Delphacidae	Hemiptera	Insecta	Arthropoda	Sogatella furcifera	3	GCA_017141385.1	reference genome	ASM1714138v1	Chromosome		563775791	no
13686	Solenopsis invicta	Solenopsis	Formicidae	Hymenoptera	Insecta	Arthropoda	Solenopsis invicta	7	GCF_016802725.1	reference genome	UNIL_Sinv_3.0	Chromosome		378101515	yes
638529	Somatochlora arctica	Somatochlora	Corduliidae	Odonata	Insecta	Arthropoda	Somatochlora arctica	1	GCA_978407325.1	reference genome	ioSomArct2.hap1.1	Chromosome		2516213843	no
1235830	Somatochlora meridionalis	Somatochlora	Corduliidae	Odonata	Insecta	Arthropoda	Somatochlora meridionalis	1	GCA_974644565.1	reference genome	ioSomMeri1.1	Chromosome		2424634035	no
1863080	Sonronius dahlbomi	Sonronius	Cicadellidae	Hemiptera	Insecta	Arthropoda	Sonronius dahlbomi	1	GCA_988137135.1	reference genome	ihSonDahl1.hap1.1	Chromosome		1713036033	no
1902203	Sophonia orientalis	Sophonia	Cicadellidae	Hemiptera	Insecta	Arthropoda	Sophonia orientalis	2	GCA_977928935.1	reference genome	ihSopOrie1.hap2.1	Chromosome		1448531171	no
1280471	Sophronia semicostella	Sophronia	Gelechiidae	Lepidoptera	Insecta	Arthropoda	Sophronia semicostella	1	GCA_984589615.1	reference genome	ilSopSemi1.hap1.1	Chromosome		444504307	no
2882845	Spania nigra	Spania	Rhagionidae	Diptera	Insecta	Arthropoda	Spania nigra	2	GCA_982474415.1	reference genome	idSpaNigr1.hap1.1	Chromosome		239732415	no
685382	Spargania luctuata	Spargania	Geometridae	Lepidoptera	Insecta	Arthropoda	Spargania luctuata	1	GCA_986270115.1	reference genome	ilSpaLuct1.hap1.1	Chromosome		332396089	no
1197239	Sparganothis praecana	Sparganothis	Tortricidae	Lepidoptera	Insecta	Arthropoda	Sparganothis praecana	1	GCA_974939595.1	reference genome	ilSpaPrae1.hap1.1	Chromosome		590779772	no
753229	Sparganothis rubicundana	Sparganothis	Tortricidae	Lepidoptera	Insecta	Arthropoda	Sparganothis rubicundana	1	GCA_977016765.1	reference genome	ilSpaRubi1.hap1.1	Chromosome		843560313	no
1101155	Spatalia argentina	Spatalia	Notodontidae	Lepidoptera	Insecta	Arthropoda	Spatalia argentina	1	GCA_965194795.1	reference genome	ilSpaArge1.hap1.1	Chromosome		324976279	no
758722	Spatalistis bifasciana	Spatalistis	Tortricidae	Lepidoptera	Insecta	Arthropoda	Spatalistis bifasciana	1	GCA_974392515.1	reference genome	ilSpaBifa1.hap1.1	Chromosome		587099145	no
3086108	Spelaeobates novaki	Spelaeobates	Leiodidae	Coleoptera	Insecta	Arthropoda	Spelaeobates novaki	1	GCA_982345495.1	reference genome	icSpeNova8.1	Chromosome		247701476	no
986950	Speranza artesiaria	Speranza	Geometridae	Lepidoptera	Insecta	Arthropoda	Speranza artesiaria	1	GCA_984806775.1		ilSpeArte1.hap1.1	Chromosome		403348462	no
290649	Sphaeridium bipustulatum	Sphaeridium	Hydrophilidae	Coleoptera	Insecta	Arthropoda	Sphaeridium bipustulatum	1	GCA_977013595.1	reference genome	icSphBipu4.1	Chromosome		261739046	no
428710	Sphaeroderma testaceum	Sphaeroderma	Chrysomelidae	Coleoptera	Insecta	Arthropoda	Sphaeroderma testaceum	1	GCA_971796245.1	reference genome	icSphTest1.hap1.1	Chromosome		1521298535	no
414861	Sphaerophoria rueppellii	Sphaerophoria	Syrphidae	Diptera	Insecta	Arthropoda	Sphaerophoria rueppellii	2	GCA_982345105.1	reference genome	idSphRuep1.hap1.1	Chromosome		566037386	no
226180	Sphaerophoria scripta	Sphaerophoria	Syrphidae	Diptera	Insecta	Arthropoda	Sphaerophoria scripta	1	GCA_988241195.1	reference genome	idSphScri2.hap1.1	Chromosome		600348362	no
2735243	Sphaerophoria taeniata	Sphaerophoria	Syrphidae	Diptera	Insecta	Arthropoda	Sphaerophoria taeniata	1	GCA_943590905.1	reference genome	idSphTaen1.1	Chromosome		609254214	no
1126395	Sphecodes crassus	Sphecodes	Halictidae	Hymenoptera	Insecta	Arthropoda	Sphecodes crassus	1	GCA_983180585.1	reference genome	iySphCras2.hap1.1	Chromosome		766492533	no
1126396	Sphecodes ephippius	Sphecodes	Halictidae	Hymenoptera	Insecta	Arthropoda	Sphecodes ephippius	1	GCA_965231285.1	reference genome	iySphEphi1.1	Chromosome		568741411	no
1299666	Sphecodes longulus	Sphecodes	Halictidae	Hymenoptera	Insecta	Arthropoda	Sphecodes longulus	1	GCA_984589465.1	reference genome	iySphLong1.hap1.1	Chromosome		571056993	no
1190790	Sphecodes monilicornis	Sphecodes	Halictidae	Hymenoptera	Insecta	Arthropoda	Sphecodes monilicornis	1	GCA_913789915.3	reference genome	iySphMoni1.3	Chromosome		496571470	no
1126398	Sphecodes pellucidus	Sphecodes	Halictidae	Hymenoptera	Insecta	Arthropoda	Sphecodes pellucidus	1	GCA_987568005.1	reference genome	iySphPell1.hap1.1	Chromosome		715231362	no
1126399	Sphecodes puncticeps	Sphecodes	Halictidae	Hymenoptera	Insecta	Arthropoda	Sphecodes puncticeps	1	GCA_987106565.1	reference genome	iySphPunc1.hap1.1	Chromosome		769418859	no
1299761	Sphecodes scabricollis	Sphecodes	Halictidae	Hymenoptera	Insecta	Arthropoda	Sphecodes scabricollis	1	GCA_986175475.1	reference genome	iySphScab1.1	Chromosome		629567951	no
3109951	Sphecodoptera sheni	Sphecodoptera	Sesiidae	Lepidoptera	Insecta	Arthropoda	Sphecodoptera sheni	1	GCA_062004741.1	reference genome	KNU_Sshe_1.0	Chromosome		558385965	no
594017	Sphenella marginata	Sphenella	Tephritidae	Diptera	Insecta	Arthropoda	Sphenella marginata	1	GCA_951509765.1	reference genome	idSphMarg1.1	Chromosome		595235565	no
499837	Sphingonotus rubescens	Sphingonotus	Acrididae	Orthoptera	Insecta	Arthropoda	Sphingonotus rubescens	2	GCA_977011865.1	reference genome	iqSphRube1.1	Chromosome		9028210420	no
470732	Sphinx ligustri	Sphinx	Sphingidae	Lepidoptera	Insecta	Arthropoda	Sphinx ligustri	1	GCA_978020635.1	reference genome	ilSphLigu1.hap1.1	Chromosome		426281172	no
1088225	Sphinx maurorum	Sphinx	Sphingidae	Lepidoptera	Insecta	Arthropoda	Sphinx maurorum	1	GCA_982383855.1	reference genome	ilSphMaur1.hap1.1	Chromosome		481063486	no
987436	Sphinx pinastri	Sphinx	Sphingidae	Lepidoptera	Insecta	Arthropoda	Sphinx pinastri	1	GCA_947568825.1	reference genome	ilSphPina1.1	Chromosome		509223309	no
876077	Spialia orbifer	Spialia	Hesperiidae	Lepidoptera	Insecta	Arthropoda	Spialia orbifer	2	GCA_965433205.1	reference genome	ilSpiOrbi1.hap1.1	Chromosome		404151299	no
1873866	Spialia rosae	Spialia	Hesperiidae	Lepidoptera	Insecta	Arthropoda	Spialia rosae	1	GCA_964288835.1	reference genome	ilSpiRosa1.hap1.1	Chromosome		384947974	no
509483	Spialia sertorius	Spialia	Hesperiidae	Lepidoptera	Insecta	Arthropoda	Spialia sertorius	1	GCA_964258965.1	reference genome	ilSpiSert1.hap1.1	Chromosome		364568162	no
3056719	Spicauda simplicius	Spicauda	Hesperiidae	Lepidoptera	Insecta	Arthropoda	Spicauda simplicius	1	GCA_949699795.1	reference genome	ilUrbSimp4.1	Chromosome		610055363	no
875881	Spilarctia lutea	Spilarctia	Erebidae	Lepidoptera	Insecta	Arthropoda	Spilarctia lutea	1	GCA_916048165.1	reference genome	ilSpiLutu1.1	Chromosome		584771933	no
875880	Spilosoma lubricipeda	Spilosoma	Erebidae	Lepidoptera	Insecta	Arthropoda	Spilosoma lubricipeda	1	GCA_905220595.1	reference genome	ilSpiLubr1.1	Chromosome		587346829	no
988039	Spilosoma urticae	Spilosoma	Erebidae	Lepidoptera	Insecta	Arthropoda	Spilosoma urticae	1	GCA_964188045.1	reference genome	ilSpiUrti1.hap1.1	Chromosome		567063690	no
997288	Spiris striata	Spiris	Erebidae	Lepidoptera	Insecta	Arthropoda	Spiris striata	1	GCA_984574175.1	reference genome	ilSpiStri1.hap1.1	Chromosome		863360638	no
880113	Spodoptera cilium	Spodoptera	Noctuidae	Lepidoptera	Insecta	Arthropoda	Spodoptera cilium	1	GCA_983139435.1	reference genome	ilSpoCili1.hap1.1	Chromosome		460951131	no
7107	Spodoptera exigua	Spodoptera	Noctuidae	Lepidoptera	Insecta	Arthropoda	Spodoptera exigua	4	GCA_902829305.4	reference genome	PGI_SPEXI_v6	Chromosome		450885128	yes
7108	Spodoptera frugiperda	Spodoptera	Noctuidae	Lepidoptera	Insecta	Arthropoda	Spodoptera frugiperda	4	GCF_023101765.2	reference genome	AGI-APGP_CSIRO_Sfru_2.0	Chromosome		383907753	yes
7109	Spodoptera littoralis	Spodoptera	Noctuidae	Lepidoptera	Insecta	Arthropoda	Spodoptera littoralis	1	GCA_902850265.1	reference genome	PGI_Spodlit_v1	Chromosome		435647201	yes
69820	Spodoptera litura	Spodoptera	Noctuidae	Lepidoptera	Insecta	Arthropoda	Spodoptera litura	2	GCF_002706865.3	reference genome	ASM270686v4	Chromosome		429390615	yes
1141038	Spoladea recurvalis	Spoladea	Crambidae	Lepidoptera	Insecta	Arthropoda	Spoladea recurvalis	1	GCA_983029255.1	reference genome	ilSpoRecu1.hap1.1	Chromosome		400977113	no
1449018	Spuleria flavicaput	Spuleria	Elachistidae	Lepidoptera	Insecta	Arthropoda	Spuleria flavicaput	1	GCA_988221735.1	reference genome	ilSpuFlav1.hap1.1	Chromosome		380446391	no
988158	Standfussiana lucernea	Standfussiana	Noctuidae	Lepidoptera	Insecta	Arthropoda	Standfussiana lucernea	1	GCA_964057025.1	reference genome	ilStaLuce1.hap1.1	Chromosome		553508831	no
1553746	Staphylinus erythropterus	Staphylinus	Staphylinidae	Coleoptera	Insecta	Arthropoda	Staphylinus erythropterus	1	GCA_964211955.1	reference genome	icStaEryt1.hap1.1	Chromosome		1412478977	no
753230	Stathmopoda pedella	Stathmopoda	Oecophoridae	Lepidoptera	Insecta	Arthropoda	Stathmopoda pedella	2	GCA_965279785.1	reference genome	ilStaPede1.hap2.1	Chromosome		727799255	no
3132762	Stegania dilectaria	Stegania	Geometridae	Lepidoptera	Insecta	Arthropoda	Stegania dilectaria	1	GCA_982935545.1	reference genome	ilSteDile1.hap1.1	Chromosome		758803533	no
987012	Stegania trimaculata	Stegania	Geometridae	Lepidoptera	Insecta	Arthropoda	Stegania trimaculata	1	GCA_984807575.1	reference genome	ilSteTrim1.hap1.1	Chromosome		732483075	no
2249760	Stelis phaeoptera	Stelis	Megachilidae	Hymenoptera	Insecta	Arthropoda	Stelis phaeoptera	1	GCA_943735885.1	reference genome	iyStePhae1.1	Chromosome		301062759	no
1101157	Stemmatophora brunnealis	Stemmatophora	Pyralidae	Lepidoptera	Insecta	Arthropoda	Stemmatophora brunnealis	1	GCA_982446695.1	reference genome	ilSteBrue1.hap1.1	Chromosome		774400641	no
195298	Stenagostus rhombeus	Stenagostus	Elateridae	Coleoptera	Insecta	Arthropoda	Stenagostus rhombeus	1	GCA_984070995.1		icSteRhom1.hap1.1	Chromosome		538516634	no
1100830	Stenchaetothrips biformis	Stenchaetothrips	Thripidae	Thysanoptera	Insecta	Arthropoda	Stenchaetothrips biformis	1	GCA_030522485.1	reference genome	ASM3052248v1	Chromosome		338861303	no
452760	Stenepteryx hirundinis	Stenepteryx	Hippoboscidae	Diptera	Insecta	Arthropoda	Stenepteryx hirundinis	1	GCA_982235815.1	reference genome	idSteHiru2.hap1.1	Chromosome		161286004	no
274346	Stenichneumon culpator	Stenichneumon	Ichneumonidae	Hymenoptera	Insecta	Arthropoda	Stenichneumon culpator	1	GCA_964017025.1	reference genome	iySteCulp1.1	Chromosome		284623394	no
1342239	Stenocarus ruficornis	Stenocarus	Curculionidae	Coleoptera	Insecta	Arthropoda	Stenocarus ruficornis	1	GCA_977017535.1	reference genome	icSteRufc1.hap1.1	Chromosome		607129716	no
863834	Stenodema calcarata	Stenodema	Miridae	Hemiptera	Insecta	Arthropoda	Stenodema calcarata	1	GCA_963920205.1	reference genome	ihSteCalc1.1	Chromosome		575352090	no
2882880	Stenodema holsatum	Stenodema	Miridae	Hemiptera	Insecta	Arthropoda	Stenodema holsatum	1	GCA_977066485.1	reference genome	ihSteHols2.1	Chromosome		889278141	no
1560148	Stenopsyche angustata	Stenopsyche	Stenopsychidae	Trichoptera	Insecta	Arthropoda	Stenopsyche angustata	1	GCA_051167455.1	reference genome	ASM5116745v1	Chromosome		510452369	no
1660692	Stenoptilia bipunctidactyla	Stenoptilia	Pterophoridae	Lepidoptera	Insecta	Arthropoda	Stenoptilia bipunctidactyla	1	GCA_944452665.1	reference genome	ilSteBipu1.1	Chromosome		822879636	no
1241341	Stenoptilia islandicus	Stenoptilia	Pterophoridae	Lepidoptera	Insecta	Arthropoda	Stenoptilia islandicus	1	GCA_976521965.1	reference genome	ilSteIsla1.hap1.1	Chromosome		1009863862	no
1594347	Stenoptilia pterodactyla	Stenoptilia	Pterophoridae	Lepidoptera	Insecta	Arthropoda	Stenoptilia pterodactyla	2	GCA_988222015.1	reference genome	ilStePter3.hap1.1	Chromosome		979274154	no
753425	Stenoptilia veronicae	Stenoptilia	Pterophoridae	Lepidoptera	Insecta	Arthropoda	Stenoptilia veronicae	1	GCA_977014765.1	reference genome	ilSteVero1.hap1.1	Chromosome		953230330	no
3229215	Stenosis austini	Stenosis	Tenebrionidae	Coleoptera	Insecta	Arthropoda	Stenosis austini	1	GCA_976980505.1	reference genome	icSteAust9.1	Chromosome		238605715	no
877990	Stenurella melanura	Stenurella	Cerambycidae	Coleoptera	Insecta	Arthropoda	Stenurella melanura	1	GCA_963583905.1	reference genome	icSteMela1.1	Chromosome		1616892143	no
1202164	Stenus bimaculatus	Stenus	Staphylinidae	Coleoptera	Insecta	Arthropoda	Stenus bimaculatus	1	GCA_963971135.1	reference genome	icSteBima1.1	Chromosome		450584990	no
1202177	Stenus solutus	Stenus	Staphylinidae	Coleoptera	Insecta	Arthropoda	Stenus solutus	1	GCA_984799065.1	reference genome	icSteSolu1.1	Chromosome		512211342	no
879004	Stictoleptura scutellata	Stictoleptura	Cerambycidae	Coleoptera	Insecta	Arthropoda	Stictoleptura scutellata	1	GCA_964212005.1	reference genome	icStiScut1.hap1.1	Chromosome		1471092725	no
1437094	Stictopleurus punctatonervosus	Stictopleurus	Rhopalidae	Hemiptera	Insecta	Arthropoda	Stictopleurus punctatonervosus	1	GCA_988205575.1	reference genome	ihStiPunc2.1	Chromosome		2659697282	no
2979192	Stilbops ruficornis	Stilbops	Ichneumonidae	Hymenoptera	Insecta	Arthropoda	Stilbops ruficornis	1	GCA_965151575.1	reference genome	iyStiRufi2.1	Chromosome		334229720	no
1606781	Stomorhina lunata	Stomorhina	Rhiniidae	Diptera	Insecta	Arthropoda	Stomorhina lunata	1	GCA_933228675.1	reference genome	idStoLuna1.1	Chromosome		728083889	no
35570	Stomoxys calcitrans	Stomoxys	Muscidae	Diptera	Insecta	Arthropoda	Stomoxys calcitrans	2	GCF_963082655.1	reference genome	idStoCalc2.1	Chromosome		1070934565	yes
1465182	Stragania apicalis	Stragania	Cicadellidae	Hemiptera	Insecta	Arthropoda	Stragania apicalis	2	GCA_976988775.1	reference genome	ihStrApic1.hap1.1	Chromosome		1369591748	no
511597	Stratiomys singularior	Stratiomys	Stratiomyidae	Diptera	Insecta	Arthropoda	Stratiomys singularior	1	GCA_954870665.1	reference genome	idStrSing1.1	Chromosome		715196611	no
2006637	Strauzia longitudinalis	Strauzia	Tephritidae	Diptera	Insecta	Arthropoda	Strauzia longitudinalis	1	GCA_055954385.1	reference genome	idStrLont1	Chromosome		893980639	no
1385333	Stromboceros delicatulus	Stromboceros	Tenthredinidae	Hymenoptera	Insecta	Arthropoda	Stromboceros delicatulus	1	GCA_988137165.1	reference genome	iyStrDeli1.hap1.1	Chromosome		306669902	no
2561782	Strophedra nitidana	Strophedra	Tortricidae	Lepidoptera	Insecta	Arthropoda	Strophedra nitidana	1	GCA_976226945.1	reference genome	ilStrNiti1.hap1.1	Chromosome		617037493	no
202215	Strophosoma melanogrammum	Strophosoma	Curculionidae	Coleoptera	Insecta	Arthropoda	Strophosoma melanogrammum	2	GCA_984573965.1	reference genome	icStrMela3.hap1.1	Chromosome		2454087743	no
569090	Sturmia bella	Sturmia	Tachinidae	Diptera	Insecta	Arthropoda	Sturmia bella	1	GCA_963662145.1	reference genome	idStuBell1.1	Chromosome		437772494	no
2793623	Stylops aterrimus	Stylops	Stylopidae	Strepsiptera	Insecta	Arthropoda	Stylops aterrimus	1	GCA_965240395.1	reference genome	ivStyAtei1.1	Chromosome		85406486	no
1870728	Subacronicta megacephala	Subacronicta	Noctuidae	Lepidoptera	Insecta	Arthropoda	Subacronicta megacephala	1	GCA_958496365.2	reference genome	ilSubMega1.2	Chromosome		424229903	no
295815	Subcoccinella vigintiquattuorpunctata	Subcoccinella	Coccinellidae	Coleoptera	Insecta	Arthropoda	Subcoccinella vigintiquattuorpunctata	1	GCA_965783985.1	reference genome	icSubVigi2.1	Chromosome		532027781	no
2882903	Suillia affinis	Suillia	Heleomyzidae	Diptera	Insecta	Arthropoda	Suillia affinis	1	GCA_964659615.1	reference genome	idSuiAffi2.hap1.1	Chromosome		380730153	no
2719096	Suillia flava	Suillia	Heleomyzidae	Diptera	Insecta	Arthropoda	Suillia flava	1	GCA_985557745.1	reference genome	idSuiFlav1.hap1.1	Chromosome		284542989	no
2719097	Suillia notata	Suillia	Heleomyzidae	Diptera	Insecta	Arthropoda	Suillia notata	1	GCA_965642385.1	reference genome	idSuiNota2.1	Chromosome		355663281	no
2882908	Suillia pallida	Suillia	Heleomyzidae	Diptera	Insecta	Arthropoda	Suillia pallida	1	GCA_984589745.1	reference genome	idSuiPall2.1	Chromosome		338643969	no
1230148	Suillia variegata	Suillia	Heleomyzidae	Diptera	Insecta	Arthropoda	Suillia variegata	1	GCA_949127995.1	reference genome	idSuiVari3.1	Chromosome		263967968	no
662494	Sussaba pulchella	Sussaba	Ichneumonidae	Hymenoptera	Insecta	Arthropoda	Sussaba pulchella	1	GCA_963971145.1	reference genome	iySusPulc1.1	Chromosome		299905591	no
572902	Swammerdamia caesiella	Swammerdamia	Yponomeutidae	Lepidoptera	Insecta	Arthropoda	Swammerdamia caesiella	1	GCA_974392545.1	reference genome	ilSwaCaes1.hap1.1	Chromosome		412403420	no
1196316	Sycoscapter hirticola	Sycoscapter	Pteromalidae	Hymenoptera	Insecta	Arthropoda	Sycoscapter hirticola	1	GCA_059793995.1	reference genome	ASM5979399v1	Chromosome		318121447	no
1552766	Sylvicola cinctus	Sylvicola	Anisopodidae	Diptera	Insecta	Arthropoda	Sylvicola cinctus	1	GCA_963854165.1	reference genome	idSylCinc2.1	Chromosome		179135169	no
560781	Symmerus annulatus	Symmerus	Mycetophilidae	Diptera	Insecta	Arthropoda	Symmerus annulatus	1	GCA_984573525.1	reference genome	idSymAnnu2.1	Chromosome		352404140	no
1124894	Symmorphus gracilis	Symmorphus	Vespidae	Hymenoptera	Insecta	Arthropoda	Symmorphus gracilis	1	GCA_965620125.1	reference genome	iySymGrac1.hap1.1	Chromosome		220033933	no
197176	Sympetrum sanguineum	Sympetrum	Libellulidae	Odonata	Insecta	Arthropoda	Sympetrum sanguineum	2	GCA_964198035.1	reference genome	ioSymSang1.hap2.1	Chromosome		1304051207	no
6969	Sympetrum striolatum	Sympetrum	Libellulidae	Odonata	Insecta	Arthropoda	Sympetrum striolatum	1	GCA_947579665.1	reference genome	ioSymStri1.1	Chromosome		1349597986	no
1488957	Sympistis heliophila	Sympistis	Noctuidae	Lepidoptera	Insecta	Arthropoda	Sympistis heliophila	2	GCA_987274465.1	reference genome	ilSymHeli1.hap1.1	Chromosome		482350445	no
685416	Sympistis zetterstedtii	Sympistis	Noctuidae	Lepidoptera	Insecta	Arthropoda	Sympistis zetterstedtii	1	GCA_976987505.1	reference genome	ilSymZett1.hap1.1	Chromosome		542478971	no
1108569	Synanthedon andrenaeformis	Synanthedon	Sesiidae	Lepidoptera	Insecta	Arthropoda	Synanthedon andrenaeformis	1	GCA_936446665.2	reference genome	ilSynAndr1.2	Chromosome		348371631	no
301036	Synanthedon formicaeformis	Synanthedon	Sesiidae	Lepidoptera	Insecta	Arthropoda	Synanthedon formicaeformis	1	GCA_945859745.1	reference genome	ilSynForm1.1	Chromosome		321216854	no
1108570	Synanthedon myopaeformis	Synanthedon	Sesiidae	Lepidoptera	Insecta	Arthropoda	Synanthedon myopaeformis	1	GCA_944738685.1	reference genome	ilSynMyop1.1	Chromosome		295674245	no
233843	Synanthedon spheciformis	Synanthedon	Sesiidae	Lepidoptera	Insecta	Arthropoda	Synanthedon spheciformis	1	GCA_964332195.1	reference genome	ilSynSphe1.hap1.1	Chromosome		388573251	no
301680	Synanthedon tipuliformis	Synanthedon	Sesiidae	Lepidoptera	Insecta	Arthropoda	Synanthedon tipuliformis	1	GCA_947623395.1	reference genome	ilSynTipu2.1	Chromosome		295804130	no
1660703	Synanthedon vespiformis	Synanthedon	Sesiidae	Lepidoptera	Insecta	Arthropoda	Synanthedon vespiformis	1	GCA_918317495.1	reference genome	ilSynVesp1.1	Chromosome		287383648	no
3119782	Synaphe moldavica	Synaphe	Pyralidae	Lepidoptera	Insecta	Arthropoda	Synaphe moldavica	1	GCA_983030045.1	reference genome	ilSynMold1.hap1.1	Chromosome		838624637	no
1003005	Synaphe punctalis	Synaphe	Pyralidae	Lepidoptera	Insecta	Arthropoda	Synaphe punctalis	2	GCA_965276045.1	reference genome	ilSynPunc1.hap1.1	Chromosome		643956020	no
3711091	Synapsis davidis	Synapsis	Scarabaeidae	Coleoptera	Insecta	Arthropoda	Synapsis davidis	1	GCA_059533435.1		ASM5953343v1	Chromosome		1099041312	no
1101060	Syndemis musculana	Syndemis	Tortricidae	Lepidoptera	Insecta	Arthropoda	Syndemis musculana	1	GCA_965641395.1	reference genome	ilSynMusc1.hap1.1	Chromosome		472478920	no
1241360	Syngrapha hochenwarthi	Syngrapha	Noctuidae	Lepidoptera	Insecta	Arthropoda	Syngrapha hochenwarthi	1	GCA_973862225.1	reference genome	ilSynHoch1.hap1.1	Chromosome		415026624	no
2591987	Synophropsis lauri	Synophropsis	Cicadellidae	Hemiptera	Insecta	Arthropoda	Synophropsis lauri	1	GCA_977067445.1	reference genome	ihSynLaur1.hap1.1	Chromosome		2486816072	no
34682	Syritta pipiens	Syritta	Syrphidae	Diptera	Insecta	Arthropoda	Syritta pipiens	1	GCA_905187475.1	reference genome	idSyrPipi1.1	Chromosome		318506762	no
224256	Syrphus vitripennis	Syrphus	Syrphidae	Diptera	Insecta	Arthropoda	Syrphus vitripennis	1	GCA_958431115.1	reference genome	idSyrVitr1.1	Chromosome		388815941	no
2882930	Systoechus ctenopterus	Systoechus	Bombyliidae	Diptera	Insecta	Arthropoda	Systoechus ctenopterus	1	GCA_982375235.1	reference genome	idSysCten1.1	Chromosome		352560346	no
631328	Tachina fera	Tachina	Tachinidae	Diptera	Insecta	Arthropoda	Tachina fera	1	GCA_905220375.1	reference genome	idTacFera2.1	Chromosome		751720058	no
141258	Tachina grossa	Tachina	Tachinidae	Diptera	Insecta	Arthropoda	Tachina grossa	1	GCA_949987645.1	reference genome	idTacGros1.1	Chromosome		936904124	no
631329	Tachina lurida	Tachina	Tachinidae	Diptera	Insecta	Arthropoda	Tachina lurida	1	GCA_944452675.1	reference genome	idTacLuri1.1	Chromosome		899158429	no
1588496	Tachinus rufipes	Tachinus	Staphylinidae	Coleoptera	Insecta	Arthropoda	Tachinus rufipes	1	GCA_963932245.1	reference genome	icTacRufp1.1	Chromosome		1151978133	no
346861	Tachyporus hypnorum	Tachyporus	Staphylinidae	Coleoptera	Insecta	Arthropoda	Tachyporus hypnorum	1	GCA_965783885.1	reference genome	icTacHypn4.1	Chromosome		531372006	no
2561799	Tachystola acroxantha	Tachystola	Oecophoridae	Lepidoptera	Insecta	Arthropoda	Tachystola acroxantha	1	GCA_963506565.1	reference genome	ilTacAcro4.1	Chromosome		388132042	no
202217	Taeniapion urticarium	Taeniapion	Brentidae	Coleoptera	Insecta	Arthropoda	Taeniapion urticarium	1	GCA_978019935.1	reference genome	icTaeUrti2.1	Chromosome		827048091	no
753433	Taleporia tubulosa	Taleporia	Psychidae	Lepidoptera	Insecta	Arthropoda	Taleporia tubulosa	1	GCA_964330275.1	reference genome	ilTalTubu1.hap1.1	Chromosome		394582894	no
476689	Tanypteryx hageni	Tanypteryx	Petaluridae	Odonata	Insecta	Arthropoda	Tanypteryx hageni	1	GCA_028673005.1	reference genome	amnh_byu_tan	Chromosome		1678606281	no
105251	Taphrorychus bicolor	Taphrorychus	Curculionidae	Coleoptera	Insecta	Arthropoda	Taphrorychus bicolor	1	GCA_951812265.1	reference genome	icTapBico1.1	Chromosome		575225147	no
56578	Tarachidia candefacta	Tarachidia	Noctuidae	Lepidoptera	Insecta	Arthropoda	Tarachidia candefacta	1	GCA_965205195.1	reference genome	ilTarCand1.hap1.1	Chromosome		412330636	no
124803	Tarphius canariensis	Tarphius	Zopheridae	Coleoptera	Insecta	Arthropoda	Tarphius canariensis	1	GCA_964277315.1	reference genome	icTarCana1.1	Chromosome		310723302	no
1101163	Teleiodes luculella	Teleiodes	Gelechiidae	Lepidoptera	Insecta	Arthropoda	Teleiodes luculella	1	GCA_948473455.1	reference genome	ilTelLucu1.1	Chromosome		454459464	no
1594352	Teleiodes vulgella	Teleiodes	Gelechiidae	Lepidoptera	Insecta	Arthropoda	Teleiodes vulgella	1	GCA_965178035.1	reference genome	ilTelVulg1.hap1.1	Chromosome		626950888	no
1569972	Telenomus remus	Telenomus	Scelionidae	Hymenoptera	Insecta	Arthropoda	Telenomus remus	1	GCA_020615435.1	reference genome	ZJU_Trem_1.0	Chromosome		127639493	no
128161	Teleogryllus oceanicus	Teleogryllus	Gryllidae	Orthoptera	Insecta	Arthropoda	Teleogryllus oceanicus	1	GCA_965601995.1	reference genome	iqTelOcea7.1	Chromosome		2042522447	no
139649	Teleopsis dalmanni	Teleopsis	Diopsidae	Diptera	Insecta	Arthropoda	Teleopsis dalmanni	3	GCF_002237135.1	reference genome	ASM223713v2	Chromosome		623660103	yes
1553888	Temnocerus longiceps	Temnocerus	Attelabidae	Coleoptera	Insecta	Arthropoda	Temnocerus longiceps	1	GCA_984799135.1	reference genome	icTemLong1.hap1.1	Chromosome		1197240633	no
300112	Temnothorax longispinosus	Temnothorax	Formicidae	Hymenoptera	Insecta	Arthropoda	Temnothorax longispinosus	2	GCF_030848805.1	reference genome	Tlon_JGU_v1	Chromosome		293182087	yes
215518	Temnothorax rugatulus	Temnothorax	Formicidae	Hymenoptera	Insecta	Arthropoda	Temnothorax rugatulus	1	GCA_057190385.1	reference genome	Trug_JGU_v1.0	Chromosome		328297593	no
7067	Tenebrio molitor	Tenebrio	Tenebrionidae	Coleoptera	Insecta	Arthropoda	Tenebrio molitor	3	GCF_963966145.1	reference genome	icTenMoli1.1	Chromosome		276826441	yes
406589	Tenodera sinensis	Tenodera	Mantidae	Mantodea	Insecta	Arthropoda	Tenodera sinensis	2	GCA_030765045.1	reference genome	ASM3076504v1	Chromosome		2684104270	no
520940	Tenthredo amoena	Tenthredo	Tenthredinidae	Hymenoptera	Insecta	Arthropoda	Tenthredo amoena	1	GCA_963966615.1	reference genome	iyTenAmoe1.1	Chromosome		199844038	no
112292	Tenthredo arcuata	Tenthredo	Tenthredinidae	Hymenoptera	Insecta	Arthropoda	Tenthredo arcuata	1	GCA_982340865.1	reference genome	iyTenArcu1.hap1.1	Chromosome		267885211	no
1385102	Tenthredo distinguenda	Tenthredo	Tenthredinidae	Hymenoptera	Insecta	Arthropoda	Tenthredo distinguenda	1	GCA_947538915.1	reference genome	iyTenDist1.1	Chromosome		229381786	no
520905	Tenthredo livida	Tenthredo	Tenthredinidae	Hymenoptera	Insecta	Arthropoda	Tenthredo livida	1	GCA_963992785.1	reference genome	iyTenLivi1.1	Chromosome		348392907	no
222778	Tenthredo mesomela	Tenthredo	Tenthredinidae	Hymenoptera	Insecta	Arthropoda	Tenthredo mesomela	1	GCA_943736025.1	reference genome	iyTenMeso1.1	Chromosome		392837180	no
362091	Tenthredo notha	Tenthredo	Tenthredinidae	Hymenoptera	Insecta	Arthropoda	Tenthredo notha	1	GCA_914767705.2	reference genome	iyTenNoth1.2	Chromosome		252818378	no
520932	Tenthredo scrophulariae	Tenthredo	Tenthredinidae	Hymenoptera	Insecta	Arthropoda	Tenthredo scrophulariae	1	GCA_963978835.1	reference genome	iyTenScro1.1	Chromosome		233125631	no
1385169	Tenthredo zona	Tenthredo	Tenthredinidae	Hymenoptera	Insecta	Arthropoda	Tenthredo zona	1	GCA_988137215.1	reference genome	iyTenZona1.hap1.1	Chromosome		211474915	no
311997	Tephritis conura	Tephritis	Tephritidae	Diptera	Insecta	Arthropoda	Tephritis conura	1	GCA_982345165.1	reference genome	idTepConu3.1	Chromosome		1866833695	no
594022	Tephritis formosa	Tephritis	Tephritidae	Diptera	Insecta	Arthropoda	Tephritis formosa	1	GCA_965654245.1	reference genome	idTepForm3.1	Chromosome		1825827422	no
594026	Tephritis matricariae	Tephritis	Tephritidae	Diptera	Insecta	Arthropoda	Tephritis matricariae	1	GCA_977117635.1	reference genome	idTepMatr2.1	Chromosome		1791206506	no
594117	Tephritis neesii	Tephritis	Tephritidae	Diptera	Insecta	Arthropoda	Tephritis neesii	1	GCA_988265225.1	reference genome	idTepNees2.1	Chromosome		1936738759	no
1101062	Tephronia sepiaria	Tephronia	Geometridae	Lepidoptera	Insecta	Arthropoda	Tephronia sepiaria	1	GCA_984080365.1	reference genome	ilTepSepi1.hap1.1	Chromosome		740313741	no
320960	Tetanocera arrogans	Tetanocera	Sciomyzidae	Diptera	Insecta	Arthropoda	Tetanocera arrogans	1	GCA_981115235.1	reference genome	idTetArro1.1	Chromosome		1093975263	no
320963	Tetanocera ferruginea	Tetanocera	Sciomyzidae	Diptera	Insecta	Arthropoda	Tetanocera ferruginea	1	GCA_958299015.1	reference genome	idTetFerr1.1	Chromosome		790366674	no
454641	Tetanops myopaeformis	Tetanops	Ulidiidae	Diptera	Insecta	Arthropoda	Tetanops myopaeformis	1	GCA_050613955.1	reference genome	idTetMyoa1.1	Chromosome		478719150	no
997289	Tethea ocularis	Tethea	Drepanidae	Lepidoptera	Insecta	Arthropoda	Tethea ocularis	1	GCA_963555595.1	reference genome	ilTetOcul2.1	Chromosome		339127123	no
721161	Tethea or	Tethea	Drepanidae	Lepidoptera	Insecta	Arthropoda	Tethea or	1	GCA_977018955.1	reference genome	ilTetOrxx2.1	Chromosome		449617983	no
721173	Tetheella fluctuosa	Tetheella	Drepanidae	Lepidoptera	Insecta	Arthropoda	Tetheella fluctuosa	1	GCA_951216915.1	reference genome	ilTetFluc1.1	Chromosome		369133032	no
2212608	Tetramorium atratulum	Tetramorium	Formicidae	Hymenoptera	Insecta	Arthropoda	Tetramorium atratulum	1	GCA_048181885.1	reference genome	ASM4818188v1	Chromosome		214746382	no
219812	Tetramorium bicarinatum	Tetramorium	Formicidae	Hymenoptera	Insecta	Arthropoda	Tetramorium bicarinatum	1	GCA_928718305.1	reference genome	Tetramorium_bicarinatum_1.0	Chromosome		257967262	no
134893	Tetraopes melanurus	Tetraopes	Cerambycidae	Coleoptera	Insecta	Arthropoda	Tetraopes melanurus	1	GCA_054850815.1	reference genome	Tmel_1.0	Chromosome		684558059	no
134895	Tetraopes sublaevis	Tetraopes	Cerambycidae	Coleoptera	Insecta	Arthropoda	Tetraopes sublaevis	1	GCA_054850805.1	reference genome	Tsub_1.0	Chromosome		755592964	no
1206596	Tetraopes tetrophthalmus	Tetraopes	Cerambycidae	Coleoptera	Insecta	Arthropoda	Tetraopes tetrophthalmus	1	GCA_054850835.1	reference genome	Ttet_1.0	Chromosome		788901727	no
577619	Tetraponera attenuata	Tetraponera	Formicidae	Hymenoptera	Insecta	Arthropoda	Tetraponera attenuata	1	GCA_057380775.1	reference genome	ASM5738077v1	Chromosome		323715683	no
509263	Tetrix grossus	Tetrix	Tetrigidae	Orthoptera	Insecta	Arthropoda	Tetrix grossus	1	GCA_057802385.1	reference genome	ASM5780238v1	Chromosome		1247400713	no
215053	Tetrix japonica	Tetrix	Tetrigidae	Orthoptera	Insecta	Arthropoda	Tetrix japonica	1	GCA_048165185.1	reference genome	GXNU_Tjap1.0	Chromosome		1684061739	no
256650	Tetropium fuscum	Tetropium	Cerambycidae	Coleoptera	Insecta	Arthropoda	Tetropium fuscum	1	GCA_964058775.1	reference genome	icTetFusc2.1	Chromosome		555633467	no
987451	Thalpophila matura	Thalpophila	Noctuidae	Lepidoptera	Insecta	Arthropoda	Thalpophila matura	1	GCA_948465475.1	reference genome	ilThaMatu1.1	Chromosome		520397874	no
414939	Thanatophilus sinuatus	Thanatophilus	Silphidae	Coleoptera	Insecta	Arthropoda	Thanatophilus sinuatus	1	GCA_051122355.1	reference genome	ASM5112235v1	Chromosome		288948613	no
499230	Thaumetopoea processionea	Thaumetopoea	Notodontidae	Lepidoptera	Insecta	Arthropoda	Thaumetopoea processionea	1	GCA_965614485.1	reference genome	ilThaProc3.1	Chromosome		724341573	no
408244	Thaumetopoea wilkinsoni	Thaumetopoea	Notodontidae	Lepidoptera	Insecta	Arthropoda	Thaumetopoea wilkinsoni	1	GCA_982552995.1	reference genome	ilThaWilk1.hap1.1	Chromosome		636361935	no
1918310	Thecocarcelia acutangulata	Thecocarcelia	Tachinidae	Diptera	Insecta	Arthropoda	Thecocarcelia acutangulata	1	GCA_914767995.1	reference genome	idTheAcut1.1	Chromosome		692880428	no
1219171	Thecophora atra	Thecophora	Conopidae	Diptera	Insecta	Arthropoda	Thecophora atra	1	GCA_937620795.1	reference genome	idTheAtra2.1	Chromosome		354229183	no
1918186	Thelaira nigripes	Thelaira	Tachinidae	Diptera	Insecta	Arthropoda	Thelaira nigripes	1	GCA_986268585.1	reference genome	idTheNigp1.hap1.1	Chromosome		525010146	no
1918187	Thelaira solivaga	Thelaira	Tachinidae	Diptera	Insecta	Arthropoda	Thelaira solivaga	1	GCA_947397855.1	reference genome	idTheSoli1.1	Chromosome		429338799	no
1462594	Theocolax elegans	Theocolax	Cerocephalidae	Hymenoptera	Insecta	Arthropoda	Theocolax elegans	1	GCA_026168455.1	reference genome	ASM2616845v1	Chromosome		662726325	no
987013	Thera britannica	Thera	Geometridae	Lepidoptera	Insecta	Arthropoda	Thera britannica	1	GCA_939531255.2	reference genome	ilTheBrit1.2	Chromosome		380622102	no
326957	Thera firmata	Thera	Geometridae	Lepidoptera	Insecta	Arthropoda	Thera firmata	1	GCA_964188155.1	reference genome	ilTheFirm3.hap1.1	Chromosome		301469345	no
689108	Thera juniperata	Thera	Geometridae	Lepidoptera	Insecta	Arthropoda	Thera juniperata	1	GCA_964194115.1	reference genome	ilTheJuni1.1	Chromosome		357521540	no
934896	Thera obeliscata	Thera	Geometridae	Lepidoptera	Insecta	Arthropoda	Thera obeliscata	1	GCA_947578465.1	reference genome	ilTheObel3.1	Chromosome		404683897	no
644662	Theretra japonica	Theretra	Sphingidae	Lepidoptera	Insecta	Arthropoda	Theretra japonica	1	GCA_033459515.1	reference genome	ASM3345951v1	Chromosome		409552430	no
1774267	Thereva nobilitata	Thereva	Therevidae	Diptera	Insecta	Arthropoda	Thereva nobilitata	1	GCA_963855945.1	reference genome	idTheNobi1.1	Chromosome		829198642	no
359494	Thereva plebeja	Thereva	Therevidae	Diptera	Insecta	Arthropoda	Thereva plebeja	1	GCA_982554135.1	reference genome	idThePleb1.hap1.1	Chromosome		1142914050	no
2867258	Thereva unica	Thereva	Therevidae	Diptera	Insecta	Arthropoda	Thereva unica	1	GCA_949987705.1	reference genome	idTheUnic2.1	Chromosome		910144949	no
935269	Therioaphis trifolii	Therioaphis	Aphididae	Hemiptera	Insecta	Arthropoda	Therioaphis trifolii	1	GCA_027580255.1	reference genome	ASM2758025v1	Chromosome		541299359	no
1888457	Therion circumflexum	Therion	Ichneumonidae	Hymenoptera	Insecta	Arthropoda	Therion circumflexum	1	GCA_988222045.1	reference genome	iyTheCirc1.hap1.1	Chromosome		207896948	no
89055	Thermobia domestica	Thermobia	Lepismatidae	Zygentoma	Insecta	Arthropoda	Thermobia domestica	2	GCF_964235325.1	reference genome	izTheDome1.hap1.1	Chromosome		5131587495	yes
1218166	Therophilus tumidulus	Therophilus	Braconidae	Hymenoptera	Insecta	Arthropoda	Therophilus tumidulus	2	GCA_984766955.1	reference genome	iyTheTumi1.hap1.1	Chromosome		345318699	no
987032	Thetidia smaragdaria	Thetidia	Geometridae	Lepidoptera	Insecta	Arthropoda	Thetidia smaragdaria	1	GCA_987200615.1	reference genome	ilTheSmar1.hap1.1	Chromosome		554878528	no
1417353	Thiodia citrana	Thiodia	Tortricidae	Lepidoptera	Insecta	Arthropoda	Thiodia citrana	1	GCA_976239845.1	reference genome	ilThiCitr4.hap1.1	Chromosome		500176840	no
988040	Tholera cespitis	Tholera	Noctuidae	Lepidoptera	Insecta	Arthropoda	Tholera cespitis	2	GCA_985556875.1	reference genome	ilThoCesp1.hap2.1	Chromosome		1168454534	no
988041	Tholera decimalis	Tholera	Noctuidae	Lepidoptera	Insecta	Arthropoda	Tholera decimalis	1	GCA_943138885.2	reference genome	ilThoDeci1.2	Chromosome		1334066527	no
163894	Thrips hawaiiensis	Thrips	Thripidae	Thysanoptera	Insecta	Arthropoda	Thrips hawaiiensis	1	GCA_045571655.1	reference genome	ASM4557165v1	Chromosome		287594255	no
161014	Thrips tabaci	Thrips	Thripidae	Thysanoptera	Insecta	Arthropoda	Thrips tabaci	1	GCA_040581495.1	reference genome	ASM4058149v1	Chromosome		325073080	no
997290	Thumatha senex	Thumatha	Erebidae	Lepidoptera	Insecta	Arthropoda	Thumatha senex	1	GCA_948477245.1	reference genome	ilThuSene1.1	Chromosome		810266827	no
721163	Thyatira batis	Thyatira	Drepanidae	Lepidoptera	Insecta	Arthropoda	Thyatira batis	1	GCA_905147785.2	reference genome	ilThyBati1.2	Chromosome		314783116	no
876078	Thymelicus acteon	Thymelicus	Hesperiidae	Lepidoptera	Insecta	Arthropoda	Thymelicus acteon	1	GCA_951805285.1	reference genome	ilThyActe1.1	Chromosome		536980141	no
218773	Thymelicus lineola	Thymelicus	Hesperiidae	Lepidoptera	Insecta	Arthropoda	Thymelicus lineola	1	GCA_963932265.1	reference genome	ilThyLine1.1	Chromosome		511809164	no
272628	Thymelicus sylvestris	Thymelicus	Hesperiidae	Lepidoptera	Insecta	Arthropoda	Thymelicus sylvestris	1	GCA_911387775.1	reference genome	ilThySylv1.1	Chromosome		470710341	no
2829463	Thyridanthrax fenestratus	Thyridanthrax	Bombyliidae	Diptera	Insecta	Arthropoda	Thyridanthrax fenestratus	2	GCA_982552395.1	reference genome	idThyFene1.hap1.1	Chromosome		305330331	no
988162	Tiliacea aurago	Tiliacea	Noctuidae	Lepidoptera	Insecta	Arthropoda	Tiliacea aurago	1	GCA_948098905.1	reference genome	ilTilAura1.1	Chromosome		798037616	no
988163	Tiliacea citrago	Tiliacea	Noctuidae	Lepidoptera	Insecta	Arthropoda	Tiliacea citrago	1	GCA_963921375.1	reference genome	ilTilCitr1.1	Chromosome		800959641	no
295696	Tillus elongatus	Tillus	Cleridae	Coleoptera	Insecta	Arthropoda	Tillus elongatus	1	GCA_964006375.1		icTilElon2.1	Chromosome		1719077469	no
190366	Timandra comae	Timandra	Geometridae	Lepidoptera	Insecta	Arthropoda	Timandra comae	1	GCA_958496195.1	reference genome	ilTimComa1.1	Chromosome		334357532	no
190367	Timandra griseata	Timandra	Geometridae	Lepidoptera	Insecta	Arthropoda	Timandra griseata	1	GCA_971911945.1	reference genome	ilTimGris1.hap1.1	Chromosome		345271529	no
61475	Timema chumash	Timema	Timematidae	Phasmatodea	Insecta	Arthropoda	Timema chumash	10	GCA_057127915.1	reference genome	ASM5712791v1	Chromosome		1298534191	no
61476	Timema cristinae	Timema	Timematidae	Phasmatodea	Insecta	Arthropoda	Timema cristinae	7	GCA_050494535.1	reference genome	ASM5049453v1	Chromosome		1227621598	no
61478	Timema douglasi	Timema	Timematidae	Phasmatodea	Insecta	Arthropoda	Timema douglasi	1	GCA_040436065.2	reference genome	ASM4043606v2	Chromosome		1291668133	no
170557	Timema poppense	Timema	Timematidae	Phasmatodea	Insecta	Arthropoda	Timema poppense	1	GCA_044715735.1	reference genome	Tps_LRv5b_mtDNAv350	Chromosome		1338289665	no
1195453	Tinagma dryadis	Tinagma	Douglasiidae	Lepidoptera	Insecta	Arthropoda	Tinagma dryadis	1	GCA_977019765.1	reference genome	ilTinDrya1.hap1.1	Chromosome		813923145	no
1870396	Tinagma perdicella	Tinagma	Douglasiidae	Lepidoptera	Insecta	Arthropoda	Tinagma perdicella	1	GCA_975259245.1	reference genome	ilTinPerd1.hap1.1	Chromosome		1230159745	no
41014	Tinea pellionella	Tinea	Tineidae	Lepidoptera	Insecta	Arthropoda	Tinea pellionella	1	GCA_948150575.1	reference genome	ilTinPell1.1	Chromosome		245279255	no
1101063	Tinea semifulvella	Tinea	Tineidae	Lepidoptera	Insecta	Arthropoda	Tinea semifulvella	1	GCA_910589645.1	reference genome	ilTinSemi1.1	Chromosome		596584503	no
1594354	Tinea trinotella	Tinea	Tineidae	Lepidoptera	Insecta	Arthropoda	Tinea trinotella	1	GCA_905220615.1	reference genome	ilTinTrin1.1	Chromosome		371722122	no
93883	Tineola bisselliella	Tineola	Tineidae	Lepidoptera	Insecta	Arthropoda	Tineola bisselliella	1	GCA_042254865.1	reference genome	BU_Tbis_1.0	Chromosome		248792533	no
177916	Tinodes waeneri	Tinodes	Psychomyiidae	Trichoptera	Insecta	Arthropoda	Tinodes waeneri	1	GCA_988276855.1	reference genome	iiTinWaen1.hap1.1	Chromosome		158944786	no
330862	Tiphia femorata	Tiphia	Tiphiidae	Hymenoptera	Insecta	Arthropoda	Tiphia femorata	1	GCA_944319695.1	reference genome	iyTipFemo1.1	Chromosome		276140075	no
2829464	Tiphia minuta	Tiphia	Tiphiidae	Hymenoptera	Insecta	Arthropoda	Tiphia minuta	1	GCA_971880485.1	reference genome	iyTipMinu1.1	Chromosome		228004650	no
2881124	Tipula confusa	Tipula	Tipulidae	Diptera	Insecta	Arthropoda	Tipula confusa	1	GCA_963556175.1	reference genome	idTipConf1.1	Chromosome		728102519	no
2719107	Tipula fascipennis	Tipula	Tipulidae	Diptera	Insecta	Arthropoda	Tipula fascipennis	1	GCA_965151645.1	reference genome	idTipFasc1.hap1.1	Chromosome		1137007198	no
2886541	Tipula fulvipennis	Tipula	Tipulidae	Diptera	Insecta	Arthropoda	Tipula fulvipennis	1	GCA_978765375.1	reference genome	idTipFulv1.hap1.1	Chromosome		807781825	no
2867262	Tipula helvola	Tipula	Tipulidae	Diptera	Insecta	Arthropoda	Tipula helvola	1	GCA_963556165.1	reference genome	idTipHelv1.1	Chromosome		1204747486	no
2025111	Tipula lateralis	Tipula	Tipulidae	Diptera	Insecta	Arthropoda	Tipula lateralis	1	GCA_963932295.1	reference genome	idTipLate1.1	Chromosome		701319157	no
2736688	Tipula scripta	Tipula	Tipulidae	Diptera	Insecta	Arthropoda	Tipula scripta	2	GCA_965197115.1	reference genome	idTipScri1.hap2.1	Chromosome		599163531	no
2867263	Tipula unca	Tipula	Tipulidae	Diptera	Insecta	Arthropoda	Tipula unca	1	GCA_951394425.1	reference genome	idTipUnca1.1	Chromosome		692206499	no
2741129	Tipula vernalis	Tipula	Tipulidae	Diptera	Insecta	Arthropoda	Tipula vernalis	1	GCA_958295665.1	reference genome	idTipVern1.1	Chromosome		1272252786	no
909823	Tischeria dodonaea	Tischeria	Tischeriidae	Lepidoptera	Insecta	Arthropoda	Tischeria dodonaea	1	GCA_977019055.1	reference genome	ilTisDodo1.hap1.1	Chromosome		440498073	no
683971	Tischeria ekebladella	Tischeria	Tischeriidae	Lepidoptera	Insecta	Arthropoda	Tischeria ekebladella	1	GCA_965234195.1	reference genome	ilTisEkeb2.1	Chromosome		491036455	no
2884231	Tolmerus cingulatus	Tolmerus	Asilidae	Diptera	Insecta	Arthropoda	Tolmerus cingulatus	1	GCA_959613345.1	reference genome	idTolCing1.1	Chromosome		279967973	no
1107738	Tomares ballus	Tomares	Lycaenidae	Lepidoptera	Insecta	Arthropoda	Tomares ballus	1	GCA_965153325.1	reference genome	ilTomBall1.hap1.1	Chromosome		839940393	no
768153	Tomicus yunnanensis	Tomicus	Curculionidae	Coleoptera	Insecta	Arthropoda	Tomicus yunnanensis	1	GCA_054825155.1	reference genome	ASM5482515v1	Chromosome		378222210	no
2498891	Topomyia yanbarensis	Topomyia	Culicidae	Diptera	Insecta	Arthropoda	Topomyia yanbarensis	2	GCF_030247195.1	reference genome	ASM3024719v1	Chromosome		1168159140	yes
116138	Tortricodes alternella	Tortricodes	Tortricidae	Lepidoptera	Insecta	Arthropoda	Tortricodes alternella	1	GCA_947859335.1	reference genome	ilTorAlte1.1	Chromosome		441237976	no
311328	Tortrix viridana	Tortrix	Tortricidae	Lepidoptera	Insecta	Arthropoda	Tortrix viridana	1	GCA_963241965.1	reference genome	ilTorViri5.1	Chromosome		456570165	no
3076520	Torymus aiolomorphi	Torymus	Torymidae	Hymenoptera	Insecta	Arthropoda	Torymus aiolomorphi	1	GCA_036365515.1	reference genome	ZJU_Daio_1.0	Chromosome		1084574854	no
3140520	Toumeyella liriodendri	Toumeyella	Coccidae	Hemiptera	Insecta	Arthropoda	Toumeyella liriodendri	1	GCA_041937245.1	reference genome	UF_Toli_1.0	Chromosome		536180826	no
2725530	Toxonevra muliebris	Toxonevra	Pallopteridae	Diptera	Insecta	Arthropoda	Toxonevra muliebris	1	GCA_963691655.1	reference genome	idToxMuli2.1	Chromosome		491416689	no
53553	Toxorhynchites rutilus	Toxorhynchites	Culicidae	Diptera	Insecta	Arthropoda	Toxorhynchites rutilus septentrionalis	2	GCF_029784135.1	reference genome	ASM2978413v1	Chromosome		903034419	yes
1418836	Trabala vishnou	Trabala	Lasiocampidae	Lepidoptera	Insecta	Arthropoda	Trabala vishnou	1	GCA_050084765.1	reference genome	ASM5008476v1	Chromosome		561862949	no
988165	Trachea atriplicis	Trachea	Noctuidae	Lepidoptera	Insecta	Arthropoda	Trachea atriplicis	1	GCA_977066605.1	reference genome	ilTraAtri1.hap1.1	Chromosome		458283621	no
1667565	Tranosemella praerogator	Tranosemella	Ichneumonidae	Hymenoptera	Insecta	Arthropoda	Tranosemella praerogator	1	GCA_965648425.1	reference genome	iyTraPrae1.1	Chromosome		196248308	no
699847	Triaenodes bicolor	Triaenodes	Leptoceridae	Trichoptera	Insecta	Arthropoda	Triaenodes bicolor	1	GCA_964276685.1	reference genome	iiTriBico1.hap1.1	Chromosome		615751069	no
72491	Triatoma dimidiata	Triatoma	Reduviidae	Hemiptera	Insecta	Arthropoda	Triatoma dimidiata	1	GCA_964198125.1	reference genome	ihTriDimi1.hap1.1	Chromosome		1220278580	no
30076	Triatoma infestans	Triatoma	Reduviidae	Hemiptera	Insecta	Arthropoda	Triatoma infestans	1	GCA_965641795.1	reference genome	ihTriInfe1.hap1.1	Chromosome		1411124101	no
2878352	Triaxomasia caprimulgella	Triaxomasia	Tineidae	Lepidoptera	Insecta	Arthropoda	Triaxomasia caprimulgella	1	GCA_965285915.2	reference genome	ilTriCapr2.hap1.2	Chromosome		316757305	no
1870399	Triaxomera fulvimitrella	Triaxomera	Tineidae	Lepidoptera	Insecta	Arthropoda	Triaxomera fulvimitrella	1	GCA_975300835.1	reference genome	ilTriFulv1.hap1.1	Chromosome		471452203	no
1448927	Triaxomera parasitella	Triaxomera	Tineidae	Lepidoptera	Insecta	Arthropoda	Triaxomera parasitella	1	GCA_964656535.1	reference genome	ilTriPara1.hap1.1	Chromosome		307860990	no
7070	Tribolium castaneum	Tribolium	Tenebrionidae	Coleoptera	Insecta	Arthropoda	Tribolium castaneum	5	GCF_031307605.1	reference genome	icTriCast1.1	Chromosome		241845558	yes
7071	Tribolium confusum	Tribolium	Tenebrionidae	Coleoptera	Insecta	Arthropoda	Tribolium confusum	1	GCA_019155225.1		Tcon_1.0	Chromosome		305133470	no
7072	Tribolium freemani	Tribolium	Tenebrionidae	Coleoptera	Insecta	Arthropoda	Tribolium freemani	2	GCA_939628115.1	reference genome	Tfree1.0	Chromosome		269169934	no
988167	Trichiura crataegi	Trichiura	Lasiocampidae	Lepidoptera	Insecta	Arthropoda	Trichiura crataegi	1	GCA_964416535.1		ilTriCrat1.hap1.1	Chromosome		1112636323	no
53598	Trichogramma chilonis	Trichogramma	Trichogrammatidae	Hymenoptera	Insecta	Arthropoda	Trichogramma chilonis	1	GCA_045269175.1	reference genome	ASM4526917v1	Chromosome		202474611	no
114056	Trichogramma dendrolimi	Trichogramma	Trichogrammatidae	Hymenoptera	Insecta	Arthropoda	Trichogramma dendrolimi	1	GCA_049308575.1	reference genome	ASM4930857v1	Chromosome		216240738	no
311206	Trichogramma japonicum	Trichogramma	Trichogrammatidae	Hymenoptera	Insecta	Arthropoda	Trichogramma japonicum	1	GCA_051619815.1	reference genome	ASM5161981v1	Chromosome		218263771	no
99200	Trichogramma ostriniae	Trichogramma	Trichogrammatidae	Hymenoptera	Insecta	Arthropoda	Trichogramma ostriniae	1	GCA_053542325.1	reference genome	ASM5354232v1	Chromosome		221862226	no
1824988	Tricholauxania praeusta	Tricholauxania	Lauxaniidae	Diptera	Insecta	Arthropoda	Tricholauxania praeusta	1	GCA_949775025.1	reference genome	idTriPrae1.1	Chromosome		661280076	no
7111	Trichoplusia ni	Trichoplusia	Noctuidae	Lepidoptera	Insecta	Arthropoda	Trichoplusia ni	2	GCF_003590095.1	reference genome	tn1	Chromosome		368211209	yes
1507179	Trichopria drosophilae	Trichopria	Diapriidae	Hymenoptera	Insecta	Arthropoda	Trichopria drosophilae	1	GCA_030407085.1	reference genome	ASM3040708v1	Chromosome		937162013	no
505408	Trichopteryx carpinata	Trichopteryx	Geometridae	Lepidoptera	Insecta	Arthropoda	Trichopteryx carpinata	1	GCA_964341415.1	reference genome	ilTriCarp1.hap1.1	Chromosome		477014481	no
1271749	Trichostegia minor	Trichostegia	Phryganeidae	Trichoptera	Insecta	Arthropoda	Trichostegia minor	1	GCA_977872445.1	reference genome	iiTriMino1.hap1.1	Chromosome		771303423	no
2866288	Tricyphona immaculata	Tricyphona	Pediciidae	Diptera	Insecta	Arthropoda	Tricyphona immaculata	1	GCA_982935435.1	reference genome	idTriImma2.1	Chromosome		285104152	no
2725545	Trigonometopus frontalis	Trigonometopus	Lauxaniidae	Diptera	Insecta	Arthropoda	Trigonometopus frontalis	1	GCA_964659535.1	reference genome	idTriFrot2.hap1.1	Chromosome		671527859	no
1870735	Trigonophora flammea	Trigonophora	Noctuidae	Lepidoptera	Insecta	Arthropoda	Trigonophora flammea	1	GCA_976225715.1	reference genome	ilTriFlam1.hap1.1	Chromosome		779587383	no
941097	Trilocha varians	Trilocha	Bombycidae	Lepidoptera	Insecta	Arthropoda	Trilocha varians	2	GCA_030269945.2	reference genome	ASM3026994v2	Chromosome		353839427	no
2023874	Trioza anthrisci	Trioza	Triozidae	Hemiptera	Insecta	Arthropoda	Trioza anthrisci	1	GCA_047371775.1	reference genome	ASM4737177v1	Chromosome		587803007	no
121826	Trioza urticae	Trioza	Triozidae	Hemiptera	Insecta	Arthropoda	Trioza urticae	1	GCA_047371265.1	reference genome	ASM4737126v1	Chromosome		659570566	no
934961	Triphosa dubitata	Triphosa	Geometridae	Lepidoptera	Insecta	Arthropoda	Triphosa dubitata	2	GCA_965247765.1	reference genome	ilTriDubi1.hap2.1	Chromosome		418774945	no
753441	Trisateles emortualis	Trisateles	Erebidae	Lepidoptera	Insecta	Arthropoda	Trisateles emortualis	1	GCA_947095525.1	reference genome	ilTriEmor1.1	Chromosome		565499321	no
2034322	Troglophilus ovuliformis	Troglophilus	Rhaphidophoridae	Orthoptera	Insecta	Arthropoda	Troglophilus ovuliformis	1	GCA_978019135.1	reference genome	iqTroOvul1.1	Chromosome		7746787422	no
501369	Troides aeacus	Troides	Papilionidae	Lepidoptera	Insecta	Arthropoda	Troides aeacus	2	GCA_059628775.1	reference genome	Taeacus_Ankang_v1.0	Chromosome		358182012	no
1545368	Troilus luridus	Troilus	Pentatomidae	Hemiptera	Insecta	Arthropoda	Troilus luridus	2	GCA_964056705.1	reference genome	ihTroLuri1.hap2.1	Chromosome		842577471	no
2776060	Tromatobia lineatoria	Tromatobia	Ichneumonidae	Hymenoptera	Insecta	Arthropoda	Tromatobia lineatoria	1	GCA_949699805.1	reference genome	iyTroLine1.1	Chromosome		383579397	no
2719100	Tropidia scita	Tropidia	Syrphidae	Diptera	Insecta	Arthropoda	Tropidia scita	1	GCA_987217065.1	reference genome	idTroScit1.hap1.1	Chromosome		331421840	no
1461459	Trox cadaverinus	Trox	Trogidae	Coleoptera	Insecta	Arthropoda	Trox cadaverinus	1	GCA_060374005.1	reference genome	ASM6037400v1	Chromosome		1119286836	no
1479692	Trychosis tristator	Trychosis	Ichneumonidae	Hymenoptera	Insecta	Arthropoda	Trychosis tristator	1	GCA_987274495.1	reference genome	iyTryTris1.hap1.1	Chromosome		206206403	no
1045627	Tryphon signator	Tryphon	Ichneumonidae	Hymenoptera	Insecta	Arthropoda	Tryphon signator	1	GCA_984036875.1	reference genome	iyTrySign1.hap1.1	Chromosome		309990741	no
495590	Tryphon thomsoni	Tryphon	Ichneumonidae	Hymenoptera	Insecta	Arthropoda	Tryphon thomsoni	1	GCA_986270255.1	reference genome	iyTryThom1.hap1.1	Chromosome		331764198	no
1889570	Trypoxylon attenuatum	Trypoxylon	Crabronidae	Hymenoptera	Insecta	Arthropoda	Trypoxylon attenuatum	1	GCA_963989405.1	reference genome	iyTryAtte1.1	Chromosome		217802136	no
1124896	Trypoxylon clavicerum	Trypoxylon	Crabronidae	Hymenoptera	Insecta	Arthropoda	Trypoxylon clavicerum	1	GCA_965263705.1	reference genome	iyTryClav1.1	Chromosome		270886707	no
273928	Trypoxylus dichotomus	Trypoxylus	Scarabaeidae	Coleoptera	Insecta	Arthropoda	Trypoxylus dichotomus	1	GCA_023509865.1	reference genome	ZAFU_TdicV1	Chromosome		636265192	no
96551	Tuberolachnus salignus	Tuberolachnus	Aphididae	Hemiptera	Insecta	Arthropoda	Tuberolachnus salignus	1	GCA_956483605.1	reference genome	ihTubSali1.1	Chromosome		456750849	no
702717	Tuta absoluta	Tuta	Gelechiidae	Lepidoptera	Insecta	Arthropoda	Tuta absoluta	2	GCA_988221965.1	reference genome	ilTutAbso1.hap1.1	Chromosome		589284041	no
179666	Tyria jacobaeae	Tyria	Erebidae	Lepidoptera	Insecta	Arthropoda	Tyria jacobaeae	1	GCA_947561695.1	reference genome	ilTyrJaco4.1	Chromosome		589679721	no
988042	Tyta luctuosa	Tyta	Noctuidae	Lepidoptera	Insecta	Arthropoda	Tyta luctuosa	1	GCA_964288745.1	reference genome	ilTytLuct1.hap1.1	Chromosome		581105313	no
347477	Tytthaspis sedecimpunctata	Tytthaspis	Coccinellidae	Coleoptera	Insecta	Arthropoda	Tytthaspis sedecimpunctata	1	GCA_977970285.1	reference genome	icTytSede3.1	Chromosome		355678292	no
1002940	Udea alpinalis	Udea	Crambidae	Lepidoptera	Insecta	Arthropoda	Udea alpinalis	1	GCA_988221875.1	reference genome	ilUdeAlpi1.hap1.1	Chromosome		567483122	no
1002951	Udea decrepitalis	Udea	Crambidae	Lepidoptera	Insecta	Arthropoda	Udea decrepitalis	1	GCA_965642495.1	reference genome	ilUdeDecr1.hap1.1	Chromosome		851084790	no
1002954	Udea ferrugalis	Udea	Crambidae	Lepidoptera	Insecta	Arthropoda	Udea ferrugalis	1	GCA_950022985.1	reference genome	ilUdeFerr1.1	Chromosome		495594851	no
1002957	Udea hamalis	Udea	Crambidae	Lepidoptera	Insecta	Arthropoda	Udea hamalis	1	GCA_966184525.1	reference genome	ilUdeHama1.hap1.1	Chromosome		717946858	no
1002960	Udea inquinatalis	Udea	Crambidae	Lepidoptera	Insecta	Arthropoda	Udea inquinatalis	1	GCA_965607565.1	reference genome	ilUdeInqu1.hap1.1	Chromosome		829731611	no
1002964	Udea lutealis	Udea	Crambidae	Lepidoptera	Insecta	Arthropoda	Udea lutealis	2	GCA_966183945.1	reference genome	ilUdeLute1.hap1.1	Chromosome		687853074	no
1002967	Udea nebulalis	Udea	Crambidae	Lepidoptera	Insecta	Arthropoda	Udea nebulalis	2	GCA_988222055.1	reference genome	ilUdeNebu1.hap1.1	Chromosome		595480676	no
1002969	Udea numeralis	Udea	Crambidae	Lepidoptera	Insecta	Arthropoda	Udea numeralis	1	GCA_964340995.1		ilUdeNume1.hap1.1	Chromosome		613080766	no
1002971	Udea olivalis	Udea	Crambidae	Lepidoptera	Insecta	Arthropoda	Udea olivalis	1	GCA_947369235.1	reference genome	ilUdeOliv2.1	Chromosome		624338531	no
346868	Uleiota planata	Uleiota	Silvanidae	Coleoptera	Insecta	Arthropoda	Uleiota planata	1	GCA_965112455.1	reference genome	icUlePlan3.1	Chromosome		586491330	no
1552300	Ulomoides dermestoides	Ulomoides	Tenebrionidae	Coleoptera	Insecta	Arthropoda	Ulomoides dermestoides	1	GCA_040954815.1	reference genome	ASM4095481v1	Chromosome		253333524	no
3119811	Uncinus obductella	Uncinus	Pyralidae	Lepidoptera	Insecta	Arthropoda	Uncinus obductella	2	GCA_984574055.1	reference genome	ilUncObdu2.hap1.1	Chromosome		827908531	no
190385	Uranotaenia lowii	Uranotaenia	Culicidae	Diptera	Insecta	Arthropoda	Uranotaenia lowii	2	GCF_029784155.1	reference genome	ASM2978415v1	Chromosome		1077644186	yes
1870406	Uresiphita gilvata	Uresiphita	Crambidae	Lepidoptera	Insecta	Arthropoda	Uresiphita gilvata	1	GCA_982345245.1	reference genome	ilUreGilv1.hap1.1	Chromosome		576390918	no
1507180	Urocerus augur	Urocerus	Siricidae	Hymenoptera	Insecta	Arthropoda	Urocerus augur	1	GCA_986270265.1	reference genome	iyUroAugu1.1	Chromosome		179552902	no
527895	Uroleucon taraxaci	Uroleucon	Aphididae	Hemiptera	Insecta	Arthropoda	Uroleucon taraxaci	1	GCA_982935465.1	reference genome	ihUroTara1.hap1.1	Chromosome		497592251	no
503482	Urophora cardui	Urophora	Tephritidae	Diptera	Insecta	Arthropoda	Urophora cardui	1	GCA_960531455.1	reference genome	idUroCard1.1	Chromosome		837815835	no
1628836	Utetheisa pulchella	Utetheisa	Erebidae	Lepidoptera	Insecta	Arthropoda	Utetheisa pulchella	1	GCA_988240595.1	reference genome	ilUtePulc1.hap1.1	Chromosome		773272049	no
431949	Vandiemenella viatica	Vandiemenella	Morabidae	Orthoptera	Insecta	Arthropoda	Vandiemenella viatica	4	GCA_040549115.1	reference genome	FSUJ_Vv19_v1.0	Chromosome		4086600245	no
42275	Vanessa atalanta	Vanessa	Nymphalidae	Lepidoptera	Insecta	Arthropoda	Vanessa atalanta	2	GCF_905147765.1	reference genome	ilVanAtal1.2	Chromosome		370420815	yes
171605	Vanessa cardui	Vanessa	Nymphalidae	Lepidoptera	Insecta	Arthropoda	Vanessa cardui	2	GCF_905220365.2	reference genome	ilVanCard2.2	Chromosome		424798336	yes
334116	Vanessa tameamea	Vanessa	Nymphalidae	Lepidoptera	Insecta	Arthropoda	Vanessa tameamea	3	GCF_037043105.1	reference genome	ilVanTame1 primary haplotype	Chromosome		363368026	yes
1051359	Vanessa vulcania	Vanessa	Nymphalidae	Lepidoptera	Insecta	Arthropoda	Vanessa vulcania	1	GCA_982473485.1	reference genome	ilVanVulc1.hap1.1	Chromosome		370787806	no
304570	Velamysta pupilla	Velamysta	Nymphalidae	Lepidoptera	Insecta	Arthropoda	Velamysta pupilla	1	GCA_979468125.1	reference genome	ilVelPupi1.hap1.1	Chromosome		339164476	no
3081715	Velia sinensis	Velia	Veliidae	Hemiptera	Insecta	Arthropoda	Velia sinensis	1	GCA_059628785.1	reference genome	ASM5962878v1	Chromosome		690641221	no
32260	Venturia canescens	Venturia	Ichneumonidae	Hymenoptera	Insecta	Arthropoda	Venturia canescens	3	GCF_019457755.1	reference genome	ASM1945775v1	Chromosome		290760430	yes
572911	Venusia cambrica	Venusia	Geometridae	Lepidoptera	Insecta	Arthropoda	Venusia cambrica	1	GCA_951394065.1	reference genome	ilVenCamb1.1	Chromosome		470440638	no
7445	Vespa crabro	Vespa	Vespidae	Hymenoptera	Insecta	Arthropoda	Vespa crabro	3	GCF_910589235.1	reference genome	iyVesCrab1.2	Chromosome		229313526	yes
7446	Vespa mandarinia	Vespa	Vespidae	Hymenoptera	Insecta	Arthropoda	Vespa mandarinia	4	GCF_050613455.1	reference genome	ASM5061345v1	Chromosome		200843721	yes
202808	Vespa velutina	Vespa	Vespidae	Hymenoptera	Insecta	Arthropoda	Vespa velutina	2	GCF_912470025.1	reference genome	iVesVel2.1	Chromosome		193976845	yes
30212	Vespula germanica	Vespula	Vespidae	Hymenoptera	Insecta	Arthropoda	Vespula germanica	2	GCA_905340365.1	reference genome	iyVesGerm1.1	Chromosome		205771445	no
30213	Vespula pensylvanica	Vespula	Vespidae	Hymenoptera	Insecta	Arthropoda	Vespula pensylvanica	3	GCF_014466175.1	reference genome	ASM1446617v1	Chromosome		179370016	yes
7454	Vespula vulgaris	Vespula	Vespidae	Hymenoptera	Insecta	Arthropoda	Vespula vulgaris	3	GCF_905475345.1	reference genome	iyVesVulg1.1	Chromosome		188185082	yes
2753613	Villa cingulata	Villa	Bombyliidae	Diptera	Insecta	Arthropoda	Villa cingulata	1	GCA_951394055.1	reference genome	idVilCing2.1	Chromosome		412588003	no
2867260	Villa modesta	Villa	Bombyliidae	Diptera	Insecta	Arthropoda	Villa modesta	1	GCA_966184235.1	reference genome	idVilMode1.1	Chromosome		358433801	no
2883019	Villa occulta	Villa	Bombyliidae	Diptera	Insecta	Arthropoda	Villa occulta	1	GCA_978120645.1	reference genome	idVilOccu2.hap1.1	Chromosome		427076404	no
295991	Vincenzellus ruficollis	Vincenzellus	Salpingidae	Coleoptera	Insecta	Arthropoda	Vincenzellus ruficollis	1	GCA_982935415.1	reference genome	icVinRufi1.1	Chromosome		218266151	no
2998550	Virgichneumon dumeticola	Virgichneumon	Ichneumonidae	Hymenoptera	Insecta	Arthropoda	Virgichneumon dumeticola	1	GCA_979298335.1	reference genome	iyVirDume1.1	Chromosome		326756158	no
172418	Virgichneumon maculicauda	Virgichneumon	Ichneumonidae	Hymenoptera	Insecta	Arthropoda	Virgichneumon maculicauda	1	GCA_988222115.1	reference genome	iyVirMacu1.1	Chromosome		274975903	no
1352473	Volucella bombylans	Volucella	Syrphidae	Diptera	Insecta	Arthropoda	Volucella bombylans	1	GCA_949129095.1	reference genome	idVolBomb1.1	Chromosome		1213191877	no
226151	Volucella inanis	Volucella	Syrphidae	Diptera	Insecta	Arthropoda	Volucella inanis	1	GCA_907269105.1	reference genome	idVolInan1.1	Chromosome		961446857	no
226149	Volucella inflata	Volucella	Syrphidae	Diptera	Insecta	Arthropoda	Volucella inflata	1	GCA_928272305.1	reference genome	idVolInfl1.1	Chromosome		753463946	no
226150	Volucella pellucens	Volucella	Syrphidae	Diptera	Insecta	Arthropoda	Volucella pellucens	2	GCA_965234375.1	reference genome	idVolPell3.hap1.1	Chromosome		1242108113	no
511121	Volucella zonaria	Volucella	Syrphidae	Diptera	Insecta	Arthropoda	Volucella zonaria	1	GCA_963966105.1	reference genome	idVolZona1.1	Chromosome		1262783537	no
2998551	Vulgichneumon bimaculatus	Vulgichneumon	Ichneumonidae	Hymenoptera	Insecta	Arthropoda	Vulgichneumon bimaculatus	1	GCA_965234825.1	reference genome	iyVulBima1.1	Chromosome		277195395	no
361523	Warramaba virgo	Warramaba	Morabidae	Orthoptera	Insecta	Arthropoda	Warramaba virgo	1	GCA_053525555.1	reference genome	CSIRO-AGI_Wvir_V1	Chromosome		7807028871	no
721165	Watsonalla binaria	Watsonalla	Drepanidae	Lepidoptera	Insecta	Arthropoda	Watsonalla binaria	1	GCA_929442735.1	reference genome	ilWatBina1.1	Chromosome		333047658	no
721166	Watsonalla cultraria	Watsonalla	Drepanidae	Lepidoptera	Insecta	Arthropoda	Watsonalla cultraria	1	GCA_964035505.1	reference genome	ilWatCult2.1	Chromosome		319382117	no
1918189	Winthemia cruentata	Winthemia	Tachinidae	Diptera	Insecta	Arthropoda	Winthemia cruentata	1	GCA_965649395.1	reference genome	idWinCrue1.hap1.1	Chromosome		680207065	no
534398	Wockia asperipunctella	Wockia	Urodidae	Lepidoptera	Insecta	Arthropoda	Wockia asperipunctella	1	GCA_976954495.1	reference genome	ilWocAspe1.hap1.1	Chromosome		785033167	no
174621	Wyeomyia smithii	Wyeomyia	Culicidae	Diptera	Insecta	Arthropoda	Wyeomyia smithii	2	GCF_029784165.1	reference genome	ASM2978416v1	Chromosome		769230131	yes
414871	Xanthandrus comtus	Xanthandrus	Syrphidae	Diptera	Insecta	Arthropoda	Xanthandrus comtus	2	GCA_980751385.1	reference genome	idXanComt1.hap1.1	Chromosome		721703578	no
987434	Xanthia icteritia	Xanthia	Noctuidae	Lepidoptera	Insecta	Arthropoda	Xanthia icteritia	1	GCA_949128155.2	reference genome	ilXanIcte2.2	Chromosome		664622765	no
997532	Xanthia togata	Xanthia	Noctuidae	Lepidoptera	Insecta	Arthropoda	Xanthia togata	1	GCA_963853775.1	reference genome	ilXanToga5.1	Chromosome		799506577	no
346870	Xantholinus longiventris	Xantholinus	Staphylinidae	Coleoptera	Insecta	Arthropoda	Xantholinus longiventris	1	GCA_978045125.1	reference genome	icXanLong1.hap1.1	Chromosome		474068862	no
1241361	Xanthorhoe annotinata	Xanthorhoe	Geometridae	Lepidoptera	Insecta	Arthropoda	Xanthorhoe annotinata	1	GCA_965663695.1	reference genome	ilXanAnno1.hap1.1	Chromosome		479002559	no
934900	Xanthorhoe biriviata	Xanthorhoe	Geometridae	Lepidoptera	Insecta	Arthropoda	Xanthorhoe biriviata	1	GCA_982552355.1	reference genome	ilXanBiri1.hap1.1	Chromosome		291209692	no
685396	Xanthorhoe decoloraria	Xanthorhoe	Geometridae	Lepidoptera	Insecta	Arthropoda	Xanthorhoe decoloraria	1	GCA_976986395.1	reference genome	ilXanDeco1.hap1.1	Chromosome		322950671	no
934901	Xanthorhoe designata	Xanthorhoe	Geometridae	Lepidoptera	Insecta	Arthropoda	Xanthorhoe designata	1	GCA_963582015.1	reference genome	ilXanDesi1.1	Chromosome		351468362	no
190369	Xanthorhoe ferrugata	Xanthorhoe	Geometridae	Lepidoptera	Insecta	Arthropoda	Xanthorhoe ferrugata	1	GCA_965225905.1	reference genome	ilXanFerr1.hap1.1	Chromosome		341752689	no
934903	Xanthorhoe montanata	Xanthorhoe	Geometridae	Lepidoptera	Insecta	Arthropoda	Xanthorhoe montanata	1	GCA_964187945.1	reference genome	ilXanMont2.hap1.1	Chromosome		381093872	no
934904	Xanthorhoe spadicearia	Xanthorhoe	Geometridae	Lepidoptera	Insecta	Arthropoda	Xanthorhoe spadicearia	1	GCA_947086425.1	reference genome	ilXanSpad1.1	Chromosome		276674840	no
887762	Xanthostigma xanthostigma	Xanthostigma	Raphidiidae	Raphidioptera	Insecta	Arthropoda	Xanthostigma xanthostigma	1	GCA_963575645.1	reference genome	irXanXant1.1	Chromosome		623306951	no
988043	Xestia ashworthii	Xestia	Noctuidae	Lepidoptera	Insecta	Arthropoda	Xestia ashworthii	1	GCA_950022955.1	reference genome	ilXesAshw1.1	Chromosome		726312753	no
988044	Xestia baja	Xestia	Noctuidae	Lepidoptera	Insecta	Arthropoda	Xestia baja	2	GCA_964341265.1	reference genome	ilXesBaja2.hap1.1	Chromosome		584393306	no
987431	Xestia c-nigrum	Xestia	Noctuidae	Lepidoptera	Insecta	Arthropoda	Xestia c-nigrum	1	GCA_916618015.1	reference genome	ilXesCnig1.1	Chromosome		760303607	no
988045	Xestia castanea	Xestia	Noctuidae	Lepidoptera	Insecta	Arthropoda	Xestia castanea	2	GCA_965113115.1	reference genome	ilXesCast1.hap1.1	Chromosome		721776094	no
987439	Xestia rhomboidea	Xestia	Noctuidae	Lepidoptera	Insecta	Arthropoda	Xestia rhomboidea	1	GCA_963853795.1	reference genome	ilXesRhom1.1	Chromosome		604977608	no
997545	Xestia sexstrigata	Xestia	Noctuidae	Lepidoptera	Insecta	Arthropoda	Xestia sexstrigata	1	GCA_941918905.2	reference genome	ilXesSexs1.2	Chromosome		638317840	no
943756	Xestia speciosa	Xestia	Noctuidae	Lepidoptera	Insecta	Arthropoda	Xestia speciosa	2	GCA_988240735.1	reference genome	ilXesSpec1.hap2.1	Chromosome		714192986	no
988048	Xestia triangulum	Xestia	Noctuidae	Lepidoptera	Insecta	Arthropoda	Xestia triangulum	2	GCA_984799285.1	reference genome	ilXesTria1.1	Chromosome		805403938	no
988049	Xestia xanthographa	Xestia	Noctuidae	Lepidoptera	Insecta	Arthropoda	Xestia xanthographa	1	GCA_905147715.2	reference genome	ilXesXant1.2	Chromosome		933866812	no
879067	Xestobium rufovillosum	Xestobium	Ptinidae	Coleoptera	Insecta	Arthropoda	Xestobium rufovillosum	1	GCA_963966045.2	reference genome	icXesRufo2.2	Chromosome		475543710	no
871386	Xiphydria camelus	Xiphydria	Xiphydriidae	Hymenoptera	Insecta	Arthropoda	Xiphydria camelus	1	GCA_963678675.1	reference genome	iyXipCame1.1	Chromosome		357305978	no
1870429	Xylena solidaginis	Xylena	Noctuidae	Lepidoptera	Insecta	Arthropoda	Xylena solidaginis	1	GCA_984574085.1	reference genome	ilXylSoli2.hap1.1	Chromosome		668039297	no
988050	Xylena vetusta	Xylena	Noctuidae	Lepidoptera	Insecta	Arthropoda	Xylena vetusta	1	GCA_965275965.1	reference genome	ilXylVetu1.hap1.1	Chromosome		611088495	no
1870430	Xylocampa areola	Xylocampa	Noctuidae	Lepidoptera	Insecta	Arthropoda	Xylocampa areola	1	GCA_935421205.1	reference genome	ilXylAreo1.1	Chromosome		564553094	no
521057	Xylocopa dejeanii	Xylocopa	Apidae	Hymenoptera	Insecta	Arthropoda	Xylocopa dejeanii	1	GCA_049004755.1	reference genome	ASM4900475v1	Chromosome		194456016	no
1818115	Xylocopa sonorina	Xylocopa	Apidae	Hymenoptera	Insecta	Arthropoda	Xylocopa sonorina	2	GCF_050948175.1	reference genome	iyXylSono1_principal	Chromosome		580828064	yes
2797701	Xylomoia graminea	Xylomoia	Noctuidae	Lepidoptera	Insecta	Arthropoda	Xylomoia graminea	1	GCA_986449175.1	reference genome	ilXylGram1.hap1.1	Chromosome		720245913	no
1689122	Xylophagus ater	Xylophagus	Xylophagidae	Diptera	Insecta	Arthropoda	Xylophagus ater	1	GCA_963422695.1	reference genome	idXylAter1.1	Chromosome		459280769	no
374263	Xylota segnis	Xylota	Syrphidae	Diptera	Insecta	Arthropoda	Xylota segnis	1	GCA_963583995.1	reference genome	idXylSegn2.1	Chromosome		422908218	no
374264	Xylota sylvarum	Xylota	Syrphidae	Diptera	Insecta	Arthropoda	Xylota sylvarum	1	GCA_905220385.1	reference genome	idXylSylv2.1	Chromosome		534819879	no
381397	Xyphosia miliaria	Xyphosia	Tephritidae	Diptera	Insecta	Arthropoda	Xyphosia miliaria	2	GCA_965200055.1	reference genome	idXypMili3.hap1.1	Chromosome		806978011	no
1280477	Xystophora pulveratella	Xystophora	Gelechiidae	Lepidoptera	Insecta	Arthropoda	Xystophora pulveratella	1	GCA_977063095.1	reference genome	ilXysPulv1.hap1.1	Chromosome		444352132	no
2995028	Yezognophos vittaria	Yezognophos	Geometridae	Lepidoptera	Insecta	Arthropoda	Yezognophos vittaria	1	GCA_978018145.1	reference genome	ilYezVitt1.hap1.1	Chromosome		632609366	no
2567736	Yponomeuta cagnagella	Yponomeuta	Yponomeutidae	Lepidoptera	Insecta	Arthropoda	Yponomeuta cagnagella	2	GCA_947310995.1	reference genome	ilYpoCagn1.1	Chromosome		575378505	no
2567737	Yponomeuta evonymella	Yponomeuta	Yponomeutidae	Lepidoptera	Insecta	Arthropoda	Yponomeuta evonymella	1	GCA_963969515.1	reference genome	ilYpoEvon2.1	Chromosome		572726220	no
33466	Yponomeuta malinellus	Yponomeuta	Yponomeutidae	Lepidoptera	Insecta	Arthropoda	Yponomeuta malinellus	1	GCA_947308005.1	reference genome	ilYpoRore1.1	Chromosome		568742162	no
1594356	Yponomeuta plumbellus	Yponomeuta	Yponomeutidae	Lepidoptera	Insecta	Arthropoda	Yponomeuta plumbellus	1	GCA_947310845.1	reference genome	ilYpoPlub1.1	Chromosome		636627394	no
263933	Yponomeuta sedellus	Yponomeuta	Yponomeutidae	Lepidoptera	Insecta	Arthropoda	Yponomeuta sedellus	1	GCA_934045075.1	reference genome	ilYpoSedl1.1	Chromosome		657566992	no
1870431	Ypsolopha asperella	Ypsolopha	Ypsolophidae	Lepidoptera	Insecta	Arthropoda	Ypsolopha asperella	1	GCA_987272835.1	reference genome	ilYpsAspe1.hap1.1	Chromosome		767434538	no
687148	Ypsolopha dentella	Ypsolopha	Ypsolophidae	Lepidoptera	Insecta	Arthropoda	Ypsolopha dentella	1	GCA_977015205.1	reference genome	ilYpsDent3.hap1.1	Chromosome		2579875930	no
1870432	Ypsolopha horridella	Ypsolopha	Ypsolophidae	Lepidoptera	Insecta	Arthropoda	Ypsolopha horridella	1	GCA_986885495.1	reference genome	ilYpsHorr1.hap1.1	Chromosome		814434702	no
1870435	Ypsolopha scabrella	Ypsolopha	Ypsolophidae	Lepidoptera	Insecta	Arthropoda	Ypsolopha scabrella	1	GCA_910592155.1	reference genome	ilYpsScab1.1	Chromosome		853578453	no
1870436	Ypsolopha sequella	Ypsolopha	Ypsolophidae	Lepidoptera	Insecta	Arthropoda	Ypsolopha sequella	1	GCA_934047225.1	reference genome	ilYpsSequ2.1	Chromosome		866863759	no
1858087	Ypsolopha sylvella	Ypsolopha	Ypsolophidae	Lepidoptera	Insecta	Arthropoda	Ypsolopha sylvella	1	GCA_978897515.1	reference genome	ilYpsSylv1.hap1.1	Chromosome		960796011	no
122865	Zabrotes subfasciatus	Zabrotes	Chrysomelidae	Coleoptera	Insecta	Arthropoda	Zabrotes subfasciatus	1	GCA_057378695.1	reference genome	Zsub_v1	Chromosome		551795371	no
1667571	Zaglyptus varipes	Zaglyptus	Ichneumonidae	Hymenoptera	Insecta	Arthropoda	Zaglyptus varipes	1	GCA_986606625.1	reference genome	iyZagVari1.hap1.1	Chromosome		297719401	no
1104517	Zeiraphera griseana	Zeiraphera	Tortricidae	Lepidoptera	Insecta	Arthropoda	Zeiraphera griseana	1	GCA_977013185.1	reference genome	ilZeiGris1.hap1.1	Chromosome		629088423	no
1080930	Zele albiditarsus	Zele	Braconidae	Hymenoptera	Insecta	Arthropoda	Zele albiditarsus	1	GCA_958496275.1	reference genome	iyZelAlbi1.1	Chromosome		137676224	no
1080924	Zele chlorophthalmus	Zele	Braconidae	Hymenoptera	Insecta	Arthropoda	Zele chlorophthalmus	1	GCA_977089975.1	reference genome	iyZelChlo1.hap1.1	Chromosome		132170467	no
1594360	Zelleria hepariella	Zelleria	Yponomeutidae	Lepidoptera	Insecta	Arthropoda	Zelleria hepariella	1	GCA_949319315.1	reference genome	ilZelHepa1.1	Chromosome		428770458	no
2561853	Zelleria oleastrella	Zelleria	Yponomeutidae	Lepidoptera	Insecta	Arthropoda	Zelleria oleastrella	1	GCA_965260815.1	reference genome	ilZelOlea1.hap1.1	Chromosome		636606428	no
33412	Zerene cesonia	Zerene	Pieridae	Lepidoptera	Insecta	Arthropoda	Zerene cesonia	2	GCF_012273895.1	reference genome	Zerene_cesonia_1.1	Chromosome		266405969	yes
132710	Zerynthia rumina	Zerynthia	Papilionidae	Lepidoptera	Insecta	Arthropoda	Zerynthia rumina	1	GCA_965178335.1	reference genome	ilZerRumi1.hap1.1	Chromosome		852841994	no
1973593	Zethes insularis	Zethes	Erebidae	Lepidoptera	Insecta	Arthropoda	Zethes insularis	2	GCA_965239655.1	reference genome	ilZetInsu1.hap2.1	Chromosome		869197967	no
28588	Zeugodacus cucurbitae	Zeugodacus	Tephritidae	Diptera	Insecta	Arthropoda	Zeugodacus cucurbitae	2	GCF_028554725.1	reference genome	idZeuCucr1.2	Chromosome		439243742	yes
86798	Zeugodacus scutellatus	Zeugodacus	Tephritidae	Diptera	Insecta	Arthropoda	Zeugodacus scutellatus	1	GCA_051201265.1	reference genome	Zscut_ZJ_v1	Chromosome		408449039	no
137263	Zeugodacus tau	Zeugodacus	Tephritidae	Diptera	Insecta	Arthropoda	Zeugodacus tau	1	GCA_031772095.1	reference genome	ASM3177209v1	Chromosome		420597739	no
1101072	Zeuzera pyrina	Zeuzera	Cossidae	Lepidoptera	Insecta	Arthropoda	Zeuzera pyrina	1	GCA_907165235.1	reference genome	ilZeuPyri1.1	Chromosome		686887975	no
3094285	Zhengitettix transpicula	Zhengitettix	Tetrigidae	Orthoptera	Insecta	Arthropoda	Zhengitettix transpicula	1	GCA_037074705.1	reference genome	ASM3707470v1	Chromosome		993635316	no
7074	Zophobas atratus	Zophobas	Tenebrionidae	Coleoptera	Insecta	Arthropoda	Zophobas atratus	1	GCA_022388445.1	reference genome	Zophobas_atratus_KSU_v.1	Chromosome		478145070	no
687150	Zophodia grossulariella	Zophodia	Pyralidae	Lepidoptera	Insecta	Arthropoda	Zophodia grossulariella	2	GCA_965234215.1	reference genome	ilZopGros1.hap2.1	Chromosome		425655722	no
287362	Zygaena angelicae	Zygaena	Zygaenidae	Lepidoptera	Insecta	Arthropoda	Zygaena angelicae	1	GCA_977845545.1	reference genome	ilZygAnge1.hap1.1	Chromosome		440191534	no
287365	Zygaena armena	Zygaena	Zygaenidae	Lepidoptera	Insecta	Arthropoda	Zygaena armena	1	GCA_964264925.1	reference genome	ilZygLoti1.hap1.1	Chromosome		435680217	no
287238	Zygaena carniolica	Zygaena	Zygaenidae	Lepidoptera	Insecta	Arthropoda	Zygaena carniolica	1	GCA_964261665.1	reference genome	ilZygCarn1.hap1.1	Chromosome		353387790	no
287314	Zygaena cynarae	Zygaena	Zygaenidae	Lepidoptera	Insecta	Arthropoda	Zygaena cynarae	1	GCA_982552365.1	reference genome	ilZygCyna1.hap1.1	Chromosome		367050659	no
287367	Zygaena dorycnii	Zygaena	Zygaenidae	Lepidoptera	Insecta	Arthropoda	Zygaena dorycnii	1	GCA_964275295.1	reference genome	ilZygEphi1.hap1.1	Chromosome		425581643	no
287373	Zygaena exulans	Zygaena	Zygaenidae	Lepidoptera	Insecta	Arthropoda	Zygaena exulans	1	GCA_964261585.1	reference genome	ilZygExul1.hap1.1	Chromosome		366422188	no
287248	Zygaena fausta	Zygaena	Zygaenidae	Lepidoptera	Insecta	Arthropoda	Zygaena fausta	1	GCA_964505435.1	reference genome	ilZygFaus1.hap1.1	Chromosome		432358648	no
287375	Zygaena filipendulae	Zygaena	Zygaenidae	Lepidoptera	Insecta	Arthropoda	Zygaena filipendulae	2	GCA_907165275.2	reference genome	ilZygFili1.2	Chromosome		365930723	no
287327	Zygaena laeta	Zygaena	Zygaenidae	Lepidoptera	Insecta	Arthropoda	Zygaena laeta	1	GCA_976954175.1	reference genome	ilZygLaet5.1	Chromosome		362567023	no
287393	Zygaena oxytropis	Zygaena	Zygaenidae	Lepidoptera	Insecta	Arthropoda	Zygaena oxytropis	1	GCA_982560525.1		ilZygOxyt1.hap1.1	Chromosome		359068383	no
2561855	Zygaena punctum	Zygaena	Zygaenidae	Lepidoptera	Insecta	Arthropoda	Zygaena punctum	1	GCA_982552335.1	reference genome	ilZygPunc3.hap1.1	Chromosome		334860283	no
287345	Zygaena purpuralis	Zygaena	Zygaenidae	Lepidoptera	Insecta	Arthropoda	Zygaena purpuralis	1	GCA_964270835.1	reference genome	ilZygPurp1.hap1.1	Chromosome		429520078	no
2567750	Zygaena rubicunda	Zygaena	Zygaenidae	Lepidoptera	Insecta	Arthropoda	Zygaena rubicunda	1	GCA_982499385.1	reference genome	ilZygRubi1.hap1.1	Chromosome		401092873	no
287354	Zygaena sarpedon	Zygaena	Zygaenidae	Lepidoptera	Insecta	Arthropoda	Zygaena sarpedon	1	GCA_964338965.1	reference genome	ilZygSarp1.hap1.1	Chromosome		342175356	no
