species_taxid	species_name	genus	family	order	class	phylum	organism_name	n_assemblies_passing_filters	accession	refseq_category	assembly_name	assembly_level	release_date	total_sequence_length	annotated
38527	Abramis brama	Abramis	Leuciscidae	Cypriniformes	Actinopteri	Chordata	Abramis brama	3	GCF_963993115.1	reference genome	fAbrBra2.1	Chromosome		1108201685	yes
50731	Abudefduf saxatilis	Abudefduf	Pomacentridae		Actinopteri	Chordata	Abudefduf saxatilis	1	GCA_977929305.1	reference genome	fAbuSax1.1	Chromosome		793674614	no
80948	Abudefduf sexfasciatus	Abudefduf	Pomacentridae		Actinopteri	Chordata	Abudefduf sexfasciatus	2	GCA_988280645.1	reference genome	Abudefduf sexfasciatus_haplotype_2_assembly	Chromosome		777747079	no
1603565	Acanthis cabaret	Acanthis	Fringillidae	Passeriformes	Aves	Chordata	Acanthis cabaret	1	GCA_988280675.1	reference genome	bAcaCab1.hap1.1	Chromosome		1250511351	no
54769	Acanthis flammea	Acanthis	Fringillidae	Passeriformes	Aves	Chordata	Acanthis flammea	2	GCA_987194025.1	reference genome	bAcaFla1.hap1.1	Chromosome		1246341599	no
57068	Acanthisitta chloris	Acanthisitta	Acanthisittidae	Passeriformes	Aves	Chordata	Acanthisitta chloris	1	GCA_016904835.3		bAcaChl1.pri	Chromosome		1077368553	no
80966	Acanthochromis polyacanthus	Acanthochromis	Pomacentridae		Actinopteri	Chordata	Acanthochromis polyacanthus	2	GCF_021347895.1	reference genome	KAUST_Apoly_ChrSc	Chromosome		956771783	yes
13323	Acanthocybium solandri	Acanthocybium	Scombridae	Scombriformes	Actinopteri	Chordata	Acanthocybium solandri	2	GCA_988240765.1	reference genome	Acanthocybium solandri_haplotype_1_assembly	Chromosome		813291443	no
267130	Acanthogobius hasta	Acanthogobius	Gobiidae	Gobiiformes	Actinopteri	Chordata	Acanthogobius hasta	1	GCA_060496835.1	reference genome	ASM6049683v1	Chromosome		951862148	no
8177	Acanthopagrus latus	Acanthopagrus	Sparidae	Spariformes	Actinopteri	Chordata	Acanthopagrus latus	6	GCF_904848185.1	reference genome	fAcaLat1.1	Chromosome		685127588	yes
72011	Acanthopagrus schlegelii	Acanthopagrus	Sparidae	Spariformes	Actinopteri	Chordata	Acanthopagrus schlegelii	2	GCA_041753875.1	reference genome	ASM4175387v1	Complete Genome		714975658	yes
51758	Acanthurus chirurgus	Acanthurus	Acanthuridae	Acanthuriformes	Actinopteri	Chordata	Acanthurus chirurgus	2	GCA_055796265.1	reference genome	ASM5579626v1	Chromosome		649277526	no
157585	Acanthurus coeruleus	Acanthurus	Acanthuridae	Acanthuriformes	Actinopteri	Chordata	Acanthurus coeruleus	1	GCA_977062895.1	reference genome	fAcaCoe1.1	Chromosome		660698797	no
175431	Acanthurus nigricans	Acanthurus	Acanthuridae	Acanthuriformes	Actinopteri	Chordata	Acanthurus nigricans	2	GCA_988281415.1	reference genome	Acanthurus nigricans_haplotype_2_assembly	Chromosome		669525079	no
1316013	Acanthurus tractus	Acanthurus	Acanthuridae	Acanthuriformes	Actinopteri	Chordata	Acanthurus tractus	1	GCA_980438365.1	reference genome	fAcaTra1.1	Chromosome		650160964	no
258530	Accipiter gularis	Accipiter	Accipitridae	Accipitriformes	Aves	Chordata	Accipiter gularis	2	GCA_046127185.1	reference genome	Aguhap1	Chromosome		1186676641	no
211598	Accipiter nisus	Accipiter	Accipitridae	Accipitriformes	Aves	Chordata	Accipiter nisus	2	GCA_978019815.1	reference genome	bAccNis1.hap2.1	Chromosome		1231573886	no
639287	Acestrorhynchus altus	Acestrorhynchus	Acestrorhynchidae	Characiformes	Actinopteri	Chordata	Acestrorhynchus altus	1	GCA_034509495.1	reference genome	ASM3450949v1	Chromosome		950195876	no
32536	Acinonyx jubatus	Acinonyx	Felidae	Carnivora	Mammalia	Chordata	Acinonyx jubatus	2	GCF_027475565.1	reference genome	VMU_Ajub_asm_v1.0	Chromosome		2377417351	yes
42330	Acipenser naccarii	Acipenser	Acipenseridae	Acipenseriformes	Actinopteri	Chordata	Acipenser naccarii	1	GCA_055691345.2	reference genome	fAciNac1.hap1	Chromosome		1939452274	no
36177	Acipenser oxyrinchus	Acipenser	Acipenseridae	Acipenseriformes	Actinopteri	Chordata	Acipenser oxyrinchus oxyrinchus	1	GCA_030684275.1	reference genome	Acipenser_oxyrinchus.AOXY1.1	Chromosome		1862452108	yes
7906	Acipenser ruthenus	Acipenser	Acipenseridae	Acipenseriformes	Actinopteri	Chordata	Acipenser ruthenus	5	GCF_902713425.1	reference genome	fAciRut3.2 maternal haplotype	Chromosome		1899794300	yes
61970	Acipenser sinensis	Acipenser	Acipenseridae	Acipenseriformes	Actinopteri	Chordata	Acipenser sinensis	1	GCA_052858605.1	reference genome	ASM5285860v1	Chromosome		1995374126	no
446776	Acnodon oligacanthus	Acnodon	Serrasalmidae	Characiformes	Actinopteri	Chordata	Acnodon oligacanthus	1	GCA_051861665.1	reference genome	AOLI_1.1	Chromosome		1234233490	yes
10068	Acomys cahirinus	Acomys	Muridae	Rodentia	Mammalia	Chordata	Acomys cahirinus	1	GCA_029890205.1	reference genome	ASM2989020v1	Chromosome		2270846306	no
60744	Acomys dimidiatus	Acomys	Muridae	Rodentia	Mammalia	Chordata	Acomys dimidiatus	2	GCA_059469395.1	reference genome	ASM5946939v1	Chromosome		2222868129	no
83762	Acomys kempi	Acomys	Muridae	Rodentia	Mammalia	Chordata	Acomys kempi	1	GCA_907164505.1	reference genome	mAcoKem2_REL_1905	Chromosome		2162154686	no
83528	Acomys minous	Acomys	Muridae	Rodentia	Mammalia	Chordata	Acomys minous	2	GCF_964271855.1	reference genome	mAcoMin1.4	Chromosome		2350177229	yes
60746	Acomys russatus	Acomys	Muridae	Rodentia	Mammalia	Chordata	Acomys russatus	2	GCF_903995435.1	reference genome	mAcoRus1.1	Chromosome		2301522284	yes
279927	Acridotheres tristis	Acridotheres	Sturnidae	Passeriformes	Aves	Chordata	Acridotheres tristis	2	GCA_037013685.1	reference genome	AcTris_vAus2.0	Chromosome		1040539946	no
316450	Acritoscincus duperreyi	Acritoscincus	Scincidae	Squamata	Lepidosauria	Chordata	Acritoscincus duperreyi	1	GCA_041722995.2	reference genome	BASDU_1.0	Chromosome		1567876677	no
68471	Acrocephalus paludicola	Acrocephalus	Sylviidae	Passeriformes	Aves	Chordata	Acrocephalus paludicola	1	GCA_965287075.1	reference genome	bAcrPal2.2	Chromosome		1163426503	no
52609	Acrocephalus schoenobaenus	Acrocephalus	Sylviidae	Passeriformes	Aves	Chordata	Acrocephalus schoenobaenus	1	GCA_987194055.1		bAcrSch1.hap1.1	Chromosome		1356610264	no
48156	Acrocephalus scirpaceus	Acrocephalus	Sylviidae	Passeriformes	Aves	Chordata	Acrocephalus scirpaceus scirpaceus	1	GCA_910950805.1	reference genome	RW_assembly	Chromosome		1075083815	no
68481	Acrocephalus sechellensis	Acrocephalus	Sylviidae	Passeriformes	Aves	Chordata	Acrocephalus sechellensis	1	GCA_977063075.1	reference genome	Seychelles_warbler_reference_genome	Chromosome		1091184475	no
356809	Acrossocheilus fasciatus	Acrossocheilus	Cyprinidae	Cypriniformes	Actinopteri	Chordata	Acrossocheilus fasciatus	2	GCA_036784905.1	reference genome	ASM3678490v1	Chromosome		899129631	no
1539280	Acrossocheilus kreyenbergii	Acrossocheilus	Cyprinidae	Cypriniformes	Actinopteri	Chordata	Acrossocheilus kreyenbergii	1	GCA_057711955.1	reference genome	ASM5771195v1	Chromosome		915751339	no
356812	Acrossocheilus parallens	Acrossocheilus	Cyprinidae	Cypriniformes	Actinopteri	Chordata	Acrossocheilus parallens	1	GCA_057233245.1	reference genome	AP_female_v1.0	Chromosome		924713575	no
1279364	Acrossocheilus wenchowensis	Acrossocheilus	Cyprinidae	Cypriniformes	Actinopteri	Chordata	Acrossocheilus wenchowensis	3	GCA_054650785.1	reference genome	Awe_hap2_v1.0	Chromosome		868363369	no
75336	Acrossocheilus yunnanensis	Acrossocheilus	Cyprinidae	Cypriniformes	Actinopteri	Chordata	Acrossocheilus yunnanensis	1	GCA_056135345.1	reference genome	ASM5613534v1	Chromosome		1017540737	no
59515	Addax nasomaculatus	Addax	Bovidae	Artiodactyla	Mammalia	Chordata	Addax nasomaculatus	1	GCA_044231825.1	reference genome	ASM4423182v1	Chromosome		2846199114	no
190660	Aechmophorus clarkii	Aechmophorus	Podicipedidae	Podicipediformes	Aves	Chordata	Aechmophorus clarkii	2	GCA_054644155.1	reference genome	bAecCla1.pri	Chromosome		1671505086	no
73327	Aegithalos caudatus	Aegithalos	Aegithalidae	Passeriformes	Aves	Chordata	Aegithalos caudatus	1	GCA_977066295.1	reference genome	bAegCau2.hap1.1	Chromosome		1216966789	no
48277	Aegotheles albertisi	Aegotheles	Aegothelidae	Caprimulgiformes	Aves	Chordata	Aegotheles albertisi	2	GCA_039906565.1	reference genome	bAegAlb1.hap1	Chromosome		1167479976	yes
60463	Agapornis fischeri	Agapornis	Psittacidae	Psittaciformes	Aves	Chordata	Agapornis fischeri	1	GCA_051622115.1	reference genome	AgFisc1.0	Chromosome		1196895830	no
60468	Agapornis roseicollis	Agapornis	Psittacidae	Psittaciformes	Aves	Chordata	Agapornis roseicollis	1	GCA_051622155.1	reference genome	AgRose1.0	Chromosome		1159470847	no
39638	Agelaius phoeniceus	Agelaius	Icteridae	Passeriformes	Aves	Chordata	Agelaius phoeniceus	5	GCF_051311805.1	reference genome	bAgePho1.hap1	Chromosome		1238411316	yes
508607	Agonus cataphractus	Agonus	Agonidae	Perciformes	Actinopteri	Chordata	Agonus cataphractus	1	GCA_975247245.1	reference genome	fAgoCat1.1	Chromosome		673558796	no
499056	Ahaetulla prasina	Ahaetulla	Colubridae	Squamata	Lepidosauria	Chordata	Ahaetulla prasina	2	GCF_028640845.1	reference genome	ASM2864084v1	Chromosome		1772420080	yes
195073	Aidablennius sphynx	Aidablennius	Blenniidae	Blenniiformes	Actinopteri	Chordata	Aidablennius sphynx	1	GCA_977009285.1	reference genome	fAidSph1.1	Chromosome		634907890	no
9646	Ailuropoda melanoleuca	Ailuropoda	Ursidae	Carnivora	Mammalia	Chordata	Ailuropoda melanoleuca	1	GCA_029963865.1		CPB_AME_v1	Chromosome		2478972487	no
88112	Alauda arvensis	Alauda	Alaudidae	Passeriformes	Aves	Chordata	Alauda arvensis	1	GCA_987194035.1	reference genome	bAlaArv1.hap1.1	Chromosome		1115087294	no
121402	Albula glossodonta	Albula	Albulidae	Albuliformes	Actinopteri	Chordata	Albula glossodonta	2	GCA_056783665.1	reference genome	fAlbGlo1.hap1	Chromosome		985760009	no
1534307	Albula goreensis	Albula	Albulidae	Albuliformes	Actinopteri	Chordata	Albula goreensis	1	GCA_022829145.1	reference genome	AGOR_1.0	Chromosome		933663665	yes
54556	Alburnus alburnus	Alburnus	Leuciscidae	Cypriniformes	Actinopteri	Chordata	Alburnus alburnus	2	GCA_964188515.1	reference genome	fAlbAlb.hap1	Chromosome		1005398986	no
28689	Alca torda	Alca	Alcidae	Charadriiformes	Aves	Chordata	Alca torda	1	GCA_008658365.1	reference genome	bAlcTor1 primary	Chromosome		1178473458	yes
36245	Alcedo atthis	Alcedo	Alcedinidae	Coraciiformes	Aves	Chordata	Alcedo atthis	1	GCA_987195655.1	reference genome	bAlcAtt1.hap1.1	Chromosome		1143064527	no
167804	Aldabrachelys gigantea	Aldabrachelys	Testudinidae	Testudines		Chordata	Aldabrachelys gigantea	1	GCA_026122505.1	reference genome	AldGig_1.0	Chromosome		2373354137	no
9078	Alectoris chukar	Alectoris	Phasianidae	Galliformes	Aves	Chordata	Alectoris chukar	1	GCA_035666275.1	reference genome	chu_hap1.0	Chromosome		1034932086	no
40178	Alectoris graeca	Alectoris	Phasianidae	Galliformes	Aves	Chordata	Alectoris graeca	1	GCA_965278835.1	reference genome	bAleGra1.1	Chromosome		1114500572	no
40179	Alectoris magna	Alectoris	Phasianidae	Galliformes	Aves	Chordata	Alectoris magna	1	GCA_030625065.1	reference genome	ASM3062506v1	Chromosome		1135030874	no
9079	Alectoris rufa	Alectoris	Phasianidae	Galliformes	Aves	Chordata	Alectoris rufa	2	GCA_051903495.1	reference genome	Arufa_2401F	Complete Genome		1037582712	no
170189	Alepocephalus tenebrosus	Alepocephalus	Alepocephalidae	Alepocephaliformes	Actinopteri	Chordata	Alepocephalus tenebrosus	2	GCA_056824585.1	reference genome	fAleTen1.hap1	Chromosome		2099802557	no
100897	Alexandromys fortis	Alexandromys	Cricetidae	Rodentia	Mammalia	Chordata	Alexandromys fortis	2	GCA_054502245.1		ASM5450224v1	Chromosome		2286498262	yes
8496	Alligator mississippiensis	Alligator	Alligatoridae	Crocodylia		Chordata	Alligator mississippiensis	4	GCF_030867095.1	reference genome	rAllMis1	Chromosome		2346779227	yes
30382	Alopochen aegyptiaca	Alopochen	Anatidae	Anseriformes	Aves	Chordata	Alopochen aegyptiaca	1	GCA_965278175.1	reference genome	bAloAeg2.hap1.1	Chromosome		1272231060	no
278164	Alosa alosa	Alosa	Clupeidae	Clupeiformes	Actinopteri	Chordata	Alosa alosa	2	GCF_017589495.1	reference genome	AALO_Geno_1.1	Chromosome		854447983	yes
34773	Alosa sapidissima	Alosa	Clupeidae	Clupeiformes	Actinopteri	Chordata	Alosa sapidissima	3	GCF_018492685.1	reference genome	fAloSap1.pri	Chromosome		903564947	yes
246622	Alphestes afer	Alphestes	Serranidae	Perciformes	Actinopteri	Chordata	Alphestes afer	1	GCA_977120785.1	reference genome	fAlpAfe1.1	Chromosome		1004062499	no
303710	Aluterus scriptus	Aluterus	Monacanthidae	Tetraodontiformes	Actinopteri	Chordata	Aluterus scriptus	2	GCA_988240295.1	reference genome	Aluterus scriptus_haplotype_2_assembly	Chromosome		512887684	no
12930	Amazona aestiva	Amazona	Psittacidae	Psittaciformes	Aves	Chordata	Amazona aestiva	1	GCA_017639355.1	reference genome	Aaes_hic	Chromosome		1130393257	no
151761	Amazona ochrocephala	Amazona	Psittacidae	Psittaciformes	Aves	Chordata	Amazona ochrocephala	2	GCA_039720435.1	reference genome	bAmaOch1.hap1	Chromosome		1361896792	yes
241585	Amazona vittata	Amazona	Psittacidae	Psittaciformes	Aves	Chordata	Amazona vittata	1	GCA_980694505.1	reference genome	bAmaVit1.2.curated_20260112_allscaffolds.masked	Chromosome		1182534869	no
1195602	Amblyopsis spelaea	Amblyopsis	Amblyopsidae	Percopsiformes	Actinopteri	Chordata	Amblyopsis spelaea	2	GCA_046255725.1	reference genome	fAmbSpe1.hap2	Chromosome		865090090	no
386614	Amblyraja radiata	Amblyraja	Rajidae	Rajiformes	Chondrichthyes	Chordata	Amblyraja radiata	2	GCF_010909765.2	reference genome	sAmbRad1.1.pri	Chromosome		2558784953	yes
8296	Ambystoma mexicanum	Ambystoma	Ambystomatidae	Caudata	Amphibia	Chordata	Ambystoma mexicanum	2	GCF_040938575.1	reference genome	UKY_AmexF1_1	Chromosome		29117848270	yes
8305	Ambystoma tigrinum	Ambystoma	Ambystomatidae	Caudata	Amphibia	Chordata	Ambystoma tigrinum	1	GCA_061212105.1	reference genome	UKY_AtigF1_1	Chromosome		29974357795	no
219545	Ameiurus melas	Ameiurus	Ictaluridae	Siluriformes	Actinopteri	Chordata	Ameiurus melas	1	GCA_012411365.1	reference genome	AMELA_1.0	Chromosome		868496679	yes
7924	Amia calva	Amia	Amiidae	Amiiformes	Actinopteri	Chordata	Amia calva	1	GCA_017591415.1	reference genome	AmiCal1	Chromosome		831002832	no
2972642	Amia ocellicauda	Amia	Amiidae	Amiiformes	Actinopteri	Chordata	Amia ocellicauda	3	GCF_036373705.1	reference genome	fAmiCal2.hap1	Chromosome		989103751	yes
1266862	Ammodytes dubius	Ammodytes	Ammodytidae	Uranoscopiformes	Actinopteri	Chordata	Ammodytes dubius	1	GCA_026122265.1	reference genome	UConn_ADub_2022	Chromosome		748563532	no
146480	Ammodytes marinus	Ammodytes	Ammodytidae	Uranoscopiformes	Actinopteri	Chordata	Ammodytes marinus	2	GCF_949987685.1	reference genome	fAmmMar1.1	Chromosome		777819083	yes
2857398	Ammospiza caudacuta	Ammospiza	Passerellidae	Passeriformes	Aves	Chordata	Ammospiza caudacuta	2	GCF_027887145.1	reference genome	bAmmCau1.pri	Chromosome		1241209685	yes
2707177	Ammospiza maritima	Ammospiza	Passerellidae	Passeriformes	Aves	Chordata	Ammospiza maritima maritima	1	GCA_036010785.1	reference genome	bAmmMar1.pri	Chromosome		1397839254	yes
2857394	Ammospiza nelsoni	Ammospiza	Passerellidae	Passeriformes	Aves	Chordata	Ammospiza nelsoni	2	GCF_027579445.1	reference genome	bAmmNel1.pri	Chromosome		1185463352	yes
61819	Amphilophus citrinellus	Amphilophus	Cichlidae	Cichliformes	Actinopteri	Chordata	Amphilophus citrinellus	1	GCA_013435755.1	reference genome	ASM1343575v1	Chromosome		961214450	no
80970	Amphiprion clarkii	Amphiprion	Pomacentridae		Actinopteri	Chordata	Amphiprion clarkii	1	GCA_027123335.1	reference genome	OIST_Acla_v1	Chromosome		846392538	no
80972	Amphiprion ocellaris	Amphiprion	Pomacentridae		Actinopteri	Chordata	Amphiprion ocellaris	2	GCF_022539595.1	reference genome	ASM2253959v1	Chromosome		863468154	yes
161767	Amphiprion percula	Amphiprion	Pomacentridae		Actinopteri	Chordata	Amphiprion percula	1	GCA_003047355.2	reference genome	Nemo_v1.1	Chromosome		908939294	no
64144	Anabas testudineus	Anabas	Anabantidae	Anabantiformes	Actinopteri	Chordata	Anabas testudineus	2	GCF_900324465.3	reference genome	fAnaTes1.3	Chromosome		555641398	yes
195821	Anableps anableps	Anableps	Anablepidae	Cyprinodontiformes	Actinopteri	Chordata	Anableps anableps	1	GCA_014839685.1	reference genome	fAnaAna1.pri	Chromosome		867616482	yes
71183	Anaecypris hispanica	Anaecypris	Leuciscidae	Cypriniformes	Actinopteri	Chordata	Anaecypris hispanica	2	GCA_964187705.1	reference genome	fAnaHis.hap1	Chromosome		983020590	no
28680	Anas acuta	Anas	Anatidae	Anseriformes	Aves	Chordata	Anas acuta	1	GCA_053567805.1		SKLAFABB.AnasAcu1.0	Chromosome		1198851733	no
75839	Anas crecca	Anas	Anatidae	Anseriformes	Aves	Chordata	Anas crecca	2	GCA_986504175.1	reference genome	bAnaCre3.1	Chromosome		1208527241	no
8839	Anas platyrhynchos	Anas	Anatidae	Anseriformes	Aves	Chordata	Anas platyrhynchos	22	GCF_047663525.1	reference genome	IASCAAS_PekinDuck_T2T	Complete Genome		1261969826	yes
75864	Anas zonorhyncha	Anas	Anatidae	Anseriformes	Aves	Chordata	Anas zonorhyncha	1	GCA_059339855.1	reference genome	SKLFABB_AnasZon.Mix1.0	Chromosome		1245306633	no
242820	Andinoacara rivulatus	Andinoacara	Cichlidae	Cichliformes	Actinopteri	Chordata	Andinoacara rivulatus	1	GCA_057128585.1	reference genome	ASM5712858v1	Chromosome		774398846	yes
7936	Anguilla anguilla	Anguilla	Anguillidae	Anguilliformes	Actinopteri	Chordata	Anguilla anguilla	3	GCF_013347855.1	reference genome	fAngAng1.pri	Chromosome		979029243	yes
7937	Anguilla japonica	Anguilla	Anguillidae	Anguilliformes	Actinopteri	Chordata	Anguilla japonica	6	GCA_059745965.1	reference genome	ASM5974596v1	Chromosome		1079796632	no
3352002	Anguilla pacifica	Anguilla	Anguillidae	Anguilliformes	Actinopteri	Chordata	Anguilla pacifica	1	GCA_039654925.2	reference genome	AngPac_1	Chromosome		1087593838	no
7938	Anguilla rostrata	Anguilla	Anguillidae	Anguilliformes	Actinopteri	Chordata	Anguilla rostrata	2	GCF_018555375.3	reference genome	ASM1855537v3	Chromosome		976090453	yes
980385	Anisarchus medius	Anisarchus	Stichaeidae	Perciformes	Actinopteri	Chordata	Anisarchus medius	1	GCA_046127435.1	reference genome	ASM4612743v1	Chromosome		669270049	no
2202111	Anniella stebbinsi	Anniella	Anniellidae	Squamata	Lepidosauria	Chordata	Anniella stebbinsi	2	GCA_051312515.2	reference genome	rAnnSte1.2_hap1	Chromosome		1885870326	yes
28377	Anolis carolinensis	Anolis	Anolidae	Squamata	Lepidosauria	Chordata	Anolis carolinensis	4	GCF_035594765.1	reference genome	rAnoCar3.1.pri	Chromosome		1850740401	yes
38937	Anolis sagrei	Anolis	Anolidae	Squamata	Lepidosauria	Chordata	Anolis sagrei	3	GCF_037176765.1	reference genome	rAnoSag1.mat	Chromosome		1950830970	yes
238106	Anomaloglossus baeobatrachus	Anomaloglossus	Aromobatidae	Anura	Amphibia	Chordata	Anomaloglossus baeobatrachus	3	GCF_048569485.1	reference genome	aAnoBae1.hap1	Chromosome		6265077250	yes
187417	Anomalospiza imberbis	Anomalospiza	Viduidae	Passeriformes	Aves	Chordata	Anomalospiza imberbis	2	GCF_031753505.1	reference genome	ASM3175350v1	Chromosome		1198243876	yes
2022012	Anomalurus derbianus	Anomalurus	Anomaluridae	Rodentia	Mammalia	Chordata	Anomalurus derbianus	2	GCA_058744715.1	reference genome	mAnoDer1.hap1	Chromosome		2597734481	no
229290	Anoplopoma fimbria	Anoplopoma	Anoplopomatidae	Perciformes	Actinopteri	Chordata	Anoplopoma fimbria	2	GCF_027596085.1	reference genome	Afim_UVic_2022	Chromosome		653543715	yes
50365	Anser albifrons	Anser	Anatidae	Anseriformes	Aves	Chordata	Anser albifrons	1	GCA_976913865.1	reference genome	bAnsAlb1.hap1.1	Chromosome		1311784712	no
8843	Anser anser	Anser	Anatidae	Anseriformes	Aves	Chordata	Anser anser	3	GCF_964211835.1	reference genome	bAnsAns1.hap1.1	Chromosome		1313438308	yes
132585	Anser brachyrhynchus	Anser	Anatidae	Anseriformes	Aves	Chordata	Anser brachyrhynchus	2	GCF_964034855.1	reference genome	bAnsBra1.1	Chromosome		1287320976	yes
8845	Anser cygnoides	Anser	Anatidae	Anseriformes	Aves	Chordata	Anser cygnoides	6	GCF_040182565.1	reference genome	Taihu_goose_T2T_genome	Chromosome		1215337776	yes
132586	Anser erythropus	Anser	Anatidae	Anseriformes	Aves	Chordata	Anser erythropus	1	GCA_965277985.1	reference genome	bAnsEry1.hap1.1	Chromosome		1339878510	no
8846	Anser indicus	Anser	Anatidae	Anseriformes	Aves	Chordata	Anser indicus	1	GCA_025583725.1	reference genome	ASM2558372v1	Chromosome		1129455536	no
38775	Antechinus flavipes	Antechinus	Dasyuridae	Dasyuromorphia	Mammalia	Chordata	Antechinus flavipes	2	GCF_016432865.1	reference genome	AdamAnt_v2	Chromosome		3192643918	yes
882753	Antennarius maculatus	Antennarius	Antennariidae	Lophiiformes	Actinopteri	Chordata	Antennarius maculatus	1	GCA_013358685.2	reference genome	fAntMac1.pri	Chromosome		549894103	yes
241820	Antennarius striatus	Antennarius	Antennariidae	Lophiiformes	Actinopteri	Chordata	Antennarius striatus	2	GCF_040054535.1	reference genome	ASM4005453v1	Chromosome		548561997	yes
327821	Anthias anthias	Anthias	Anthiadidae	Perciformes	Actinopteri	Chordata	Anthias anthias	1	GCA_964269795.2	reference genome	fAntAnt1.2	Chromosome		796131629	no
45801	Anthus petrosus	Anthus	Motacillidae	Passeriformes	Aves	Chordata	Anthus petrosus	1	GCA_987193735.1	reference genome	bAntPet1.hap1.1	Chromosome		1366211056	no
45803	Anthus pratensis	Anthus	Motacillidae	Passeriformes	Aves	Chordata	Anthus pratensis	2	GCA_987193795.1	reference genome	bAntPra1.hap1.1	Chromosome		1194684008	no
45804	Anthus trivialis	Anthus	Motacillidae	Passeriformes	Aves	Chordata	Anthus trivialis	1	GCA_987193405.1	reference genome	bAntTri1.hap1.1	Chromosome		1214350606	no
9440	Antrozous pallidus	Antrozous	Vespertilionidae	Chiroptera	Mammalia	Chordata	Antrozous pallidus	1	GCA_027563665.2	reference genome	DD_ASM_mAP_20210503	Chromosome		2126220925	yes
55534	Apalone spinifera	Apalone	Trionychidae	Testudines		Chordata	Apalone spinifera	2	GCA_055691355.1	reference genome	ASM5569135v1	Chromosome		2322510297	no
3092293	Apareiodon sp. CBSF_female_01	Apareiodon	Parodontidae	Characiformes	Actinopteri	Chordata	Apareiodon sp. CBSF_female_01	1	GCA_040893165.1		ASM4089316v1	Chromosome		954157604	no
240154	Apeltes quadracus	Apeltes	Gasterosteidae	Perciformes	Actinopteri	Chordata	Apeltes quadracus	2	GCA_048569185.1	reference genome	Unibe_ApeQuad_male_1.0	Chromosome		475913512	no
396779	Aphareus furca	Aphareus	Lutjanidae	Lutjaniformes	Actinopteri	Chordata	Aphareus furca	2	GCA_988281685.1	reference genome	Aphareus furca_haplotype_1_assembly	Chromosome		1157821702	no
443676	Aphareus rutilans	Aphareus	Lutjanidae	Lutjaniformes	Actinopteri	Chordata	Aphareus rutilans	2	GCA_988281405.1	reference genome	Aphareus rutilans_haplotype_1_assembly	Chromosome		1153639611	no
39617	Aphelocoma coerulescens	Aphelocoma	Corvidae	Passeriformes	Aves	Chordata	Aphelocoma coerulescens	3	GCF_041296385.2	reference genome	UR_Acoe_1.0	Chromosome		1330898477	yes
206117	Apletodon dentatus	Apletodon	Gobiesocidae	Blenniiformes	Actinopteri	Chordata	Apletodon dentatus	1	GCA_965542115.1	reference genome	fAplDen1.1	Chromosome		863938661	no
52580	Aplocheilus lineatus	Aplocheilus	Aplocheilidae	Cyprinodontiformes	Actinopteri	Chordata	Aplocheilus lineatus	2	GCA_058223795.1	reference genome	fAplLin1.hap1	Chromosome		595910905	no
946358	Aplochiton taeniatus	Aplochiton	Galaxiidae	Galaxiiformes	Actinopteri	Chordata	Aplochiton taeniatus	1	GCA_017639675.1	reference genome	fAplTae1.pri	Chromosome		461946147	yes
51342	Aplodontia rufa	Aplodontia	Aplodontiidae	Rodentia	Mammalia	Chordata	Aplodontia rufa pacifica	2	GCA_061613725.1	reference genome	mAplRuf1.hap2	Chromosome		3199400031	no
39030	Apodemus agrarius	Apodemus	Muridae	Rodentia	Mammalia	Chordata	Apodemus agrarius	1	GCA_964023405.1	reference genome	mApoAgr2.1	Chromosome		2613523018	no
10129	Apodemus sylvaticus	Apodemus	Muridae	Rodentia	Mammalia	Chordata	Apodemus sylvaticus	2	GCF_947179515.1	reference genome	mApoSyl1.1	Chromosome		2889785202	yes
357811	Apogon imberbis	Apogon	Apogonidae	Kurtiformes	Actinopteri	Chordata	Apogon imberbis	1	GCA_964211915.2	reference genome	fApoImb1.1	Chromosome		819116059	no
9234	Aptenodytes patagonicus	Aptenodytes	Spheniscidae	Sphenisciformes	Aves	Chordata	Aptenodytes patagonicus	3	GCF_965638725.1	reference genome	bAptPat1.pri.cur	Chromosome		1352580174	yes
2696672	Apteryx mantelli	Apteryx	Apterygidae	Apterygiformes	Aves	Chordata	Apteryx mantelli	3	GCF_036417845.1	reference genome	bAptMan1.hap1	Chromosome		1504396159	yes
8895	Apus apus	Apus	Apodidae	Apodiformes	Aves	Chordata	Apus apus	2	GCF_020740795.1	reference genome	bApuApu2.pri.cur	Chromosome		1100361224	yes
8400	Aquarana catesbeiana	Aquarana	Ranidae	Anura	Amphibia	Chordata	Aquarana catesbeiana	2	GCF_042186555.1	reference genome	ASM4218655v1	Chromosome		6377618952	yes
8962	Aquila chrysaetos	Aquila	Accipitridae	Accipitriformes	Aves	Chordata	Aquila chrysaetos chrysaetos	2	GCF_900496995.4	reference genome	bAquChr1.4	Chromosome		1233704830	yes
9226	Ara ararauna	Ara	Psittacidae	Psittaciformes	Aves	Chordata	Ara ararauna	2	GCA_028858755.1	reference genome	bAraAra1.hap1	Chromosome		1224360198	yes
113544	Arapaima gigas	Arapaima	Osteoglossidae	Osteoglossiformes	Actinopteri	Chordata	Arapaima gigas	1	GCA_054883375.1	reference genome	ASM5488337v1	Complete Genome		667947082	no
190676	Archilochus colubris	Archilochus	Trochilidae	Apodiformes	Aves	Chordata	Archilochus colubris	1	GCA_023079485.1	reference genome	ASM2307948v1	Chromosome		1100570460	no
63155	Archocentrus centrarchus	Archocentrus	Cichlidae	Cichliformes	Actinopteri	Chordata	Archocentrus centrarchus	2	GCF_007364275.1	reference genome	fArcCen1	Chromosome		932930362	yes
185735	Arctogadus glacialis	Arctogadus	Gadidae	Gadiformes	Actinopteri	Chordata	Arctogadus glacialis	1	GCA_964260595.1	reference genome	arcglaasm	Chromosome		633902253	yes
30390	Ardea cinerea	Ardea	Ardeidae	Pelecaniformes	Aves	Chordata	Ardea cinerea	1	GCA_987197345.1	reference genome	bArdCin1.hap1.1	Chromosome		1310904984	no
446415	Argentina silus	Argentina	Argentinidae	Argentiniformes	Actinopteri	Chordata	Argentina silus	2	GCF_951799395.1	reference genome	fArgSil1.1	Chromosome		670749299	yes
448029	Argyrosomus japonicus	Argyrosomus	Sciaenidae		Actinopteri	Chordata	Argyrosomus japonicus	1	GCA_040802145.1	reference genome	ASM4080214v1	Chromosome		708395350	no
172269	Argyrosomus regius	Argyrosomus	Sciaenidae		Actinopteri	Chordata	Argyrosomus regius	1	GCA_946959425.1	reference genome	aregius_2022	Chromosome		696267849	no
208529	Arnoglossus laterna	Arnoglossus	Bothidae	Pleuronectiformes	Actinopteri	Chordata	Arnoglossus laterna	1	GCA_965260895.1	reference genome	fArnLat1.1	Chromosome		497675420	no
157241	Arnoglossus thori	Arnoglossus	Bothidae	Pleuronectiformes	Actinopteri	Chordata	Arnoglossus thori	2	GCA_984981365.1	reference genome	fArnTho1.1	Chromosome		495086485	no
3352246	Arripis georgiana	Arripis	Arripidae	Scombriformes	Actinopteri	Chordata	Arripis georgiana	2	GCA_042242115.1	reference genome	fArrGeo1.hap1	Chromosome		735099811	no
51014	Artibeus intermedius	Artibeus	Phyllostomidae	Chiroptera	Mammalia	Chordata	Artibeus intermedius	2	GCA_038363225.1	reference genome	mArtInt1.hap2	Chromosome		2080478059	no
27634	Artibeus lituratus	Artibeus	Phyllostomidae	Chiroptera	Mammalia	Chordata	Artibeus lituratus	2	GCA_038363175.3	reference genome	mArtLit1.hap2	Chromosome		2096453601	no
61156	Arvicanthis niloticus	Arvicanthis	Muridae	Rodentia	Mammalia	Chordata	Arvicanthis niloticus	2	GCF_011762505.2	reference genome	mArvNil1.pat.X	Chromosome		2496761438	yes
1047088	Arvicola amphibius	Arvicola	Cricetidae	Rodentia	Mammalia	Chordata	Arvicola amphibius	2	GCF_903992535.2	reference genome	mArvAmp1.2	Chromosome		2297766297	yes
886391	Asaccus caudivolvulus	Asaccus	Phyllodactylidae	Squamata	Lepidosauria	Chordata	Asaccus caudivolvulus	1	GCA_042257475.1	reference genome	ASM4225747v1	Chromosome		1733398839	no
8439	Ascaphus truei	Ascaphus	Ascaphidae	Anura	Amphibia	Chordata	Ascaphus truei	3	GCF_040206685.1	reference genome	aAscTru1.hap1	Chromosome		3722616900	yes
188568	Aselliscus stoliczkanus	Aselliscus	Hipposideridae	Chiroptera	Mammalia	Chordata	Aselliscus stoliczkanus	2	GCA_043727835.1	reference genome	ASM4372783v1	Chromosome		2268679753	yes
68352	Aspidoscelis inornatus	Aspidoscelis	Teiidae	Squamata	Lepidosauria	Chordata	Aspidoscelis inornatus arizonae	1	GCA_053572275.1	reference genome	AspAri2.0	Chromosome		1527890470	no
403789	Aspidoscelis marmoratus	Aspidoscelis	Teiidae	Squamata	Lepidosauria	Chordata	Aspidoscelis marmoratus	1	GCA_014337955.2	reference genome	AspMarm2.0	Chromosome		1639526503	no
52180	Aspidoscelis tigris	Aspidoscelis	Teiidae	Squamata	Lepidosauria	Chordata	Aspidoscelis tigris stejnegeri	2	GCA_053574215.1	reference genome	AspTig2.0	Chromosome		1714001480	no
748366	Aspiorhynchus laticeps	Aspiorhynchus	Cyprinidae	Cypriniformes	Actinopteri	Chordata	Aspiorhynchus laticeps	1	GCA_023376895.1	reference genome	ASM2337689v1	Chromosome		1583238279	no
8154	Astatotilapia calliptera	Astatotilapia	Cichlidae	Cichliformes	Actinopteri	Chordata	Astatotilapia calliptera	6	GCF_964374335.1	reference genome	fAstCal68.1	Chromosome		933413188	yes
1410459	Astatotilapia latifasciata	Astatotilapia	Cichlidae	Cichliformes	Actinopteri	Chordata	Astatotilapia latifasciata	1	GCA_051989935.1	reference genome	UNESP_Alatifasciata_1B_v3	Chromosome		924271802	no
588211	Astrapogon puncticulatus	Astrapogon	Apogonidae	Kurtiformes	Actinopteri	Chordata	Astrapogon puncticulatus	1	GCA_977014485.1	reference genome	fAstPun1.1	Chromosome		770631369	no
8957	Astur gentilis	Astur	Accipitridae	Accipitriformes	Aves	Chordata	Astur gentilis	2	GCF_929443795.2	reference genome	bAccGen1.2	Chromosome		1398011397	yes
1053555	Astyanax lacustris	Astyanax	Acestrorhamphidae	Characiformes	Actinopteri	Chordata	Astyanax lacustris	1	GCA_059641275.1	reference genome	ALAC1.1	Chromosome		1311394893	yes
7994	Astyanax mexicanus	Astyanax	Acestrorhamphidae	Characiformes	Actinopteri	Chordata	Astyanax mexicanus	7	GCF_023375975.1	reference genome	AstMex3_surface	Chromosome		1373169186	yes
126797	Athene noctua	Athene	Strigidae	Strigiformes	Aves	Chordata	Athene noctua	4	GCF_965140245.1	reference genome	bAthNoc1.hap1.1	Chromosome		1355857592	yes
87785	Atherina boyeri	Atherina	Atherinidae	Atheriniformes	Actinopteri	Chordata	Atherina boyeri	1	GCA_978019495.1	reference genome	fAthBoy1.1	Chromosome		993381499	no
238709	Atherina hepsetus	Atherina	Atherinidae	Atheriniformes	Actinopteri	Chordata	Atherina hepsetus	1	GCA_977020125.1	reference genome	fAthHes1.1	Chromosome		1033441561	no
303921	Atherina presbyter	Atherina	Atherinidae	Atheriniformes	Actinopteri	Chordata	Atherina presbyter	1	GCA_965295175.1	reference genome	fAthPre1.1	Chromosome		1040578753	no
2527820	Atlapetes fuscoolivaceus	Atlapetes	Passerellidae	Passeriformes	Aves	Chordata	Atlapetes fuscoolivaceus	2	GCA_060712285.1	reference genome	bAtlFus2.hap1	Chromosome		1385555403	no
7917	Atractosteus spatula	Atractosteus	Lepisosteidae	Semionotiformes	Actinopteri	Chordata	Atractosteus spatula	4	GCF_055471065.1	reference genome	fAtrSpa1.hap1	Chromosome		1182701606	yes
3705843	Aulonocara sp. 'chitande type north' Nkhata Bay	Aulonocara	Cichlidae	Cichliformes	Actinopteri	Chordata	Aulonocara sp. 'chitande type north' Nkhata Bay	4	GCF_057382095.1		A_spYH_male_GT1.1	Chromosome		972169565	yes
286572	Aulonocara stuartgranti	Aulonocara	Cichlidae	Cichliformes	Actinopteri	Chordata	Aulonocara stuartgranti	3	GCF_965226115.1	reference genome	fAulStu2.1	Chromosome		945366440	yes
150448	Aulostomus chinensis	Aulostomus	Aulostomidae	Syngnathiformes	Actinopteri	Chordata	Aulostomus chinensis	2	GCF_037954235.1	reference genome	RoL_Achi_v1.0	Chromosome		743135812	yes
150449	Aulostomus maculatus	Aulostomus	Aulostomidae	Syngnathiformes	Actinopteri	Chordata	Aulostomus maculatus	3	GCA_975147505.1	reference genome	fAulMac2.1	Chromosome		722165242	no
57737	Axis porcinus	Axis	Cervidae	Artiodactyla	Mammalia	Chordata	Axis porcinus	2	GCA_054883215.1	reference genome	mAxiPor1.hap1	Chromosome		2765252981	no
1177618	Aythya baeri	Aythya	Anatidae	Anseriformes	Aves	Chordata	Aythya baeri	1	GCA_026413565.1	reference genome	ASM2641356v1	Chromosome		1144760485	no
219593	Aythya ferina	Aythya	Anatidae	Anseriformes	Aves	Chordata	Aythya ferina	3	GCF_964211825.1	reference genome	bAytFer1.hap1.1	Chromosome		1252302973	yes
219594	Aythya fuligula	Aythya	Anatidae	Anseriformes	Aves	Chordata	Aythya fuligula	2	GCF_009819795.1	reference genome	bAytFul2.pri	Chromosome		1126988109	yes
189534	Aythya marila	Aythya	Anatidae	Anseriformes	Aves	Chordata	Aythya marila	3	GCF_965140915.1	reference genome	bAytMar2.hap1.1	Chromosome		1224516623	yes
1303000	Babyrousa celebensis	Babyrousa	Suidae	Artiodactyla	Mammalia	Chordata	Babyrousa celebensis	2	GCA_057927545.1	reference genome	mBabCel1.hap1	Chromosome		2570872958	no
88114	Baeolophus bicolor	Baeolophus	Paridae	Passeriformes	Aves	Chordata	Baeolophus bicolor	2	GCA_055754725.1	reference genome	bBaeBic1.hap1	Chromosome		1222437453	no
3352530	Bagarius rutilus	Bagarius	Sisoridae	Siluriformes	Actinopteri	Chordata	Bagarius rutilus	2	GCA_053477655.1	reference genome	ASM5347765v1	Chromosome		616827030	no
912804	Bahaba taipingensis	Bahaba	Sciaenidae		Actinopteri	Chordata	Bahaba taipingensis	1	GCA_054948935.1	reference genome	YSFRI_Bta_1.1	Chromosome		686864734	no
9767	Balaenoptera acutorostrata	Balaenoptera	Balaenopteridae	Artiodactyla	Mammalia	Chordata	Balaenoptera acutorostrata	2	GCF_949987535.1	reference genome	mBalAcu1.1	Chromosome		2772885358	yes
9768	Balaenoptera borealis	Balaenoptera	Balaenopteridae	Artiodactyla	Mammalia	Chordata	Balaenoptera borealis	2	GCF_965194805.1	reference genome	mBalBor1.hap1.1	Chromosome		3234557085	yes
9769	Balaenoptera edeni	Balaenoptera	Balaenopteridae	Artiodactyla	Mammalia	Chordata	Balaenoptera edeni	1	GCA_052818205.1	reference genome	BalEdn.hic.v1	Chromosome		2614755077	no
9771	Balaenoptera musculus	Balaenoptera	Balaenopteridae	Artiodactyla	Mammalia	Chordata	Balaenoptera musculus	2	GCF_009873245.2	reference genome	mBalMus1.pri.v3	Chromosome		2374852541	yes
9770	Balaenoptera physalus	Balaenoptera	Balaenopteridae	Artiodactyla	Mammalia	Chordata	Balaenoptera physalus	2	GCF_965194825.1	reference genome	mBalPhy2.hap1.1	Chromosome		3442538501	yes
2746895	Balaenoptera ricei	Balaenoptera	Balaenopteridae	Artiodactyla	Mammalia	Chordata	Balaenoptera ricei	2	GCF_028023285.1	reference genome	mBalRic1.hap2	Chromosome		2678442663	yes
925459	Balearica regulorum	Balearica	Gruidae	Gruiformes	Aves	Chordata	Balearica regulorum gibbericeps	2	GCF_011004875.1	reference genome	bBalReg1.pri	Chromosome		1221032548	yes
135647	Barbatula barbatula	Barbatula	Nemacheilidae	Cypriniformes	Actinopteri	Chordata	Barbatula barbatula	3	GCF_947034865.1	reference genome	fBarBar1.1	Chromosome		617646710	yes
319323	Barbodes semifasciolatus	Barbodes	Cyprinidae	Cypriniformes	Actinopteri	Chordata	Barbodes semifasciolatus	2	GCA_049639485.1	reference genome	ASM4963948v1	Chromosome		779095936	no
40830	Barbus barbus	Barbus	Cyprinidae	Cypriniformes	Actinopteri	Chordata	Barbus barbus	3	GCF_936440315.1	reference genome	fBarBab1.1	Chromosome		1584913304	yes
3239379	Bassozetus sp. 2 HX-2024	Bassozetus	Ophidiidae	Ophidiiformes	Actinopteri	Chordata	Bassozetus sp. 2 HX-2024	1	GCA_048564805.1		ASM4856480v1	Chromosome		680788385	no
3349394	Bathypterois sp. HX-2024g	Bathypterois	Ipnopidae	Aulopiformes	Actinopteri	Chordata	Bathypterois sp. HX-2024g	1	GCA_048564785.1		ASM4856478v1	Chromosome		1199088206	no
298348	Bathyraja eatonii	Bathyraja	Arhynchobatidae	Rajiformes	Chondrichthyes	Chordata	Bathyraja eatonii	1	GCA_061597785.1	reference genome	ASM61597785v1	Chromosome		2107057361	yes
1126214	Bathysaurus mollis	Bathysaurus	Bathysauridae	Aulopiformes	Actinopteri	Chordata	Bathysaurus mollis	2	GCA_048564825.1	reference genome	ASM4856482v1	Chromosome		1001275633	no
241442	Beaufortia kweichowensis	Beaufortia	Gastromyzontidae	Cypriniformes	Actinopteri	Chordata	Beaufortia kweichowensis	1	GCA_019155185.1	reference genome	ASM1915518v1	Chromosome		448565924	no
1069390	Benthosema pterotum	Benthosema	Myctophidae	Myctophiformes	Actinopteri	Chordata	Benthosema pterotum	1	GCA_039105355.1	reference genome	ASM3910535v1	Chromosome		1272444389	no
107241	Beryx decadactylus	Beryx	Berycidae	Beryciformes	Actinopteri	Chordata	Beryx decadactylus	2	GCA_988241175.1	reference genome	Beryx decadactylus_haplotype_1_assembly	Chromosome		859430694	no
209207	Betta burdigala	Betta	Osphronemidae	Anabantiformes	Actinopteri	Chordata	Betta burdigala	1	GCA_054471155.1	reference genome	ASM5447115v1	Chromosome		421967777	no
209210	Betta chloropharynx	Betta	Osphronemidae	Anabantiformes	Actinopteri	Chordata	Betta chloropharynx	1	GCA_054471135.1	reference genome	BRIN_Bchlo_1	Chromosome		473940257	no
1384577	Betta schalleri	Betta	Osphronemidae	Anabantiformes	Actinopteri	Chordata	Betta schalleri	1	GCA_054471145.1	reference genome	BRIN_Bschal_1	Chromosome		432661949	no
158456	Betta splendens	Betta	Osphronemidae	Anabantiformes	Actinopteri	Chordata	Betta splendens	4	GCF_900634795.4	reference genome	fBetSpl5.4	Chromosome		426984265	yes
443752	Bidyanus bidyanus	Bidyanus	Terapontidae	Centrarchiformes	Actinopteri	Chordata	Bidyanus bidyanus	1	GCA_986341675.1	reference genome	Bidyanus_bidyanus_T2T_v1	Complete Genome		679715632	no
9387	Blarina brevicauda	Blarina	Soricidae	Eulipotyphla	Mammalia	Chordata	Blarina brevicauda	2	GCA_061613695.1	reference genome	mBlaBre2.hap1	Chromosome		2312942455	no
195075	Blennius ocellaris	Blennius	Blenniidae	Blenniiformes	Actinopteri	Chordata	Blennius ocellaris	2	GCF_963422515.1	reference genome	fBleOce1.1	Chromosome		728728756	yes
92519	Boiga irregularis	Boiga	Colubridae	Squamata	Lepidosauria	Chordata	Boiga irregularis	2	GCA_056881965.1	reference genome	Birr_Maternal_haplotype	Chromosome		1654139717	no
8345	Bombina bombina	Bombina	Bombinatoridae	Anura	Amphibia	Chordata	Bombina bombina	2	GCF_027579735.1	reference genome	aBomBom1.pri	Chromosome		10019663791	yes
8348	Bombina variegata	Bombina	Bombinatoridae	Anura	Amphibia	Chordata	Bombina variegata	2	GCA_964205295.1	reference genome	aBomVar4.paternal.1	Chromosome		9369772323	no
44932	Boreogadus saida	Boreogadus	Gadidae	Gadiformes	Actinopteri	Chordata	Boreogadus saida	1	GCA_964260565.1	reference genome	borsaiasm	Chromosome		585721199	yes
473354	Borostomias antarcticus	Borostomias	Stomiidae	Stomiiformes	Actinopteri	Chordata	Borostomias antarcticus	2	GCF_949987555.1	reference genome	fBorAnt1.1	Chromosome		909231230	yes
30520	Bos frontalis	Bos	Bovidae	Artiodactyla	Mammalia	Chordata	Bos frontalis	1	GCA_043643345.1	reference genome	YUN_Gayal_1	Chromosome		2615092024	no
9904	Bos gaurus	Bos	Bovidae	Artiodactyla	Mammalia	Chordata	Bos gaurus	1	GCA_014182915.2	reference genome	ARS_UOA_Gaur_1.1	Chromosome		2717333235	no
1705790	Bos gaurus x Bos taurus	Bos	Bovidae	Artiodactyla	Mammalia	Chordata	Bos gaurus x Bos taurus	1	GCA_946052875.1	reference genome	ARS_Pied_mat1.0	Chromosome		3030544191	no
30521	Bos grunniens	Bos	Bovidae	Artiodactyla	Mammalia	Chordata	Bos grunniens	5	GCF_055505025.1	reference genome	Bosgru_T2T1.0	Chromosome		2659477751	yes
331036	Bos grunniens x Bos taurus	Bos	Bovidae	Artiodactyla	Mammalia	Chordata	Bos grunniens x Bos taurus	2	GCA_009493645.1	reference genome	ARS_UNL_BGru_maternal_1.0_p	Chromosome		2677156012	no
9915	Bos indicus	Bos	Bovidae	Artiodactyla	Mammalia	Chordata	Bos indicus	35	GCF_029378745.1	reference genome	NIAB-ARS_B.indTharparkar_mat_pri_1.0	Chromosome		2663005763	yes
30522	Bos indicus x Bos taurus	Bos	Bovidae	Artiodactyla	Mammalia	Chordata	Bos indicus x Bos taurus	3	GCA_003369685.2	reference genome	UOA_Angus_1	Chromosome		2580764822	no
9906	Bos javanicus	Bos	Bovidae	Artiodactyla	Mammalia	Chordata	Bos javanicus	2	GCF_032452875.1	reference genome	ARS-OSU_banteng_1.0	Chromosome		2972795249	yes
72004	Bos mutus	Bos	Bovidae	Artiodactyla	Mammalia	Chordata	Bos mutus	3	GCF_027580195.1	reference genome	NWIPB_WYAK_1.1	Chromosome		2626900860	yes
9913	Bos taurus	Bos	Bovidae	Artiodactyla	Mammalia	Chordata	Bos taurus	29	GCF_002263795.3	reference genome	ARS-UCD2.0	Chromosome		2770669782	yes
297284	Bos taurus x Bison bison		Bovidae	Artiodactyla	Mammalia	Chordata	Bos taurus x Bison bison	3	GCA_030254855.1		TAMU_Bison_Bison_3.0	Chromosome		2983369938	no
86224	Bostrychus sinensis	Bostrychus	Eleotridae	Gobiiformes	Actinopteri	Chordata	Bostrychus sinensis	1	GCA_020698575.1	reference genome	ASM2069857v1	Chromosome		885739387	no
8723	Bothrops insularis	Bothrops	Viperidae	Squamata	Lepidosauria	Chordata	Bothrops insularis	1	GCA_055824665.1	reference genome	ASM5582466v1	Chromosome		1565305688	no
133440	Bothrops pictus	Bothrops	Viperidae	Squamata	Lepidosauria	Chordata	Bothrops pictus	2	GCA_058248155.2	reference genome	rBotPic1.hap2	Chromosome		1483707198	no
94921	Bothus lunatus	Bothus	Bothidae	Pleuronectiformes	Actinopteri	Chordata	Bothus lunatus	1	GCA_982266815.1	reference genome	fBotLun1.1	Chromosome		555790717	no
3018543	Boulenophrys sangzhiensis	Boulenophrys	Megophryidae	Anura	Amphibia	Chordata	Boulenophrys sangzhiensis	1	GCA_056363575.1	reference genome	Boulenophrys_sangzhiensis_v1.0	Chromosome		2779238705	no
412623	Brachionichthys hirsutus	Brachionichthys	Brachionichthyidae	Lophiiformes	Actinopteri	Chordata	Brachionichthys hirsutus	2	GCF_040956055.2	reference genome	CSIRO-AGI_Bhir_v1	Chromosome		406634837	yes
698409	Brachyhypopomus gauderio	Brachyhypopomus	Hypopomidae	Gymnotiformes	Actinopteri	Chordata	Brachyhypopomus gauderio	2	GCF_052324685.1	reference genome	BGAUD_0.2	Chromosome		796923666	yes
62067	Brachymystax lenok	Brachymystax	Salmonidae	Salmoniformes	Actinopteri	Chordata	Brachymystax lenok tsinlingensis	2	GCA_030435695.1	reference genome	ASM3043569v1	Chromosome		2031709341	no
179887	Bradypodion pumilum	Bradypodion	Chamaeleonidae	Squamata	Lepidosauria	Chordata	Bradypodion pumilum	2	GCA_047715955.2		rBraPum1.hap2	Chromosome		2479053460	no
227087	Bradypus torquatus	Bradypus	Bradypodidae	Pilosa	Mammalia	Chordata	Bradypus torquatus	1	GCA_963992745.1	reference genome	mBraTor.pri	Chromosome		3128591653	no
184711	Branta leucopsis	Branta	Anatidae	Anseriformes	Aves	Chordata	Branta leucopsis	1	GCA_965642265.1	reference genome	bBraLeu2.hap1.1	Chromosome		1346851039	no
42636	Brienomyrus brachyistius	Brienomyrus	Mormyridae	Osteoglossiformes	Actinopteri	Chordata	Brienomyrus brachyistius	2	GCF_023856365.1	reference genome	BBRACH_0.4	Chromosome		988088817	yes
89462	Bubalus bubalis	Bubalus	Bovidae	Artiodactyla	Mammalia	Chordata	Bubalus bubalis	6	GCF_019923935.1	reference genome	NDDB_SH_1	Chromosome		2622444281	yes
3119969	Bubalus kerabau	Bubalus	Bovidae	Artiodactyla	Mammalia	Chordata	Bubalus kerabau	3	GCF_029407905.1	reference genome	PCC_UOA_SB_1v2	Chromosome		2898492518	yes
371907	Bubo scandiacus	Bubo	Strigidae	Strigiformes	Aves	Chordata	Bubo scandiacus	2	GCA_965212795.1	reference genome	bBubSca1.1.h1	Chromosome		1604411253	yes
153643	Bucorvus abyssinicus	Bucorvus	Bucorvidae	Bucerotiformes	Aves	Chordata	Bucorvus abyssinicus	1	GCA_009769605.1	reference genome	bBucAby1.pri	Chromosome		1132597561	yes
155086	Bucorvus leadbeateri	Bucorvus	Bucorvidae	Bucerotiformes	Aves	Chordata	Bucorvus leadbeateri	1	GCA_042477495.1	reference genome	bBucLead	Chromosome		1159150851	no
37181	Budorcas taxicolor	Budorcas	Bovidae	Artiodactyla	Mammalia	Chordata	Budorcas taxicolor	2	GCF_023091745.1	reference genome	Takin1.1	Chromosome		2851638285	yes
8384	Bufo bufo	Bufo	Bufonidae	Anura	Amphibia	Chordata	Bufo bufo	2	GCF_905171765.1	reference genome	aBufBuf1.1	Chromosome		5044744194	yes
30331	Bufo gargarizans	Bufo	Bufonidae	Anura	Amphibia	Chordata	Bufo gargarizans	2	GCF_014858855.1	reference genome	ASM1485885v1	Chromosome		4545465442	yes
30338	Bufotes viridis	Bufotes	Bufonidae	Anura	Amphibia	Chordata	Bufotes viridis	2	GCA_033119425.1	reference genome	bufVir1	Chromosome		3796774568	no
90071	Buglossidium luteum	Buglossidium	Soleidae	Pleuronectiformes	Actinopteri	Chordata	Buglossidium luteum	1	GCA_978045355.1	reference genome	fBugLut1.1	Chromosome		639382157	no
8616	Bungarus multicinctus	Bungarus	Elapidae	Squamata	Lepidosauria	Chordata	Bungarus multicinctus	1	GCA_023653725.1	reference genome	ASM2365372v1	Chromosome		1593755901	no
30397	Buteo buteo	Buteo	Accipitridae	Accipitriformes	Aves	Chordata	Buteo buteo	2	GCF_964188355.1	reference genome	bButBut1.hap1.1	Chromosome		1303682556	yes
2767357	Butorides sundevalli	Butorides	Ardeidae	Pelecaniformes	Aves	Chordata	Butorides sundevalli	2	GCA_057816225.1	reference genome	bButSun1.hap2	Chromosome		1250983795	no
1311420	Caesio teres	Caesio	Lutjanidae	Lutjaniformes	Actinopteri	Chordata	Caesio teres	2	GCA_048129055.1	reference genome	fCaeTer1.1_haplotype_1	Chromosome		1078118487	yes
8855	Cairina moschata	Cairina	Anatidae	Anseriformes	Aves	Chordata	Cairina moschata	3	GCA_048319975.1	reference genome	ASM4831997v1	Chromosome		1100132706	no
135424	Calcarius lapponicus	Calcarius	Fringillidae	Passeriformes	Aves	Chordata	Calcarius lapponicus	1	GCA_039654755.1	reference genome	RI_Cla_1.0	Chromosome		1154665796	no
8919	Calidris alpina	Calidris	Scolopacidae	Charadriiformes	Aves	Chordata	Calidris alpina	1	GCA_987196145.1	reference genome	bCalAlp1.hap1.1	Chromosome		1226834843	no
34785	Callionymus lyra	Callionymus	Callionymidae	Syngnathiformes	Actinopteri	Chordata	Callionymus lyra	3	GCF_982586985.1	reference genome	fCalLyr1.hap1.1	Chromosome		654427887	yes
9483	Callithrix jacchus	Callithrix	Cebidae	Primates	Mammalia	Chordata	Callithrix jacchus	12	GCF_049354715.1	reference genome	calJac240_pri	Chromosome		2933409465	yes
57378	Callithrix penicillata	Callithrix	Cebidae	Primates	Mammalia	Chordata	Callithrix penicillata	1	GCA_046862485.1	reference genome	Cpen_1.0	Chromosome		2577799133	no
76772	Callospermophilus lateralis	Callospermophilus	Sciuridae	Rodentia	Mammalia	Chordata	Callospermophilus lateralis	4	GCF_048772815.1	reference genome	mCalLat2.hap1	Chromosome		4646974320	yes
187106	Caloenas nicobarica	Caloenas	Columbidae	Columbiformes	Aves	Chordata	Caloenas nicobarica	3	GCF_036013445.1	reference genome	bCalNic1.hap1	Chromosome		1285834579	yes
9244	Calypte anna	Calypte	Trochilidae	Apodiformes	Aves	Chordata	Calypte anna	2	GCF_003957555.1	reference genome	bCalAnn1_v1.p	Chromosome		1059687259	yes
87175	Camarhynchus parvulus	Camarhynchus	Thraupidae	Passeriformes	Aves	Chordata	Camarhynchus parvulus	3	GCF_901933205.1	reference genome	STF_HiC	Chromosome		1051609828	yes
9837	Camelus bactrianus	Camelus	Camelidae	Artiodactyla	Mammalia	Chordata	Camelus bactrianus	3	GCF_048773025.1	reference genome	ASM4877302v1	Chromosome		2473901565	yes
9838	Camelus dromedarius	Camelus	Camelidae	Artiodactyla	Mammalia	Chordata	Camelus dromedarius	3	GCF_036321535.1	reference genome	mCamDro1.pat	Chromosome		2306603094	yes
419612	Camelus ferus	Camelus	Camelidae	Artiodactyla	Mammalia	Chordata	Camelus ferus	2	GCF_009834535.1	reference genome	BCGSAC_Cfer_1.0	Chromosome		2087077296	yes
160765	Candidia barbata	Candidia	Xenocyprididae	Cypriniformes	Actinopteri	Chordata	Candidia barbata	1	GCA_058219125.1	reference genome	ASNTU_Cbar_v2	Chromosome		829684112	no
51853	Candoia aspera	Candoia	Candoiidae	Squamata	Lepidosauria	Chordata	Candoia aspera	2	GCF_035149785.1	reference genome	rCanAsp1.hap2	Chromosome		1530810380	yes
68724	Canis aureus	Canis	Canidae	Carnivora	Mammalia	Chordata	Canis aureus	3	GCF_053574225.1	reference genome	VMU_Caureus_v.1.0	Chromosome		2529837068	yes
9614	Canis latrans	Canis	Canidae	Carnivora	Mammalia	Chordata	Canis latrans	1	GCA_034620425.1	reference genome	Cla-1	Chromosome		2344471300	no
9612	Canis lupus	Canis	Canidae	Carnivora	Mammalia	Chordata	Canis lupus baileyi	40	GCF_048164855.1	reference genome	mCanLup2.hap1	Chromosome		2495589887	yes
303740	Canthigaster rostrata	Canthigaster	Tetraodontidae	Tetraodontiformes	Actinopteri	Chordata	Canthigaster rostrata	1	GCA_977007075.1	reference genome	fCanRos1.1	Chromosome		361472460	no
9925	Capra hircus	Capra	Bovidae	Artiodactyla	Mammalia	Chordata	Capra hircus	39	GCA_041735815.1		T2T-goat2.0	Complete Genome		2863923675	yes
72542	Capra ibex	Capra	Bovidae	Artiodactyla	Mammalia	Chordata	Capra ibex	1	GCA_054642885.1	reference genome	CapIbe1.0	Chromosome		2660727766	yes
72543	Capra nubiana	Capra	Bovidae	Artiodactyla	Mammalia	Chordata	Capra nubiana	2	GCA_054855995.1	reference genome	mCapNub1.hap1	Chromosome		2765715766	no
34865	Capricornis sumatraensis	Capricornis	Bovidae	Artiodactyla	Mammalia	Chordata	Capricornis sumatraensis	2	GCF_032405125.1	reference genome	serow.2	Chromosome		2828266837	yes
206100	Capros aper	Capros	Caproidae	Caproiformes	Actinopteri	Chordata	Capros aper	1	GCA_965364685.1	reference genome	fCapApe1.1	Chromosome		649601108	no
173309	Caranx crysos	Caranx	Carangidae	Carangiformes	Actinopteri	Chordata	Caranx crysos	1	GCA_984588375.1	reference genome	fCarCry1.1	Chromosome		578084560	no
1003700	Caranx heberi	Caranx	Carangidae	Carangiformes	Actinopteri	Chordata	Caranx heberi	1	GCA_054643105.1	reference genome	CIBA_Cheb_1.1	Chromosome		618716925	no
1156094	Caranx lugubris	Caranx	Carangidae	Carangiformes	Actinopteri	Chordata	Caranx lugubris	2	GCA_988281925.1	reference genome	Caranx lugubris_haplotype_1_assembly	Chromosome		630598384	no
1491482	Carapus acus	Carapus	Carapidae	Ophidiiformes	Actinopteri	Chordata	Carapus acus	1	GCA_984795795.1	reference genome	fCarAcu1.1	Chromosome		466326303	no
7957	Carassius auratus	Carassius	Cyprinidae	Cypriniformes	Actinopteri	Chordata	Carassius auratus	5	GCF_003368295.1	reference genome	ASM336829v1	Chromosome		1820618472	yes
217509	Carassius carassius	Carassius	Cyprinidae	Cypriniformes	Actinopteri	Chordata	Carassius carassius	3	GCF_963082965.1	reference genome	fCarCar2.1	Chromosome		1684296438	yes
52617	Carassius cuvieri	Carassius	Cyprinidae	Cypriniformes	Actinopteri	Chordata	Carassius cuvieri	1	GCA_049309305.1	reference genome	ASM4930930v1	Chromosome		1601185401	no
101364	Carassius gibelio	Carassius	Cyprinidae	Cypriniformes	Actinopteri	Chordata	Carassius gibelio	6	GCF_023724105.1	reference genome	carGib1.2-hapl.c	Chromosome		1583334954	yes
263684	Carcharhinus amblyrhynchos	Carcharhinus	Carcharhinidae	Carcharhiniformes	Chondrichthyes	Chordata	Carcharhinus amblyrhynchos	3	GCF_965287045.1	reference genome	sCarAmb.v2.hapA	Chromosome		2923561432	yes
443757	Carcharhinus cautus	Carcharhinus	Carcharhinidae	Carcharhiniformes	Chondrichthyes	Chordata	Carcharhinus cautus	2	GCA_988281185.1	reference genome	Carcharhinus cautus_haplotype_2_assembly	Chromosome		2887078191	no
30501	Carcharias taurus	Carcharias	Carchariidae	Lamniformes	Chondrichthyes	Chordata	Carcharias taurus	2	GCA_055471155.1	reference genome	sCarTau1.hap1	Chromosome		4806479161	no
13397	Carcharodon carcharias	Carcharodon	Lamnidae	Lamniformes	Chondrichthyes	Chordata	Carcharodon carcharias	2	GCF_017639515.1	reference genome	sCarCar2.pri	Chromosome		4286294447	yes
37600	Carduelis carduelis	Carduelis	Fringillidae	Passeriformes	Aves	Chordata	Carduelis carduelis	1	GCA_987197145.1	reference genome	bCarCar1.hap1.1	Chromosome		1181840857	no
8467	Caretta caretta	Caretta	Cheloniidae	Testudines		Chordata	Caretta caretta	6	GCF_965140235.1	reference genome	rCarCar1.hap1	Chromosome		2217236305	yes
44489	Carettochelys insculpta	Carettochelys	Carettochelyidae	Testudines		Chordata	Carettochelys insculpta	2	GCF_033958435.1	reference genome	ASM3395843v1	Chromosome		2180317067	yes
54380	Cariama cristata	Cariama	Cariamidae	Cariamiformes	Aves	Chordata	Cariama cristata	1	GCA_009819825.1		bCarCri1.pri	Chromosome		1215224075	yes
316445	Carinascincus ocellatus	Carinascincus	Scincidae	Squamata	Lepidosauria	Chordata	Carinascincus ocellatus	1	GCA_965280105.1	reference genome	Cocellatus_unphased.v1	Chromosome		1489081451	no
1868482	Carlito syrichta	Carlito	Tarsiidae	Primates	Mammalia	Chordata	Carlito syrichta fraterculus	2	GCA_059932575.1		mCarSyr1.hap2	Chromosome		3671277376	no
208969	Carollia sowelli	Carollia	Phyllostomidae	Chiroptera	Mammalia	Chordata	Carollia sowelli	2	GCA_051307085.1	reference genome	mCarSow1.hap1	Chromosome		2517780189	no
51338	Castor canadensis	Castor	Castoridae	Rodentia	Mammalia	Chordata	Castor canadensis	4	GCF_047511655.1	reference genome	mCasCan1.hap1v2	Chromosome		2814832999	yes
10185	Castor fiber	Castor	Castoridae	Rodentia	Mammalia	Chordata	Castor fiber	1	GCA_977036005.1	reference genome	mCasFib1.1	Chromosome		2824180382	no
91951	Catharus ustulatus	Catharus	Turdidae	Passeriformes	Aves	Chordata	Catharus ustulatus	2	GCF_009819885.2	reference genome	bCatUst1.pri.v2	Chromosome		1131616530	yes
317158	Cecropis daurica	Cecropis	Hirundinidae	Passeriformes	Aves	Chordata	Cecropis daurica	1	GCA_057381115.1	reference genome	CecDau	Chromosome		1187448082	no
166262	Centroberyx gerrardi	Centroberyx	Berycidae	Beryciformes	Actinopteri	Chordata	Centroberyx gerrardi	3	GCF_048128805.1	reference genome	fCenGer3.hap1.cur.20231027	Chromosome		779177424	yes
184440	Centropristis striata	Centropristis	Serranidae	Perciformes	Actinopteri	Chordata	Centropristis striata	2	GCF_030273125.1	reference genome	C.striata_1.0	Chromosome		926021963	yes
27644	Centurio senex	Centurio	Phyllostomidae	Chiroptera	Mammalia	Chordata	Centurio senex	2	GCA_058972505.1	reference genome	mCenSen1.hap1	Chromosome		2378470236	no
160705	Cephalopholis fulva	Cephalopholis	Serranidae	Perciformes	Actinopteri	Chordata	Cephalopholis fulva	1	GCA_977019285.1	reference genome	fCepFul1.1	Chromosome		1000364229	no
334914	Cephalopholis miniata	Cephalopholis	Serranidae	Perciformes	Actinopteri	Chordata	Cephalopholis miniata	2	GCA_988281125.1	reference genome	Cephalopholis miniata_haplotype_2_assembly	Chromosome		1066352700	no
160708	Cephalopholis sonnerati	Cephalopholis	Serranidae	Perciformes	Actinopteri	Chordata	Cephalopholis sonnerati	2	GCA_043388385.1	reference genome	ASM4338838v1	Complete Genome		1039913711	no
129233	Cephalophula zebra	Cephalophula	Bovidae	Artiodactyla	Mammalia	Chordata	Cephalophula zebra	2	GCA_054099735.1	reference genome	mCepZeb1.hap1	Chromosome		3923865145	no
334382	Cepola macrophthalma	Cepola	Cepolidae (in: ray-finned fishes)	Priacanthiformes	Actinopteri	Chordata	Cepola macrophthalma	2	GCA_978015425.1	reference genome	fCepMac1.hap2.1	Chromosome		575962900	no
110202	Cerastes gasperettii	Cerastes	Viperidae	Squamata	Lepidosauria	Chordata	Cerastes gasperettii	1	GCA_046524025.1	reference genome	ASM4652402v1	Chromosome		1632725608	no
473301	Ceratoscopelus maderensis	Ceratoscopelus	Myctophidae	Myctophiformes	Actinopteri	Chordata	Ceratoscopelus maderensis	1	GCA_987459045.1	reference genome	fCerMad1.1	Chromosome		1452665040	no
9807	Ceratotherium simum	Ceratotherium	Rhinocerotidae	Perissodactyla	Mammalia	Chordata	Ceratotherium simum simum	4	GCF_057802395.1	reference genome	ASM5780239v1	Chromosome		2481135176	yes
186443	Certhia americana	Certhia	Certhiidae	Passeriformes	Aves	Chordata	Certhia americana	1	GCA_018697195.1	reference genome	ASM1869719v1	Chromosome		1113356413	no
73333	Certhia familiaris	Certhia	Certhiidae	Passeriformes	Aves	Chordata	Certhia familiaris	1	GCA_988280705.1	reference genome	bCerFam1.hap1.1	Chromosome		1161732700	no
1088058	Cervus albirostris	Cervus	Cervidae	Artiodactyla	Mammalia	Chordata	Cervus albirostris	1	GCA_046563475.2	reference genome	NWIPB_Pralbi_1.0	Chromosome		2993212001	no
1574408	Cervus canadensis	Cervus	Cervidae	Artiodactyla	Mammalia	Chordata	Cervus canadensis	2	GCF_019320065.1	reference genome	ASM1932006v1	Chromosome		2526613007	yes
9860	Cervus elaphus	Cervus	Cervidae	Artiodactyla	Mammalia	Chordata	Cervus elaphus	5	GCF_910594005.1	reference genome	mCerEla1.1	Chromosome		2886603524	yes
2100816	Cervus hanglu	Cervus	Cervidae	Artiodactyla	Mammalia	Chordata	Cervus hanglu yarkandensis	1	GCA_010411085.1	reference genome	CEY_v1	Chromosome		2594114534	yes
9863	Cervus nippon	Cervus	Cervidae	Artiodactyla	Mammalia	Chordata	Cervus nippon	5	GCA_040085125.1	reference genome	ASM4008512v1	Chromosome		2778006886	no
57982	Cetorhinus maximus	Cetorhinus	Cetorhinidae	Lamniformes	Chondrichthyes	Chordata	Cetorhinus maximus	2	GCF_964194155.1	reference genome	sCetMax3.hap1.1	Chromosome		3993849873	yes
68486	Cettia cetti	Cettia	Sylviidae	Passeriformes	Aves	Chordata	Cettia cetti	1	GCA_988281345.1	reference genome	bCetCet1.hap1.1	Chromosome		1228308899	no
36190	Chaenocephalus aceratus	Chaenocephalus	Channichthyidae	Perciformes	Actinopteri	Chordata	Chaenocephalus aceratus	1	GCA_023974075.1	reference genome	KU_Ca_2.0	Chromosome		1065596499	yes
39042	Chaetodon auriga	Chaetodon	Chaetodontidae	Chaetodontiformes	Actinopteri	Chordata	Chaetodon auriga	3	GCF_051107435.1	reference genome	fChaAug3.hap1	Chromosome		663087921	yes
215361	Chaetodon auripes	Chaetodon	Chaetodontidae	Chaetodontiformes	Actinopteri	Chordata	Chaetodon auripes	1	GCA_057626055.1	reference genome	ASM5762605v1	Chromosome		656756881	no
109706	Chaetodon trifascialis	Chaetodon	Chaetodontidae	Chaetodontiformes	Actinopteri	Chordata	Chaetodon trifascialis	3	GCF_039877785.1	reference genome	fChaTrf1.hap1	Chromosome		662489023	yes
689208	Chalcostigma stanleyi	Chalcostigma	Trochilidae	Apodiformes	Aves	Chordata	Chalcostigma stanleyi	2	GCA_054051235.1	reference genome	bChaSta1.hap2	Chromosome		1042267249	no
179908	Chamaeleo calyptratus	Chamaeleo	Chamaeleonidae	Squamata	Lepidosauria	Chordata	Chamaeleo calyptratus	1	GCA_043643385.1	reference genome	ASM4364338v1	Chromosome		1803551824	no
159716	Champsocephalus esox	Champsocephalus	Channichthyidae	Perciformes	Actinopteri	Chordata	Champsocephalus esox	1	GCA_036324585.1	reference genome	JC_Ceso_ftc_fv8	Chromosome		987103429	yes
52237	Champsocephalus gunnari	Champsocephalus	Channichthyidae	Perciformes	Actinopteri	Chordata	Champsocephalus gunnari	1	GCA_036324595.1	reference genome	JC_Cgun_ftc_fv8	Chromosome		994201109	yes
215402	Channa argus	Channa	Channidae	Anabantiformes	Actinopteri	Chordata	Channa argus	6	GCF_033026475.1	reference genome	Channa argus male v1.0	Chromosome		675457141	yes
188929	Channa asiatica	Channa	Channidae	Anabantiformes	Actinopteri	Chordata	Channa asiatica	2	GCA_040939885.1	reference genome	ASM4093988v1	Chromosome		703610424	no
188791	Channa maculata	Channa	Channidae	Anabantiformes	Actinopteri	Chordata	Channa maculata	4	GCA_059910285.1	reference genome	ASM5991028v1	Complete Genome		657520430	no
64149	Channa micropeltes	Channa	Channidae	Anabantiformes	Actinopteri	Chordata	Channa micropeltes	1	GCA_058969025.1	reference genome	C_micropeltes v1.0	Chromosome		747658127	no
64152	Channa striata	Channa	Channidae	Anabantiformes	Actinopteri	Chordata	Channa striata	2	GCA_033026295.1	reference genome	C.striata _1.0	Chromosome		623027645	yes
103215	Channallabes apus	Channallabes	Clariidae	Siluriformes	Actinopteri	Chordata	Channallabes apus	1	GCA_030522415.1	reference genome	ASM3052241v1	Chromosome		1164854870	no
933992	Chanodichthys erythropterus	Chanodichthys	Xenocyprididae	Cypriniformes	Actinopteri	Chordata	Chanodichthys erythropterus	2	GCF_024489055.1	reference genome	ASM2448905v1	Chromosome		1085510300	yes
29144	Chanos chanos	Chanos	Chanidae	Gonorynchiformes	Actinopteri	Chordata	Chanos chanos	2	GCF_902362185.1	reference genome	fChaCha1.1	Chromosome		656912816	yes
1053565	Characidium zebra	Characidium	Crenuchidae	Characiformes	Actinopteri	Chordata	Characidium zebra	2	GCA_059491945.1	reference genome	fChaZeb2.hap1	Chromosome		1223343071	no
2697428	Charadrius alexandrinus x Charadrius dealbatus	Charadrius	Charadriidae	Charadriiformes	Aves	Chordata	Charadrius alexandrinus x Charadrius dealbatus	1	GCA_053477275.1	reference genome	ASM5347727v1	Chromosome		1205393496	no
371911	Charadrius hiaticula	Charadrius	Charadriidae	Charadriiformes	Aves	Chordata	Charadrius hiaticula	2	GCA_988281325.1	reference genome	bChaHia1.hap1.1	Chromosome		1241863460	no
2999897	Chaunax flavomaculatus	Chaunax	Chaunacidae	Lophiiformes	Actinopteri	Chordata	Chaunax flavomaculatus	1	GCA_977071325.1	reference genome	fChaFls1.1	Chromosome		673263498	no
3119788	Chaunax sp. Z400	Chaunax	Chaunacidae	Lophiiformes	Actinopteri	Chordata	Chaunax sp. Z400	1	GCA_037577475.1		ASM3757747v1	Chromosome		706943291	no
290105	Cheilinus chlorourus	Cheilinus	Labridae	Labriformes	Actinopteri	Chordata	Cheilinus chlorourus	1	GCA_050084645.1	reference genome	ASM5008464v1	Chromosome		940359651	no
241271	Cheilinus undulatus	Cheilinus	Labridae	Labriformes	Actinopteri	Chordata	Cheilinus undulatus	3	GCF_018320785.1	reference genome	ASM1832078v1	Chromosome		1173455521	yes
82893	Cheilodactylus nigripes	Cheilodactylus	Cheilodactylidae	Centrarchiformes	Actinopteri	Chordata	Cheilodactylus nigripes	2	GCA_988282045.1	reference genome	Pseudogoniistius nigripes_haplotype_1_assembly	Chromosome		602270246	no
82899	Cheilodactylus zonatus	Cheilodactylus	Cheilodactylidae	Centrarchiformes	Actinopteri	Chordata	Cheilodactylus zonatus	1	GCA_050575295.2	reference genome	QDU_Gzo_v1.1	Chromosome		611965841	no
9460	Cheirogaleus medius	Cheirogaleus	Cheirogaleidae	Primates	Mammalia	Chordata	Cheirogaleus medius	2	GCA_061140495.1	reference genome	FatTail1_pri	Chromosome		2312043398	no
426094	Chelidonichthys cuculus	Chelidonichthys	Triglidae	Perciformes	Actinopteri	Chordata	Chelidonichthys cuculus	1	GCA_971798655.1	reference genome	fCheCuc1.hap1.1	Chromosome		666050924	no
2576622	Chelidonichthys lucerna	Chelidonichthys	Triglidae	Perciformes	Actinopteri	Chordata	Chelidonichthys lucerna	1	GCA_965644535.1	reference genome	fCheLuc1.hap1.1	Chromosome		649069712	no
349663	Chelidonichthys obscurus	Chelidonichthys	Triglidae	Perciformes	Actinopteri	Chordata	Chelidonichthys obscurus	1	GCA_987338565.1	reference genome	fCheObs1.1	Chromosome		669469954	no
450224	Chelidonichthys spinosus	Chelidonichthys	Triglidae	Perciformes	Actinopteri	Chordata	Chelidonichthys spinosus	1	GCA_029853015.1	reference genome	ASM2985301v1	Chromosome		624711834	no
109905	Chelmon rostratus	Chelmon	Chaetodontidae	Chaetodontiformes	Actinopteri	Chordata	Chelmon rostratus	3	GCF_017976325.1	reference genome	fCheRos1.pri	Chromosome		644191893	yes
603445	Chelmonops curiosus	Chelmonops	Chaetodontidae	Chaetodontiformes	Actinopteri	Chordata	Chelmonops curiosus	2	GCA_988240355.1	reference genome	Chelmonops curiosus_haplotype_2_assembly	Chromosome		674585475	no
48191	Chelon auratus	Chelon	Mugilidae	Mugiliformes	Actinopteri	Chordata	Chelon auratus	1	GCA_982589965.1	reference genome	fCheAur1.1	Chromosome		687962505	no
48171	Chelon labrosus	Chelon	Mugilidae	Mugiliformes	Actinopteri	Chordata	Chelon labrosus	2	GCF_963514085.1	reference genome	fCheLab1.1	Chromosome		717403240	yes
30804	Chelon ramada	Chelon	Mugilidae	Mugiliformes	Actinopteri	Chordata	Chelon ramada	1	GCA_987345715.1	reference genome	fLizRam5.1	Chromosome		674100380	no
8469	Chelonia mydas	Chelonia	Cheloniidae	Testudines		Chordata	Chelonia mydas	2	GCF_015237465.2	reference genome	rCheMyd1.pri.v2	Chromosome		2134358617	yes
106734	Chelonoidis abingdonii	Chelonoidis	Testudinidae	Testudines		Chordata	Chelonoidis abingdonii	2	GCF_003597395.2	reference genome	CheloAbing_2.0	Chromosome		2256468705	yes
586795	Chilomycterus antillarum	Chilomycterus	Diodontidae	Tetraodontiformes	Actinopteri	Chordata	Chilomycterus antillarum	1	GCA_986419385.1	reference genome	fChiAnt1.1	Chromosome		713758690	no
137246	Chiloscyllium punctatum	Chiloscyllium	Hemiscylliidae	Orectolobiformes	Chondrichthyes	Chordata	Chiloscyllium punctatum	2	GCF_047496795.1	reference genome	sChiPun1.3	Chromosome		5274411202	yes
134990	Chimaera phantasma	Chimaera	Chimaeridae	Chimaeriformes	Chondrichthyes	Chordata	Chimaera phantasma	1	GCA_057930315.1	reference genome	sChiPha1.1	Chromosome		1009572152	no
2202370	Chimarrichthys kishinouyei	Chimarrichthys	Sisoridae	Siluriformes	Actinopteri	Chordata	Chimarrichthys kishinouyei	1	GCA_048932625.1	reference genome	YLab_EK_001	Chromosome		886737479	no
445509	Chindongo elongatus	Chindongo	Cichlidae	Cichliformes	Actinopteri	Chordata	Chindongo elongatus	1	GCA_988222605.1	reference genome	fPseElu1.pri	Chromosome		940510336	no
269649	Chionomys nivalis	Chionomys	Cricetidae	Rodentia	Mammalia	Chordata	Chionomys nivalis	2	GCF_950005125.1	reference genome	mChiNiv1.1	Chromosome		2393390621	yes
476915	Chirolophis japonicus	Chirolophis	Stichaeidae	Perciformes	Actinopteri	Chordata	Chirolophis japonicus	2	GCA_054506975.1	reference genome	ASM5450697v1	Chromosome		623672308	no
296741	Chiroxiphia lanceolata	Chiroxiphia	Pipridae	Passeriformes	Aves	Chordata	Chiroxiphia lanceolata	2	GCF_009829145.1	reference genome	bChiLan1.pri	Chromosome		1089631598	yes
171799	Chitra chitra	Chitra	Trionychidae	Testudines		Chordata	Chitra chitra	1	GCA_052575445.1	reference genome	rChiChi1.pri	Chromosome		2191255941	no
187382	Chlamydotis macqueenii	Chlamydotis	Otididae	Otidiformes	Aves	Chordata	Chlamydotis macqueenii	3	GCF_036417535.1	reference genome	bChlMac1.mat	Chromosome		1273916401	yes
37601	Chloris chloris	Chloris	Fringillidae	Passeriformes	Aves	Chordata	Chloris chloris	1	GCA_987196555.1	reference genome	bChlChl3.hap1.1	Chromosome		1211655653	no
60711	Chlorocebus sabaeus	Chlorocebus	Cercopithecidae	Primates	Mammalia	Chordata	Chlorocebus sabaeus	5	GCF_047675955.1	reference genome	mChlSab1.0.hap1	Chromosome		3267373866	yes
443688	Choerodon rubescens	Choerodon	Labridae	Labriformes	Actinopteri	Chordata	Choerodon rubescens	2	GCA_056506735.1	reference genome	fChoRub1.hap2	Chromosome		856766100	no
241275	Choerodon schoenleinii	Choerodon	Labridae	Labriformes	Actinopteri	Chordata	Choerodon schoenleinii	1	GCA_047301625.1	reference genome	ASM4730162v1	Chromosome		865958939	no
27675	Choloepus didactylus	Choloepus	Megalonychidae	Pilosa	Mammalia	Chordata	Choloepus didactylus	2	GCF_015220235.1	reference genome	mChoDid1.pri	Chromosome		3214686105	yes
1192867	Chroicocephalus ridibundus	Chroicocephalus	Laridae	Charadriiformes	Aves	Chordata	Chroicocephalus ridibundus	3	GCF_963924245.1	reference genome	bChrRid1.1	Chromosome		1417554307	yes
762751	Chromidotilapia guntheri	Chromidotilapia	Cichlidae	Cichliformes	Actinopteri	Chordata	Chromidotilapia guntheri	2	GCA_040805835.1	reference genome	ASM4080583v1	Chromosome		866651555	no
3700090	Chromileptes altivelis (female) x Epinephelus fuscoguttatus (male)						Chromileptes altivelis (female) x Epinephelus fuscoguttatus (male)	2	GCA_060753225.1		ASM6075322v1	Complete Genome		1081873495	no
91607	Chromis chromis	Chromis	Pomacentridae		Actinopteri	Chordata	Chromis chromis	1	GCA_984582935.1	reference genome	fChrCho1.1	Chromosome		896761206	no
596122	Chromogobius zebratus	Chromogobius	Gobiidae	Gobiiformes	Actinopteri	Chordata	Chromogobius zebratus	1	GCA_982768625.1	reference genome	fChrZer1.1	Chromosome		1157856703	no
42663	Chrosomus eos	Chrosomus	Leuciscidae	Cypriniformes	Actinopteri	Chordata	Chrosomus eos	1	GCA_036326025.1	reference genome	ASM3632602v1	Chromosome		1270618293	no
8479	Chrysemys picta	Chrysemys	Emydidae	Testudines		Chordata	Chrysemys picta bellii	3	GCF_011386835.1	reference genome	ASM1138683v2	Chromosome		2372089908	yes
9089	Chrysolophus pictus	Chrysolophus	Phasianidae	Galliformes	Aves	Chordata	Chrysolophus pictus	2	GCA_037305975.1	reference genome	CPswu_hap2	Chromosome		1061050268	no
279401	Chuanchia labiosa	Chuanchia	Cyprinidae	Cypriniformes	Actinopteri	Chordata	Chuanchia labiosa	1	GCA_058970085.1	reference genome	ASM5897008v1	Chromosome		1800532837	no
52775	Ciconia boyciana	Ciconia	Ciconiidae	Ciconiiformes	Aves	Chordata	Ciconia boyciana	2	GCF_034638445.1	reference genome	ASM3463844v1	Chromosome		1240615254	yes
8928	Ciconia ciconia	Ciconia	Ciconiidae	Ciconiiformes	Aves	Chordata	Ciconia ciconia	1	GCA_987196565.1	reference genome	bCicCic1.hap1.1	Chromosome		1373837112	no
52777	Ciconia maguari	Ciconia	Ciconiidae	Ciconiiformes	Aves	Chordata	Ciconia maguari	1	GCA_017639555.1	reference genome	bCicMag1.pri	Chromosome		1239415939	yes
348443	Ciliata mustela	Ciliata	Lotidae	Gadiformes	Actinopteri	Chordata	Ciliata mustela	2	GCA_987197175.1	reference genome	fCilMus1.hap1.1	Chromosome		533108441	no
127875	Cinclus cinclus	Cinclus	Cinclidae	Passeriformes	Aves	Chordata	Cinclus cinclus	2	GCF_963662255.1	reference genome	bCinCin1.1	Chromosome		1170837027	yes
43466	Circus cyaneus	Circus	Accipitridae	Accipitriformes	Aves	Chordata	Circus cyaneus	2	GCA_987196875.1	reference genome	bCirCya1.hap1.1	Chromosome		1356138831	no
172907	Cirrhinus molitorella	Cirrhinus	Cyprinidae	Cypriniformes	Actinopteri	Chordata	Cirrhinus molitorella	2	GCA_033026305.1	reference genome	C_molitorella v1.0	Chromosome		1033411071	yes
683832	Cirrhinus mrigala	Cirrhinus	Cyprinidae	Cypriniformes	Actinopteri	Chordata	Cirrhinus mrigala	1	GCA_036247105.2	reference genome	ASM3624710v2	Chromosome		1057024841	yes
712048	Cistugo seabrae	Cistugo	Cistugidae	Chiroptera	Mammalia	Chordata	Cistugo seabrae	1	GCA_061228675.1	reference genome	mCisSea1.1.hap1	Chromosome		1878045227	no
685904	Clarias dussumieri	Clarias	Clariidae	Siluriformes	Actinopteri	Chordata	Clarias dussumieri	1	GCA_041682065.1	reference genome	ASM4168206v1	Chromosome		918714713	no
33541	Clarias fuscus	Clarias	Clariidae	Siluriformes	Actinopteri	Chordata	Clarias fuscus	2	GCA_046453815.1	reference genome	ASM4645381v1	Chromosome		982848740	no
13013	Clarias gariepinus	Clarias	Clariidae	Siluriformes	Actinopteri	Chordata	Clarias gariepinus	5	GCF_024256425.1	reference genome	CGAR_prim_01v2	Chromosome		969604269	yes
35657	Clarias macrocephalus	Clarias	Clariidae	Siluriformes	Actinopteri	Chordata	Clarias macrocephalus	3	GCA_048129245.1	reference genome	fClaHyb_Mac	Chromosome		894852272	no
244449	Cleisthenes herzensteini	Cleisthenes	Pleuronectidae	Pleuronectiformes	Actinopteri	Chordata	Cleisthenes herzensteini	1	GCA_058139655.1	reference genome	ASM5813965v1	Chromosome		677106277	no
537920	Clethrionomys rutilus	Clethrionomys	Cricetidae	Rodentia	Mammalia	Chordata	Clethrionomys rutilus	1	GCA_040207285.2	reference genome	mMyoRut1_p1.0	Chromosome		2398514924	no
7950	Clupea harengus	Clupea	Clupeidae	Clupeiformes	Actinopteri	Chordata	Clupea harengus	3	GCF_900700415.2	reference genome	Ch_v2.0.2	Chromosome		786308905	yes
30724	Clupea pallasii	Clupea	Clupeidae	Clupeiformes	Actinopteri	Chordata	Clupea pallasii	1	GCA_056790095.1	reference genome	Clupal_KotzSound	Chromosome		815000446	no
3371016	Cnephaeus nilssonii	Cnephaeus	Vespertilionidae	Chiroptera	Mammalia	Chordata	Cnephaeus nilssonii	3	GCF_951640355.1	reference genome	mEptNil1.1	Chromosome		2064102006	yes
287196	Cobitis hankugensis	Cobitis	Cobitidae	Cypriniformes	Actinopteri	Chordata	Cobitis hankugensis	1	GCA_062009627.1	reference genome	ASM62009627v1	Chromosome		1317765496	no
98395	Cobitis taenia	Cobitis	Cobitidae	Cypriniformes	Actinopteri	Chordata	Cobitis taenia	1	GCA_987197225.1	reference genome	fCobTae1.hap1.1	Chromosome		1706543558	no
37609	Coccothraustes coccothraustes	Coccothraustes	Fringillidae	Passeriformes	Aves	Chordata	Coccothraustes coccothraustes	1	GCA_965649865.1	reference genome	bCocCoc1.h1	Chromosome		1190889568	yes
2740755	Cochleoceps spatula	Cochleoceps	Gobiesocidae	Blenniiformes	Actinopteri	Chordata	Cochleoceps spatula	2	GCA_988281165.1	reference genome	Cochleoceps spatula_haplotype_2_assembly	Chromosome		645666286	no
411919	Coilia brachygnathus	Coilia	Engraulidae	Clupeiformes	Actinopteri	Chordata	Coilia brachygnathus	1	GCA_061310285.1	reference genome	ASM6131028v1	Chromosome		857526967	no
363190	Coilia grayii	Coilia	Engraulidae	Clupeiformes	Actinopteri	Chordata	Coilia grayii	1	GCA_042479465.1	reference genome	ASM4247946v1	Chromosome		920626559	yes
286537	Coilia mystus	Coilia	Engraulidae	Clupeiformes	Actinopteri	Chordata	Coilia mystus	3	GCA_048544225.1	reference genome	fCoiMys1.hap2	Chromosome		854254650	yes
365059	Coilia nasus	Coilia	Engraulidae	Clupeiformes	Actinopteri	Chordata	Coilia nasus	2	GCA_027475355.1	reference genome	ASM2747535v1	Chromosome		851665587	no
51355	Colaptes auratus	Colaptes	Picidae	Piciformes	Aves	Chordata	Colaptes auratus	1	GCA_015227895.2	reference genome	Caur_TTU_1.0	Chromosome		1378187165	no
57412	Colius striatus	Colius	Coliidae	Coliiformes	Aves	Chordata	Colius striatus	3	GCF_028858725.1	reference genome	bColStr4.1.hap1	Chromosome		1212464869	yes
240159	Collichthys lucidus	Collichthys	Sciaenidae		Actinopteri	Chordata	Collichthys lucidus	1	GCA_004119915.2	reference genome	ASM411991v2	Chromosome		877615421	yes
33548	Colobus guereza	Colobus	Cercopithecidae	Primates	Mammalia	Chordata	Colobus guereza	2	GCA_030247045.1	reference genome	ASM3024704v1	Chromosome		2976664877	no
30423	Coloeus monedula	Coloeus	Corvidae	Passeriformes	Aves	Chordata	Coloeus monedula	4	GCF_965178545.1	reference genome	bColMon1.hap1.1	Chromosome		1263979770	yes
129043	Cololabis saira	Cololabis	Belonidae	Beloniformes	Actinopteri	Chordata	Cololabis saira	4	GCF_033807715.1	reference genome	fColSai1.1	Chromosome		1146345828	yes
8590	Coluber constrictor	Coluber	Colubridae	Squamata	Lepidosauria	Chordata	Coluber constrictor foxii	1	GCA_038048745.1	reference genome	rColCon1_p1.0	Chromosome		1829127931	no
2953368	Columba delegorguei	Columba	Columbidae	Columbiformes	Aves	Chordata	Columba delegorguei	2	GCA_059801895.1	reference genome	bColDeg1.hap1	Chromosome		1462595675	yes
2953369	Columba eversmanni	Columba	Columbidae	Columbiformes	Aves	Chordata	Columba eversmanni	2	GCA_059801445.1	reference genome	bColEve1.hap1	Chromosome		1234341043	yes
8932	Columba livia	Columba	Columbidae	Columbiformes	Aves	Chordata	Columba livia	13	GCF_036013475.1	reference genome	bColLiv1.pat.W.v2	Chromosome		1325566026	yes
160229	Columba oenas	Columba	Columbidae	Columbiformes	Aves	Chordata	Columba oenas	1	GCA_987196055.1	reference genome	bColOen2.hap1.1	Chromosome		1357115943	no
82655	Conger conger	Conger	Congridae	Anguilliformes	Actinopteri	Chordata	Conger conger	3	GCF_963514075.1	reference genome	fConCon1.1	Chromosome		1136402888	yes
7943	Conger myriaster	Conger	Congridae	Anguilliformes	Actinopteri	Chordata	Conger myriaster	2	GCA_047653785.1	reference genome	ASM4765378v1	Chromosome		1093778583	no
163618	Copadichromis virginalis	Copadichromis	Cichlidae	Cichliformes	Actinopteri	Chordata	Copadichromis virginalis	4	GCF_057382275.1	reference genome	C_Virginalis_male_GT1.1	Chromosome		946462903	yes
797021	Copsychus sechellarum	Copsychus	Muscicapidae	Passeriformes	Aves	Chordata	Copsychus sechellarum	2	GCA_054084135.1	reference genome	bCopSec1.hap2	Chromosome		1040605357	no
8130	Coptodon zillii	Coptodon	Cichlidae	Cichliformes	Actinopteri	Chordata	Coptodon zillii	1	GCA_057750445.1	reference genome	SHOU_CoZill	Chromosome		996396411	no
1365678	Corcyrogobius liechtensteini	Corcyrogobius	Gobiidae	Gobiiformes	Actinopteri	Chordata	Corcyrogobius liechtensteini	1	GCA_982529875.1	reference genome	fCorLie1.1	Chromosome		999105156	no
36181	Coregonus artedi	Coregonus	Salmonidae	Salmoniformes	Actinopteri	Chordata	Coregonus artedi	1	GCA_039881085.1	reference genome	CA_GEN_1v1	Chromosome		2491651976	no
59861	Coregonus clupeaformis	Coregonus	Salmonidae	Salmoniformes	Actinopteri	Chordata	Coregonus clupeaformis	4	GCF_020615455.1	reference genome	ASM2061545v1	Chromosome		2753270621	yes
520985	Coregonus huntsmani	Coregonus	Salmonidae	Salmoniformes	Actinopteri	Chordata	Coregonus huntsmani	1	GCA_057556915.1	reference genome	fCorHun1_p1.2	Chromosome		2147805497	no
59291	Coregonus lavaretus	Coregonus	Salmonidae	Salmoniformes	Actinopteri	Chordata	Coregonus lavaretus	2	GCF_964263955.1	reference genome	fCorLav1.hap1.1	Chromosome		2842845857	yes
861768	Coregonus sp. 'balchen'	Coregonus	Salmonidae	Salmoniformes	Actinopteri	Chordata	Coregonus sp. 'balchen'	1	GCA_902810595.1		AWG_v2	Chromosome		2068074305	yes
861788	Coregonus suidteri	Coregonus	Salmonidae	Salmoniformes	Actinopteri	Chordata	Coregonus suidteri	1	GCA_036851935.1	reference genome	J4Q44_1.1	Chromosome		2294266309	yes
340692	Coregonus ussuriensis	Coregonus	Salmonidae	Salmoniformes	Actinopteri	Chordata	Coregonus ussuriensis	1	GCA_031479575.1	reference genome	ASM3147957v1	Chromosome		2628497916	no
328532	Coreius guichenoti	Coreius	Gobionidae	Cypriniformes	Actinopteri	Chordata	Coreius guichenoti	3	GCA_054643355.1	reference genome	ASM5464335v1	Chromosome		1078519457	no
171525	Coreius heterodon	Coreius	Gobionidae	Cypriniformes	Actinopteri	Chordata	Coreius heterodon	2	GCA_054643365.1	reference genome	ASM5464336v1	Chromosome		1074211558	no
228250	Coreoperca whiteheadi	Coreoperca	Sinipercidae	Centrarchiformes	Actinopteri	Chordata	Coreoperca whiteheadi	2	GCA_056747575.1	reference genome	C_whiteheadi v1.0	Chromosome		787169336	no
1182148	Coris auricularis	Coris	Labridae	Labriformes	Actinopteri	Chordata	Coris auricularis	2	GCA_988280635.1	reference genome	Coris auricularis_haplotype_1_assembly	Chromosome		710639844	no
126330	Coris julis	Coris	Labridae	Labriformes	Actinopteri	Chordata	Coris julis	1	GCA_980441695.1	reference genome	fCorJul1.1	Chromosome		777325141	no
143539	Correlophus ciliatus	Correlophus	Diplodactylidae	Squamata	Lepidosauria	Chordata	Correlophus ciliatus	2	GCA_040207535.2	reference genome	USC_Ccil_1.0	Chromosome		1652913400	yes
143540	Correlophus sarasinorum	Correlophus	Diplodactylidae	Squamata	Lepidosauria	Chordata	Correlophus sarasinorum	1	GCA_058969105.1	reference genome	USC_Csar_1.0	Chromosome		1652385365	no
56781	Corvus corax	Corvus	Corvidae	Passeriformes	Aves	Chordata	Corvus corax	1	GCA_987196915.1	reference genome	bCorCor1.hap1.1	Chromosome		1277292537	no
181096	Corvus cornix	Corvus	Corvidae	Passeriformes	Aves	Chordata	Corvus cornix cornix	2	GCF_000738735.6	reference genome	ASM73873v6	Chromosome		1030864775	yes
30422	Corvus corone	Corvus	Corvidae	Passeriformes	Aves	Chordata	Corvus corone	1	GCA_987196955.1	reference genome	bCorCoo1.hap1.1	Chromosome		1275672260	no
75140	Corvus frugilegus	Corvus	Corvidae	Passeriformes	Aves	Chordata	Corvus frugilegus	1	GCA_987196625.1	reference genome	bCorFru1.hap1.1	Chromosome		1261667340	no
134902	Corvus hawaiiensis	Corvus	Corvidae	Passeriformes	Aves	Chordata	Corvus hawaiiensis	2	GCF_020740725.1	reference genome	bCorHaw1.pri.cur	Chromosome		1151594481	yes
1196302	Corvus moneduloides	Corvus	Corvidae	Passeriformes	Aves	Chordata	Corvus moneduloides	2	GCF_009650955.1	reference genome	bCorMon1.pri	Chromosome		1112734094	yes
124745	Corynorhinus townsendii	Corynorhinus	Vespertilionidae	Chiroptera	Mammalia	Chordata	Corynorhinus townsendii	2	GCA_026230045.2	reference genome	mCorTow1.1.hap2	Chromosome		1951328266	no
76798	Coryphaenoides armatus	Coryphaenoides	Macrouridae	Gadiformes	Actinopteri	Chordata	Coryphaenoides armatus	1	GCA_053525285.1	reference genome	ASM5352528v1	Chromosome		815534046	no
1887086	Coryphaenoides rudis	Coryphaenoides	Macrouridae	Gadiformes	Actinopteri	Chordata	Coryphaenoides rudis	1	GCA_048487635.1	reference genome	ASM4848763v1	Chromosome		868790623	no
152538	Coryphoblennius galerita	Coryphoblennius	Blenniidae	Blenniiformes	Actinopteri	Chordata	Coryphoblennius galerita	1	GCA_965229965.1	reference genome	fCorGal2.1	Chromosome		775328364	no
658148	Coryphopterus venezuelae	Coryphopterus	Gobiidae	Gobiiformes	Actinopteri	Chordata	Coryphopterus venezuelae	1	GCA_977063065.1	reference genome	fCorVen1.1	Chromosome		1143939970	no
211658	Corythoichthys haematopterus	Corythoichthys	Syngnathidae	Syngnathiformes	Actinopteri	Chordata	Corythoichthys haematopterus	1	GCA_059516065.1	reference genome	RoL_Chae_1.0	Chromosome		1280088134	no
161448	Corythoichthys intestinalis	Corythoichthys	Syngnathidae	Syngnathiformes	Actinopteri	Chordata	Corythoichthys intestinalis	3	GCF_030265065.1	reference genome	ASM3026506v1	Chromosome		1326793283	yes
56716	Cottoperca gobio	Cottoperca	Bovichtidae	Perciformes	Actinopteri	Chordata	Cottoperca gobio	2	GCF_900634415.1	reference genome	fCotGob3.1	Chromosome		609391784	yes
100952	Cottus gobio	Cottus	Cottidae	Perciformes	Actinopteri	Chordata	Cottus gobio	1	GCA_023566465.1	reference genome	ASM2356646v1	Chromosome		645607472	no
9091	Coturnix coturnix	Coturnix	Phasianidae	Galliformes	Aves	Chordata	Coturnix coturnix	1	GCA_051820755.1	reference genome	ASM5182075v1	Chromosome		1080135269	no
93934	Coturnix japonica	Coturnix	Phasianidae	Galliformes	Aves	Chordata	Coturnix japonica	5	GCF_054131305.1	reference genome	WE-NBRP24	Chromosome		1279647445	yes
86267	Cranioleuca antisiensis	Cranioleuca	Furnariidae	Passeriformes	Aves	Chordata	Cranioleuca antisiensis	2	GCA_060712535.1	reference genome	bCraAnt1.1.hap2	Chromosome		1083456134	no
175798	Cranoglanis bouderius	Cranoglanis	Cranoglanididae	Siluriformes	Actinopteri	Chordata	Cranoglanis bouderius	2	GCA_023630585.1	reference genome	ASM2363058v1	Chromosome		881346651	no
2058468	Crenicichla tuca	Crenicichla	Cichlidae	Cichliformes	Actinopteri	Chordata	Crenicichla tuca	1	GCA_059335335.1	reference genome	CTuc_CBFH00195	Chromosome		839728961	no
185586	Crex crex	Crex	Rallidae	Gruiformes	Aves	Chordata	Crex crex	2	GCA_987197635.1	reference genome	bCreCre1.hap1.1	Chromosome		1295622752	no
3774379	Cricetiscus sungorus	Cricetiscus	Cricetidae	Rodentia	Mammalia	Chordata	Cricetiscus sungorus	1	GCA_023856395.1		Psun_UM_1.1	Chromosome		2119204330	no
10029	Cricetulus griseus	Cricetulus	Cricetidae	Rodentia	Mammalia	Chordata	Cricetulus griseus	2	GCF_003668045.3	reference genome	CriGri-PICRH-1.0	Chromosome		2366634374	yes
10034	Cricetus cricetus	Cricetus	Cricetidae	Rodentia	Mammalia	Chordata	Cricetus cricetus	2	GCA_964304595.1	reference genome	mCriCri2.1	Chromosome		2520162027	no
326986	Crinia signifera	Crinia	Myobatrachidae	Anura	Amphibia	Chordata	Crinia signifera	3	GCF_055691185.1	reference genome	ASM5569118v1	Chromosome		3234790400	yes
879810	Cristiceps australis	Cristiceps	Clinidae	Blenniiformes	Actinopteri	Chordata	Cristiceps australis	2	GCA_049082045.1	reference genome	fCriAus1.1_haplotype_2	Chromosome		559096705	no
8501	Crocodylus niloticus	Crocodylus	Crocodylidae	Crocodylia		Chordata	Crocodylus niloticus	2	GCA_054825085.1	reference genome	rCroNil1.hap2	Chromosome		2344593006	no
68455	Crocodylus siamensis	Crocodylus	Crocodylidae	Crocodylia		Chordata	Crocodylus siamensis	1	GCA_052110815.1	reference genome	ASM5211081v1	Chromosome		2128057549	no
304459	Cromileptes altivelis	Cromileptes	Serranidae	Perciformes	Actinopteri	Chordata	Cromileptes altivelis	2	GCA_013133815.1	reference genome	SYSU_Calt_1.1	Chromosome		1013370389	no
3711059	Cromileptes altivelis x Epinephelus fuscoguttatus		Serranidae	Perciformes	Actinopteri	Chordata	Cromileptes altivelis x Epinephelus fuscoguttatus	2	GCA_061495325.1		YSFRI_Yushuban_pat1.0	Complete Genome		1083364354	no
8729	Crotalus adamanteus	Crotalus	Viperidae	Squamata	Lepidosauria	Chordata	Crotalus adamanteus	1	GCA_039797435.1	reference genome	Cadamanteus_3dDNAHiC_1.2	Chromosome		1696173748	yes
8739	Crotalus viridis	Crotalus	Viperidae	Squamata	Lepidosauria	Chordata	Crotalus viridis	2	GCA_059756665.1	reference genome	UTA_croVir_4.0	Chromosome		1585854957	no
2509230	Cryptoblepharus egeriae	Cryptoblepharus	Scincidae	Squamata	Lepidosauria	Chordata	Cryptoblepharus egeriae	1	GCA_030015325.2	reference genome	Cryege1_pri_2025	Chromosome		1463206097	no
1175177	Cryptoblepharus pulcher	Cryptoblepharus	Scincidae	Squamata	Lepidosauria	Chordata	Cryptoblepharus pulcher	1	GCA_055504975.1	reference genome	crypul_v2024.1.fa	Chromosome		1483019143	no
43048	Cryptobranchus alleganiensis	Cryptobranchus	Cryptobranchidae	Caudata	Amphibia	Chordata	Cryptobranchus alleganiensis	2	GCA_060551585.1	reference genome	aCryAll3.hap2	Chromosome		46827879333	no
175436	Ctenochaetus striatus	Ctenochaetus	Acanthuridae	Acanthuriformes	Actinopteri	Chordata	Ctenochaetus striatus	2	GCA_988228055.1	reference genome	Ctenochaetus striatus_haplotype_2_assembly	Chromosome		693612488	no
10166	Ctenodactylus gundi	Ctenodactylus	Ctenodactylidae	Rodentia	Mammalia	Chordata	Ctenodactylus gundi	2	GCA_048771875.1	reference genome	mCteGun2.hap1	Chromosome		2184404205	yes
171735	Ctenolabrus rupestris	Ctenolabrus	Labridae	Labriformes	Actinopteri	Chordata	Ctenolabrus rupestris	1	GCA_965358205.2	reference genome	fCteRup1.2	Chromosome		767174250	no
7959	Ctenopharyngodon idella	Ctenopharyngodon	Xenocyprididae	Cypriniformes	Actinopteri	Chordata	Ctenopharyngodon idella	5	GCF_019924925.1	reference genome	HZGC01	Chromosome		893198495	yes
55661	Cuculus canorus	Cuculus	Cuculidae	Cuculiformes	Aves	Chordata	Cuculus canorus	2	GCF_017976375.1	reference genome	bCucCan1.pri	Chromosome		1180136575	yes
194366	Culter alburnus	Culter	Xenocyprididae	Cypriniformes	Actinopteri	Chordata	Culter alburnus	1	GCA_040182925.1	reference genome	ASM4018292v1	Chromosome		1052771736	yes
68730	Cuon alpinus	Cuon	Canidae	Carnivora	Mammalia	Chordata	Cuon alpinus	1	GCA_060956735.1	reference genome	ASM6095673v1	Chromosome		2419537568	no
216193	Curruca communis	Curruca	Sylviidae	Passeriformes	Aves	Chordata	Curruca communis	1	GCA_987195945.1	reference genome	bSylCom1.hap1.1	Chromosome		1223283174	no
156563	Cyanistes caeruleus	Cyanistes	Paridae	Passeriformes	Aves	Chordata	Cyanistes caeruleus	3	GCF_971803275.1	reference genome	bCyaCae1.hap1.1	Chromosome		1220456237	yes
28727	Cyanocitta cristata	Cyanocitta	Corvidae	Passeriformes	Aves	Chordata	Cyanocitta cristata	3	GCA_055860935.1	reference genome	C.cristata_1B-5373_v1.0	Chromosome		1252865386	no
8103	Cyclopterus lumpus	Cyclopterus	Cyclopteridae	Perciformes	Actinopteri	Chordata	Cyclopterus lumpus	3	GCF_009769545.1	reference genome	fCycLum1.pri	Chromosome		572885595	yes
118683	Cyclura pinguis	Cyclura	Iguanidae	Squamata	Lepidosauria	Chordata	Cyclura pinguis	1	GCA_030412105.1	reference genome	rCycPin1.hap1	Chromosome		1983614781	yes
8868	Cygnus atratus	Cygnus	Anatidae	Anseriformes	Aves	Chordata	Cygnus atratus	2	GCF_013377495.2	reference genome	CAtr_DNAZoo_HiC_assembly	Chromosome		1124217020	yes
219595	Cygnus cygnus	Cygnus	Anatidae	Anseriformes	Aves	Chordata	Cygnus cygnus	1	GCA_965278775.1	reference genome	bCygCyg1.hap1.1	Chromosome		1387568417	no
8869	Cygnus olor	Cygnus	Anatidae	Anseriformes	Aves	Chordata	Cygnus olor	3	GCF_009769625.2	reference genome	bCygOlo1.pri.v2	Chromosome		1134169903	yes
110931	Cynocephalus volans	Cynocephalus	Cynocephalidae	Dermoptera	Mammalia	Chordata	Cynocephalus volans	2	GCF_027409185.1	reference genome	mCynVol1.pri	Chromosome		2814418120	yes
9400	Cynopterus sphinx	Cynopterus	Pteropodidae	Chiroptera	Mammalia	Chordata	Cynopterus sphinx	1	GCA_030015415.1	reference genome	ASM3001541v1	Chromosome		1857070059	no
205486	Cynotilapia afra	Cynotilapia	Cichlidae	Cichliformes	Actinopteri	Chordata	Cynotilapia afra	1	GCA_988222495.1	reference genome	fCynAfr1.pri	Chromosome		932528750	no
646043	Cypho purpurascens	Cypho	Pseudochromidae		Actinopteri	Chordata	Cypho purpurascens	2	GCA_988281295.1	reference genome	Cypho purpurascens_haplotype_2_assembly	Chromosome		851867127	no
28791	Cyprinella lutrensis	Cyprinella	Leuciscidae	Cypriniformes	Actinopteri	Chordata	Cyprinella lutrensis	2	GCA_054825075.1	reference genome	fCypLut1.hap1	Chromosome		926968418	no
28792	Cyprinella venusta	Cyprinella	Leuciscidae	Cypriniformes	Actinopteri	Chordata	Cyprinella venusta	2	GCA_038021265.1	reference genome	fCypVen1.hap1	Chromosome		918162819	no
69136	Cyprinodon diabolis	Cyprinodon	Cyprinodontidae	Cyprinodontiformes	Actinopteri	Chordata	Cyprinodon diabolis	1	GCA_030533445.1	reference genome	UCB_CyDiab_1.0	Chromosome		1220346717	no
33520	Cyprinodon nevadensis	Cyprinodon	Cyprinodontidae	Cyprinodontiformes	Actinopteri	Chordata	Cyprinodon nevadensis mionectes	1	GCA_030533455.1	reference genome	UCB_CyNevMio_1.0	Chromosome		1216518869	no
7962	Cyprinus carpio	Cyprinus	Cyprinidae	Cypriniformes	Actinopteri	Chordata	Cyprinus carpio	9	GCF_018340385.1	reference genome	ASM1834038v1	Chromosome		1680118328	yes
3802735	Cyprinus carpio var. Quanzhounensis			Cypriniformes	Actinopteri	Chordata	Cyprinus carpio var. Quanzhounensis	1	GCA_060414195.1		ASM6041419v1	Complete Genome		1547004957	no
3391605	Cyprinus rubrofuscus x Sinocyclocheilus grahami			Cypriniformes	Actinopteri	Chordata	Cyprinus rubrofuscus x Sinocyclocheilus grahami	1	GCA_058705555.1		ASM5870555v1	Chromosome		3371913565	no
303590	Cyrtopodion scabrum	Cyrtopodion	Gekkonidae	Squamata	Lepidosauria	Chordata	Cyrtopodion scabrum	3	GCA_054791115.1	reference genome	MPM_CyrtScab	Chromosome		2025647772	no
75939	Dallia pectoralis	Dallia	Umbridae	Esociformes	Actinopteri	Chordata	Dallia pectoralis	1	GCA_029465975.1	reference genome	DPEC_1.1	Chromosome		719674739	yes
30532	Dama dama	Dama	Cervidae	Artiodactyla	Mammalia	Chordata	Dama dama	4	GCF_033118175.1	reference genome	ASM3311817v2	Chromosome		3104280228	yes
1142201	Danio aesculapii	Danio	Danionidae	Cypriniformes	Actinopteri	Chordata	Danio aesculapii	2	GCF_903798145.1	reference genome	fDanAes4.1	Chromosome		1381485597	yes
242068	Danio kyathit	Danio	Danionidae	Cypriniformes	Actinopteri	Chordata	Danio kyathit	1	GCA_903798195.1	reference genome	fDanKya3.1	Chromosome		1708446541	no
7955	Danio rerio	Danio	Danionidae	Cypriniformes	Actinopteri	Chordata	Danio rerio	13	GCF_052040795.2	reference genome	GRCz13ab	Complete Genome		1455310570	yes
50790	Dascyllus trimaculatus	Dascyllus	Pomacentridae		Actinopteri	Chordata	Dascyllus trimaculatus	1	GCA_024666655.1	reference genome	DTR_v1.0	Chromosome		910763285	no
673854	Dasyatis pastinaca	Dasyatis	Dasyatidae	Myliobatiformes	Chondrichthyes	Chordata	Dasyatis pastinaca	1	GCA_987106705.1	reference genome	sDasPas1.1	Chromosome		4119252683	no
9361	Dasypus novemcinctus	Dasypus	Dasypodidae	Cingulata	Mammalia	Chordata	Dasypus novemcinctus	3	GCF_030445035.2	reference genome	mDasNov1.1.hap2	Chromosome		3610534858	yes
9281	Dasyurus maculatus	Dasyurus	Dasyuridae	Dasyuromorphia	Mammalia	Chordata	Dasyurus maculatus	2	GCA_048593245.1	reference genome	ASM4859324v1	Chromosome		3066144370	no
9279	Dasyurus viverrinus	Dasyurus	Dasyuridae	Dasyuromorphia	Mammalia	Chordata	Dasyurus viverrinus	3	GCA_020854095.1	reference genome	UniMelb_DasViv_v1.0	Chromosome		3139221772	no
428446	Datnioides polota	Datnioides	Datnioididae	Lobotiformes	Actinopteri	Chordata	Datnioides polota	2	GCA_054883175.1	reference genome	fDatPol1.hap2	Chromosome		577847626	no
58220	Decapterus maruadsi	Decapterus	Carangidae	Carangiformes	Actinopteri	Chordata	Decapterus maruadsi	2	GCA_030347415.2	reference genome	ASM3034741v2	Chromosome		723776290	no
3363558	Decorus decorus	Decorus	Cyprinidae	Cypriniformes	Actinopteri	Chordata	Decorus decorus	1	GCA_054729235.1	reference genome	ASM5472923v1	Chromosome		1124511677	no
9749	Delphinapterus leucas	Delphinapterus	Monodontidae	Artiodactyla	Mammalia	Chordata	Delphinapterus leucas	4	GCA_059928025.1		BTC_Dleu_Yukka2	Chromosome		2846667765	no
9728	Delphinus delphis	Delphinus	Delphinidae	Artiodactyla	Mammalia	Chordata	Delphinus delphis	3	GCF_949987515.2	reference genome	mDelDel1.2	Chromosome		2663516986	yes
183177	Dendrocopos major	Dendrocopos	Picidae	Piciformes	Aves	Chordata	Dendrocopos major	1	GCA_987197325.1	reference genome	bXipMaj1.hap1.1	Chromosome		1361909954	no
150705	Dendropsophus ebraccatus	Dendropsophus	Hylidae	Anura	Amphibia	Chordata	Dendropsophus ebraccatus	2	GCF_027789765.1	reference genome	aDenEbr1.pat	Chromosome		2214937069	yes
299321	Denticeps clupeoides	Denticeps	Denticipitidae	Clupeiformes	Actinopteri	Chordata	Denticeps clupeoides	2	GCF_900700375.2	reference genome	fDenClu1.2	Chromosome		567401054	yes
40229	Dermanura phaeotis	Dermanura	Phyllostomidae	Chiroptera	Mammalia	Chordata	Dermanura phaeotis	2	GCA_051107595.1	reference genome	mDerPha1.hap2	Chromosome		2057243087	no
55550	Dermatemys mawii	Dermatemys	Dermatemydidae	Testudines		Chordata	Dermatemys mawii	2	GCA_054099655.1	reference genome	rDerMaw1.hap1	Chromosome		1951700107	no
27794	Dermochelys coriacea	Dermochelys	Dermochelyidae	Testudines		Chordata	Dermochelys coriacea	2	GCF_009764565.3	reference genome	rDerCor1.pri.v4	Chromosome		2164762090	yes
9430	Desmodus rotundus	Desmodus	Phyllostomidae	Chiroptera	Mammalia	Chordata	Desmodus rotundus	3	GCF_022682495.2	reference genome	HLdesRot8A.1	Chromosome		2119704833	yes
52100	Desmognathus fuscus	Desmognathus	Plethodontidae	Caudata	Amphibia	Chordata	Desmognathus fuscus	1	GCA_050004315.1	reference genome	aDesFus1-2.1	Chromosome		16117580045	no
3379902	Dibamus cf. smithi	Dibamus	Dibamidae	Squamata	Lepidosauria	Chordata	Dibamus cf. smithi	2	GCA_046126795.1		rDibSmi1.hap1	Chromosome		2282703727	yes
13489	Dicentrarchus labrax	Dicentrarchus	Moronidae		Actinopteri	Chordata	Dicentrarchus labrax	1	GCA_977040325.1		fDicLab2.1	Chromosome		699137013	no
94946	Dicentrarchus punctatus	Dicentrarchus	Moronidae		Actinopteri	Chordata	Dicentrarchus punctatus	1	GCA_987113135.1	reference genome	fDicPun1.1	Chromosome		688284327	no
89632	Dicerorhinus sumatrensis	Dicerorhinus	Rhinocerotidae	Perissodactyla	Mammalia	Chordata	Dicerorhinus sumatrensis sumatrensis	2	GCA_060039915.1	reference genome	mDicSum1.hap1	Chromosome		2726217179	no
9805	Diceros bicornis	Diceros	Rhinocerotidae	Perissodactyla	Mammalia	Chordata	Diceros bicornis minor	2	GCF_020826845.1	reference genome	mDicBic1.mat.cur	Chromosome		3005519209	yes
547948	Diglossa brunneiventris	Diglossa	Thraupidae	Passeriformes	Aves	Chordata	Diglossa brunneiventris	1	GCA_019023105.1	reference genome	LSU_DiBr_2.0	Chromosome		1079473785	no
163619	Dimidiochromis kiwinge	Dimidiochromis	Cichlidae	Cichliformes	Actinopteri	Chordata	Dimidiochromis kiwinge	1	GCA_988222545.1	reference genome	fDimKiw1.pri	Chromosome		934500378	no
229062	Diodon holocanthus	Diodon	Diodontidae	Tetraodontiformes	Actinopteri	Chordata	Diodon holocanthus	1	GCA_984586875.1	reference genome	fDioHol1.1	Chromosome		666423744	no
223145	Diodon hystrix	Diodon	Diodontidae	Tetraodontiformes	Actinopteri	Chordata	Diodon hystrix	1	GCA_055777505.1	reference genome	ASM5577750v1	Chromosome		713584272	no
1329242	Diodon nicthemerus	Diodon	Diodontidae	Tetraodontiformes	Actinopteri	Chordata	Diodon nicthemerus	2	GCA_984754035.1	reference genome	Diodon nicthemerus_haplotype_2_assembly	Chromosome		851812295	no
210029	Diplecogaster bimaculata	Diplecogaster	Gobiesocidae	Blenniiformes	Actinopteri	Chordata	Diplecogaster bimaculata	2	GCA_976916555.1	reference genome	fDipBim1.hap2.1	Chromosome		2191042422	no
48913	Diplodus annularis	Diplodus	Sparidae	Spariformes	Actinopteri	Chordata	Diplodus annularis	1	GCA_977110885.1	reference genome	fDipAnn1.1	Chromosome		780857085	no
48915	Diplodus puntazzo	Diplodus	Sparidae	Spariformes	Actinopteri	Chordata	Diplodus puntazzo	1	GCA_963678695.2	reference genome	Dpuntazzo_v2	Chromosome		788392964	no
38941	Diplodus sargus	Diplodus	Sparidae	Spariformes	Actinopteri	Chordata	Diplodus sargus	1	GCA_988281045.1	reference genome	fDipSar1.1	Chromosome		807029224	no
87756	Diplodus vulgaris	Diplodus	Sparidae	Spariformes	Actinopteri	Chordata	Diplodus vulgaris	1	GCA_978021955.1	reference genome	fDipVul1.1	Chromosome		825863445	no
163623	Diplotaxodon limnothrissa	Diplotaxodon	Cichlidae	Cichliformes	Actinopteri	Chordata	Diplotaxodon limnothrissa	6	GCF_057381915.1	reference genome	D_limnothrissa_male_GT1.1	Chromosome		952596937	yes
2814718	Dipturus intermedius	Dipturus	Rajidae	Rajiformes	Chondrichthyes	Chordata	Dipturus intermedius	2	GCA_983203605.1	reference genome	sDipInt39.hap2.1	Chromosome		2945862003	no
263537	Diptychus maculatus	Diptychus	Cyprinidae	Cypriniformes	Actinopteri	Chordata	Diptychus maculatus	2	GCA_059056285.1	reference genome	ASM5905628v1	Chromosome		1805712569	no
73863	Dipus sagitta	Dipus	Dipodidae	Rodentia	Mammalia	Chordata	Dipus sagitta	1	GCA_036346955.1	reference genome	IOZCAS_Dsag_1.1	Chromosome		2816644003	no
88682	Diretmus argenteus	Diretmus	Diretmidae	Trachichthyiformes	Actinopteri	Chordata	Diretmus argenteus	1	GCA_048569125.1	reference genome	fDirArg3.hap1	Chromosome		1517026147	yes
8351	Discoglossus pictus	Discoglossus	Alytidae	Anura	Amphibia	Chordata	Discoglossus pictus	1	GCA_027410445.1	reference genome	aDisPic1.pri	Chromosome		3872581802	yes
100907	Dissostichus eleginoides	Dissostichus	Nototheniidae	Perciformes	Actinopteri	Chordata	Dissostichus eleginoides	1	GCA_031216635.1	reference genome	KU_De_1.0	Chromosome		844744120	yes
3128908	Distoechodon macrophthalmus	Distoechodon	Xenocyprididae	Cypriniformes	Actinopteri	Chordata	Distoechodon macrophthalmus	1	GCA_046865685.1	reference genome	ASM4686568v1	Chromosome		1007648314	no
182351	Dopasia gracilis	Dopasia	Anguidae	Squamata	Lepidosauria	Chordata	Dopasia gracilis	1	GCA_052054735.1	reference genome	ASM5205473v1	Chromosome		1531532759	no
161450	Doryrhamphus excisus	Doryrhamphus	Syngnathidae	Syngnathiformes	Actinopteri	Chordata	Doryrhamphus excisus	4	GCF_037039965.1	reference genome	RoL_Dexc_Guam_v1.1	Chromosome		497388357	yes
249021	Doryrhina cyclops	Doryrhina	Hipposideridae	Chiroptera	Mammalia	Chordata	Doryrhina cyclops	1	GCA_043880285.1	reference genome	ASM4388028v1	Chromosome		2390587633	yes
89026	Draco maculatus	Draco	Agamidae	Squamata	Lepidosauria	Chordata	Draco maculatus	1	GCA_056783515.1	reference genome	NNU_DrMac_1.0	Chromosome		1728033920	no
8790	Dromaius novaehollandiae	Dromaius	Dromaiidae	Casuariiformes	Aves	Chordata	Dromaius novaehollandiae	4	GCF_036370855.1	reference genome	bDroNov1.hap1	Chromosome		1468706110	yes
33562	Dromiciops gliroides	Dromiciops	Microbiotheriidae	Microbiotheria	Mammalia	Chordata	Dromiciops gliroides	2	GCF_019393635.1	reference genome	mDroGli1.pri	Chromosome		3303199800	yes
118200	Dryobates pubescens	Dryobates	Picidae	Piciformes	Aves	Chordata	Dryobates pubescens	2	GCF_014839835.1	reference genome	bDryPub1.pri	Chromosome		1187939694	yes
29137	Dugong dugon	Dugong	Dugongidae	Sirenia	Mammalia	Chordata	Dugong dugon	2	GCA_030035585.1	reference genome	mDugDug1.hap1	Chromosome		3158488110	yes
111981	Dumetella carolinensis	Dumetella	Mimidae	Passeriformes	Aves	Chordata	Dumetella carolinensis	2	GCA_057427935.1	reference genome	bDumCar1.hap1	Chromosome		1352081340	no
161453	Dunckerocampus dactyliophorus	Dunckerocampus	Syngnathidae	Syngnathiformes	Actinopteri	Chordata	Dunckerocampus dactyliophorus	2	GCF_027744805.1	reference genome	RoL_Ddac_1.1	Chromosome		670648883	yes
173247	Echeneis naucrates	Echeneis	Echeneidae	Carangiformes	Actinopteri	Chordata	Echeneis naucrates	3	GCF_900963305.2	reference genome	fEcheNa1.2	Chromosome		544212633	yes
94984	Echiichthys vipera	Echiichthys	Trachinidae	Perciformes	Actinopteri	Chordata	Echiichthys vipera	2	GCF_963691815.1	reference genome	fEchVip8.1	Chromosome		800381326	yes
7834	Echinorhinus cookei	Echinorhinus	Echinorhinidae	Echinorhiniformes	Chondrichthyes	Chordata	Echinorhinus cookei	2	GCA_057876775.1	reference genome	sEchCoo1.hap2	Chromosome		6098479163	no
458089	Egretta eulophotes	Egretta	Ardeidae	Pelecaniformes	Aves	Chordata	Egretta eulophotes	1	GCA_056459225.1	reference genome	EgrEul1.0	Chromosome		1243684996	no
58063	Eidolon dupreanum	Eidolon	Pteropodidae	Chiroptera	Mammalia	Chordata	Eidolon dupreanum	2	GCA_059749105.1	reference genome	mEidDup1.hap2	Chromosome		1989024379	no
203290	Elacatinus chancei	Elacatinus	Gobiidae	Gobiiformes	Actinopteri	Chordata	Elacatinus chancei	1	GCA_978163275.1	reference genome	fElaCha1.1	Chromosome		944308294	no
203297	Elacatinus prochilos	Elacatinus	Gobiidae	Gobiiformes	Actinopteri	Chordata	Elacatinus prochilos	1	GCA_984808015.1	reference genome	fElaPro1.1	Chromosome		953746960	no
74362	Elaphe schrenckii	Elaphe	Colubridae	Squamata	Lepidosauria	Chordata	Elaphe schrenckii	1	GCA_050231175.1	reference genome	ASM5023117v1	Chromosome		1685624254	no
206093	Electrona antarctica	Electrona	Myctophidae	Myctophiformes	Actinopteri	Chordata	Electrona antarctica	2	GCF_951216825.1	reference genome	fEleAnt2.1	Chromosome		1427425719	yes
8005	Electrophorus electricus	Electrophorus	Gymnotidae	Gymnotiformes	Actinopteri	Chordata	Electrophorus electricus	5	GCF_041902795.1	reference genome	ASM4190279v1	Chromosome		833427914	yes
2609069	Electrophorus varii	Electrophorus	Gymnotidae	Gymnotiformes	Actinopteri	Chordata	Electrophorus varii	1	GCA_058748095.1	reference genome	ASM5874809v1	Chromosome		628355238	no
56733	Eleginops maclovinus	Eleginops	Eleginopidae	Perciformes	Actinopteri	Chordata	Eleginops maclovinus	2	GCF_036324505.1	reference genome	JC_Emac_rtc_rv5	Chromosome		606289673	yes
9783	Elephas maximus	Elephas	Elephantidae	Proboscidea	Mammalia	Chordata	Elephas maximus indicus	7	GCF_024166365.1	reference genome	mEleMax1 primary haplotype	Chromosome		3401247148	yes
57060	Eleutherodactylus coqui	Eleutherodactylus	Eleutherodactylidae	Anura	Amphibia	Chordata	Eleutherodactylus coqui	3	GCF_035609145.1	reference genome	aEleCoq1.hap1	Chromosome		3371297528	yes
356179	Eleutherodactylus marnockii	Eleutherodactylus	Eleutherodactylidae	Anura	Amphibia	Chordata	Eleutherodactylus marnockii	2	GCA_055470875.1	reference genome	aEleMan1.hap1	Chromosome		4756406836	no
1367094	Eleutheronema rhadinum	Eleutheronema	Polynemidae		Actinopteri	Chordata	Eleutheronema rhadinum	1	GCA_052924935.1	reference genome	ASM5292493v1	Chromosome		586876495	no
210139	Eleutheronema tetradactylum	Eleutheronema	Polynemidae		Actinopteri	Chordata	Eleutheronema tetradactylum	1	GCA_046255195.2	reference genome	ASM4625519v2	Chromosome		585385561	no
71008	Elgaria multicarinata	Elgaria	Anguidae	Squamata	Lepidosauria	Chordata	Elgaria multicarinata webbii	2	GCF_023053635.1	reference genome	rElgMul1.1.pri	Chromosome		1790500004	yes
53277	Eliomys quercinus	Eliomys	Gliridae	Rodentia	Mammalia	Chordata	Eliomys quercinus	2	GCA_051143605.1	reference genome	HLeliQue1A	Chromosome		2391831224	no
238031	Elopichthys bambusa	Elopichthys	Xenocyprididae	Cypriniformes	Actinopteri	Chordata	Elopichthys bambusa	1	GCA_037101425.1	reference genome	HZAU_Ebam_v1	Chromosome		827696973	no
433632	Emberiza aureola	Emberiza	Fringillidae	Passeriformes	Aves	Chordata	Emberiza aureola	2	GCA_055697245.1	reference genome	ASM5569724v1	Chromosome		1308546733	no
460200	Emberiza calandra	Emberiza	Fringillidae	Passeriformes	Aves	Chordata	Emberiza calandra	1	GCA_988240425.1	reference genome	bEmbCal1.hap1.1	Chromosome		1419555072	no
37595	Emberiza citrinella	Emberiza	Fringillidae	Passeriformes	Aves	Chordata	Emberiza citrinella	1	GCA_987217005.1	reference genome	bEmbCit1.hap1.1	Chromosome		1339613450	no
74588	Emberiza pusilla	Emberiza	Fringillidae	Passeriformes	Aves	Chordata	Emberiza pusilla	1	GCA_055672795.1	reference genome	ASM5567279v1	Chromosome		1511201285	no
36250	Emberiza rustica	Emberiza	Fringillidae	Passeriformes	Aves	Chordata	Emberiza rustica	1	GCA_055672765.1	reference genome	ASM5567276v1	Chromosome		1291605020	no
267979	Emberiza rutila	Emberiza	Fringillidae	Passeriformes	Aves	Chordata	Emberiza rutila	1	GCA_055697325.1	reference genome	ASM5569732v1	Chromosome		1243704861	no
125294	Emberiza spodocephala	Emberiza	Fringillidae	Passeriformes	Aves	Chordata	Emberiza spodocephala	1	GCA_055697235.1	reference genome	ASM5569723v1	Chromosome		1264309501	no
504327	Emberiza tahapisi	Emberiza	Fringillidae	Passeriformes	Aves	Chordata	Emberiza tahapisi	2	GCA_058130095.1	reference genome	bFriTah1.1.rep	Chromosome		1291141748	no
267980	Emberiza tristrami	Emberiza	Fringillidae	Passeriformes	Aves	Chordata	Emberiza tristrami	1	GCA_056459205.1	reference genome	ASM5645920v1	Chromosome		1330552496	no
251359	Emydura subglobosa	Emydura	Chelidae	Testudines		Chordata	Emydura subglobosa	1	GCA_054346155.1	reference genome	ASM5434615v1	Chromosome		2002938025	no
82168	Emys orbicularis	Emys	Emydidae	Testudines		Chordata	Emys orbicularis	2	GCF_028017835.1	reference genome	rEmyOrb1.hap1	Chromosome		2309740635	yes
184585	Engraulis encrasicolus	Engraulis	Engraulidae	Clupeiformes	Actinopteri	Chordata	Engraulis encrasicolus	2	GCF_034702125.1	reference genome	IST_EnEncr_1.0	Chromosome		1435183673	yes
42892	Engraulis japonicus	Engraulis	Engraulidae	Clupeiformes	Actinopteri	Chordata	Engraulis japonicus	1	GCA_040112795.1	reference genome	ASM4011279v1	Chromosome		1423324225	no
76066	Engystomops pustulosus	Engystomops	Leptodactylidae	Anura	Amphibia	Chordata	Engystomops pustulosus	3	GCF_040894005.1	reference genome	aEngPut4.maternal	Chromosome		2158203323	yes
215367	Enoplosus armatus	Enoplosus	Enoplosidae	Centrarchiformes	Actinopteri	Chordata	Enoplosus armatus	3	GCF_043641665.1	reference genome	fEnoArm2.hap1	Chromosome		579881259	yes
161455	Entelurus aequoreus	Entelurus	Syngnathidae	Syngnathiformes	Actinopteri	Chordata	Entelurus aequoreus	2	GCF_033978785.1	reference genome	RoL_Eaeq_v1.1	Chromosome		1892198045	yes
58065	Eonycteris spelaea	Eonycteris	Pteropodidae	Chiroptera	Mammalia	Chordata	Eonycteris spelaea	2	GCA_062009626.1	reference genome	ASM62009626v1	Chromosome		1894182083	no
146134	Eospalax fontanierii	Eospalax	Spalacidae	Rodentia	Mammalia	Chordata	Eospalax fontanierii	3	GCA_035773235.1	reference genome	ASM3577323v1	Chromosome		2699079450	no
146137	Eospalax rufescens	Eospalax	Spalacidae	Rodentia	Mammalia	Chordata	Eospalax rufescens	1	GCA_057930555.1	reference genome	Eruf_1.0	Chromosome		2898789916	no
30326	Epidalea calamita	Epidalea	Bufonidae	Anura	Amphibia	Chordata	Epidalea calamita	2	GCA_978041805.1	reference genome	aEpiCal4.hap2.1	Chromosome		3711998431	no
152218	Epinephelus awoara	Epinephelus	Serranidae	Perciformes	Actinopteri	Chordata	Epinephelus awoara	1	GCA_035609425.1	reference genome	E.awoara.final_Chr_v1	Chromosome		984482722	no
323802	Epinephelus bruneus	Epinephelus	Serranidae	Perciformes	Actinopteri	Chordata	Epinephelus bruneus	1	GCA_041684075.1	reference genome	ASM4168407v1	Chromosome		1079576002	no
94232	Epinephelus coioides	Epinephelus	Serranidae	Perciformes	Actinopteri	Chordata	Epinephelus coioides	1	GCA_051314025.1	reference genome	ASM5131402v1	Chromosome		1071864792	yes
327779	Epinephelus corallicola	Epinephelus	Serranidae	Perciformes	Actinopteri	Chordata	Epinephelus corallicola	2	GCA_057380825.1	reference genome	ASM5738082v1	Chromosome		1083273180	no
308565	Epinephelus cyanopodus	Epinephelus	Serranidae	Perciformes	Actinopteri	Chordata	Epinephelus cyanopodus	2	GCA_058569155.1	reference genome	ASM5856915v1	Complete Genome		1007076573	no
160718	Epinephelus fasciatus	Epinephelus	Serranidae	Perciformes	Actinopteri	Chordata	Epinephelus fasciatus	2	GCA_059642755.1	reference genome	ASM5964275v1	Complete Genome		898711076	no
293821	Epinephelus fuscoguttatus	Epinephelus	Serranidae	Perciformes	Actinopteri	Chordata	Epinephelus fuscoguttatus	2	GCF_011397635.1	reference genome	E.fuscoguttatus.final_Chr_v1	Chromosome		1046995804	yes
3700093	Epinephelus fuscoguttatus (female) x Cephalopholis sonnerati (male)						Epinephelus fuscoguttatus (female) x Cephalopholis sonnerati (male)	2	GCA_062009623.1		ASM62009623v1	Complete Genome		1087222971	no
1074816	Epinephelus fuscoguttatus x Epinephelus lanceolatus	Epinephelus	Serranidae	Perciformes	Actinopteri	Chordata	Epinephelus fuscoguttatus x Epinephelus lanceolatus	3	GCA_061099325.1	reference genome	ASM6109932v1	Chromosome		1087694758	no
2528762	Epinephelus fuscoguttatus x Epinephelus polyphekadion	Epinephelus	Serranidae	Perciformes	Actinopteri	Chordata	Epinephelus fuscoguttatus x Epinephelus polyphekadion	1	GCA_047716675.1	reference genome	ASM4771667v1	Chromosome		1176684933	no
160721	Epinephelus itajara	Epinephelus	Serranidae	Perciformes	Actinopteri	Chordata	Epinephelus itajara	1	GCA_055440715.1	reference genome	LEMVA_EItaj_v1.0	Chromosome		1121551576	no
310571	Epinephelus lanceolatus	Epinephelus	Serranidae	Perciformes	Actinopteri	Chordata	Epinephelus lanceolatus	6	GCF_041903045.1	reference genome	ASM4190304v1	Chromosome		1089387278	yes
300413	Epinephelus moara	Epinephelus	Serranidae	Perciformes	Actinopteri	Chordata	Epinephelus moara	2	GCF_006386435.1	reference genome	YSFRI_EMoa_1.0	Chromosome		1030460988	yes
241181	Epinephelus polyphekadion	Epinephelus	Serranidae	Perciformes	Actinopteri	Chordata	Epinephelus polyphekadion	2	GCA_041411175.1	reference genome	OUC_Epol_1.0	Chromosome		1099619919	no
2930458	Epinephelus rankini	Epinephelus	Serranidae	Perciformes	Actinopteri	Chordata	Epinephelus rankini	2	GCA_048129065.1	reference genome	fEpiMut1.hap2.cur.20240206	Chromosome		1018963042	no
327770	Epinephelus tukula	Epinephelus	Serranidae	Perciformes	Actinopteri	Chordata	Epinephelus tukula	2	GCA_054131485.1	reference genome	ASM5413148v1	Chromosome		1103544569	no
50612	Eptatretus atami	Eptatretus	Myxinidae	Myxiniformes	Myxini	Chordata	Eptatretus atami	1	GCA_035128595.1	reference genome	Eptata_v1	Chromosome		2517612418	no
7764	Eptatretus burgeri	Eptatretus	Myxinidae	Myxiniformes	Myxini	Chordata	Eptatretus burgeri	2	GCF_056783735.1	reference genome	Ebu_testis_v1	Chromosome		1996277198	yes
7767	Eptatretus okinoseanus	Eptatretus	Myxinidae	Myxiniformes	Myxini	Chordata	Eptatretus okinoseanus	1	GCA_041222605.1	reference genome	ASM4122260v1	Chromosome		1888650646	no
29078	Eptesicus fuscus	Eptesicus	Vespertilionidae	Chiroptera	Mammalia	Chordata	Eptesicus fuscus	2	GCF_027574615.1	reference genome	DD_ASM_mEF_20220401	Chromosome		2008057866	yes
9793	Equus asinus	Equus	Equidae	Perissodactyla	Mammalia	Chordata	Equus asinus	7	GCF_041296235.1	reference genome	EquAss-T2T_v2	Chromosome		2797756172	yes
9796	Equus caballus	Equus	Equidae	Perissodactyla	Mammalia	Chordata	Equus caballus	13	GCF_041296265.1	reference genome	TB-T2T	Chromosome		2769438211	yes
9792	Equus grevyi	Equus	Equidae	Perissodactyla	Mammalia	Chordata	Equus grevyi	2	GCA_057877195.1	reference genome	mEquGre1.hap2	Chromosome		2511250267	no
94398	Equus kiang	Equus	Equidae	Perissodactyla	Mammalia	Chordata	Equus kiang	2	GCA_052150635.1	reference genome	ASM5215063v1	Complete Genome		2486009267	no
9798	Equus przewalskii	Equus	Equidae	Perissodactyla	Mammalia	Chordata	Equus przewalskii	3	GCF_037783145.1	reference genome	EquPr2	Chromosome		2499640368	yes
89248	Equus quagga	Equus	Equidae	Perissodactyla	Mammalia	Chordata	Equus quagga	2	GCF_021613505.1	reference genome	UCLA_HA_Equagga_1.0	Chromosome		2500914156	yes
34844	Erethizon dorsatum	Erethizon	Erethizontidae	Rodentia	Mammalia	Chordata	Erethizon dorsatum	1	GCA_028451465.1	reference genome	mEreDor1.pri	Chromosome		2432130964	yes
27787	Eretmochelys imbricata	Eretmochelys	Cheloniidae	Testudines		Chordata	Eretmochelys imbricata	4	GCF_965152235.1	reference genome	rEreImb1.hap1	Chromosome		2217987207	yes
9365	Erinaceus europaeus	Erinaceus	Erinaceidae	Eulipotyphla	Mammalia	Chordata	Erinaceus europaeus	2	GCF_950295315.1	reference genome	mEriEur2.1	Chromosome		2720683831	yes
37610	Erithacus rubecula	Erithacus	Turdidae	Passeriformes	Aves	Chordata	Erithacus rubecula	2	GCF_903797595.1	reference genome	bEriRub2.2	Chromosome		1086738418	yes
27687	Erpetoichthys calabaricus	Erpetoichthys	Polypteridae	Polypteriformes	Cladistia	Chordata	Erpetoichthys calabaricus	2	GCF_900747795.2	reference genome	fErpCal1.3	Chromosome		3613534470	yes
121349	Erythrolamprus reginae	Erythrolamprus	Dipsadidae	Squamata	Lepidosauria	Chordata	Erythrolamprus reginae	2	GCF_031021105.1	reference genome	rEryReg1.hap1	Chromosome		1964049041	yes
9764	Eschrichtius robustus	Eschrichtius	Eschrichtiidae	Artiodactyla	Mammalia	Chordata	Eschrichtius robustus	2	GCF_028021215.1	reference genome	mEscRob2.pri	Chromosome		2982418581	yes
8010	Esox lucius	Esox	Esocidae	Esociformes	Actinopteri	Chordata	Esox lucius	6	GCF_011004845.1	reference genome	fEsoLuc1.pri	Chromosome		918731919	yes
256424	Esox reichertii	Esox	Esocidae	Esociformes	Actinopteri	Chordata	Esox reichertii	1	GCA_051943175.1	reference genome	ASM5194317v1	Chromosome		948055071	no
417921	Etheostoma cragini	Etheostoma	Percidae	Perciformes	Actinopteri	Chordata	Etheostoma cragini	2	GCF_013103735.1	reference genome	CSU_Ecrag_1.0	Chromosome		643078674	yes
54337	Etheostoma nigrum	Etheostoma	Percidae	Perciformes	Actinopteri	Chordata	Etheostoma nigrum	1	GCA_029931835.1	reference genome	UBuf_Engr_1.0	Chromosome		764001578	no
655342	Etheostoma perlongum	Etheostoma	Percidae	Perciformes	Actinopteri	Chordata	Etheostoma perlongum	1	GCA_026937815.1	reference genome	UBuf_Eper_1.0	Chromosome		788633613	no
54343	Etheostoma spectabile	Etheostoma	Percidae	Perciformes	Actinopteri	Chordata	Etheostoma spectabile	2	GCF_008692095.1	reference genome	UIUC_Espe_1.0	Chromosome		854790067	yes
238232	Etroplus suratensis	Etroplus	Cichlidae	Cichliformes	Actinopteri	Chordata	Etroplus suratensis	1	GCA_041004005.1	reference genome	CIBA_Esura_1.1	Chromosome		1247975007	no
27606	Eubalaena glacialis	Eubalaena	Balaenidae	Artiodactyla	Mammalia	Chordata	Eubalaena glacialis	3	GCF_028564815.1	reference genome	mEubGla1.1.hap2.+ XY	Chromosome		2843675187	yes
481883	Eublepharis macularius	Eublepharis	Eublepharidae	Squamata	Lepidosauria	Chordata	Eublepharis macularius	2	GCF_028583425.1	reference genome	MPM_Emac_v1.0	Chromosome		2237379946	yes
682880	Eudontomyzon morii	Eudontomyzon	Petromyzontidae	Petromyzontiformes	Hyperoartia	Chordata	Eudontomyzon morii	1	GCA_056783725.1	reference genome	Lmo_muscle_v1	Chromosome		949764836	no
8805	Eudromia elegans	Eudromia	Tinamidae	Tinamiformes	Aves	Chordata	Eudromia elegans	2	GCA_047922985.1	reference genome	bEudEle1_v1.hap1	Chromosome		1109672866	yes
859984	Eulemur rufifrons	Eulemur	Lemuridae	Primates	Mammalia	Chordata	Eulemur rufifrons	3	GCF_041146395.1	reference genome	OSU_ERuf_1	Chromosome		2415577446	yes
460621	Euleptes europaea	Euleptes	Sphaerodactylidae	Squamata	Lepidosauria	Chordata	Euleptes europaea	2	GCF_029931775.1	reference genome	rEulEur1.hap1	Chromosome		1781916107	yes
1219343	Eumegistus illustris	Eumegistus	Bramidae	Scombriformes	Actinopteri	Chordata	Eumegistus illustris	2	GCA_984747395.1	reference genome	Eumegistus illustris_haplotype_2_assembly	Chromosome		891025178	no
1246553	Eumops nanus	Eumops	Molossidae	Chiroptera	Mammalia	Chordata	Eumops nanus	2	GCA_058972175.1	reference genome	mEumNan1.hap1	Chromosome		2390813028	no
74365	Euprepiophis mandarinus	Euprepiophis	Colubridae	Squamata	Lepidosauria	Chordata	Euprepiophis mandarinus	1	GCA_057127995.1	reference genome	CDU_Eman_1	Chromosome		1650598725	no
8227	Euthynnus affinis	Euthynnus	Scombridae	Scombriformes	Actinopteri	Chordata	Euthynnus affinis	1	GCA_029490765.1	reference genome	ASM2949076v1	Chromosome		785417969	no
426098	Eutrigla gurnardus	Eutrigla	Triglidae	Perciformes	Actinopteri	Chordata	Eutrigla gurnardus	2	GCF_963514095.1	reference genome	fEutGur1.1	Chromosome		680467048	yes
497151	Evynnis cardinalis	Evynnis	Sparidae	Spariformes	Actinopteri	Chordata	Evynnis cardinalis	1	GCA_054083465.1	reference genome	ASM5408346v1	Chromosome		736275687	no
46218	Excalfactoria chinensis	Excalfactoria	Phasianidae	Galliformes	Aves	Chordata	Excalfactoria chinensis	3	GCF_039878825.1	reference genome	bCotChi1.hap2	Chromosome		966847183	yes
345155	Falco biarmicus	Falco	Falconidae	Falconiformes	Aves	Chordata	Falco biarmicus	2	GCF_023638135.1	reference genome	bFalBia1.pri	Chromosome		1285492283	yes
345164	Falco cherrug	Falco	Falconidae	Falconiformes	Aves	Chordata	Falco cherrug	2	GCF_023634085.1	reference genome	bFalChe1.pri	Chromosome		1309366964	yes
148594	Falco naumanni	Falco	Falconidae	Falconiformes	Aves	Chordata	Falco naumanni	2	GCF_017639655.2	reference genome	bFalNau1.pat	Chromosome		1215702009	yes
8954	Falco peregrinus	Falco	Falconidae	Falconiformes	Aves	Chordata	Falco peregrinus	5	GCF_023634155.1	reference genome	bFalPer1.pri	Chromosome		1311580791	yes
148596	Falco punctatus	Falco	Falconidae	Falconiformes	Aves	Chordata	Falco punctatus	2	GCF_963210335.1	reference genome	bFalPun1.1	Chromosome		1279260504	yes
120794	Falco rusticolus	Falco	Falconidae	Falconiformes	Aves	Chordata	Falco rusticolus	3	GCF_015220075.1	reference genome	bFalRus1.pri	Chromosome		1195829278	yes
100819	Falco tinnunculus	Falco	Falconidae	Falconiformes	Aves	Chordata	Falco tinnunculus	2	GCA_976974655.1	reference genome	bFalTin1.hap2.1	Chromosome		1201163297	no
110108	Fejervarya limnocharis	Fejervarya	Dicroglossidae	Anura	Amphibia	Chordata	Fejervarya limnocharis	2	GCA_054083975.1	reference genome	aFejLim2.hap1	Chromosome		3519762086	yes
9685	Felis catus	Felis	Felidae	Carnivora	Mammalia	Chordata	Felis catus	9	GCF_018350175.1	reference genome	F.catus_Fca126_mat1.0	Chromosome		2425730029	yes
61376	Felis chaus	Felis	Felidae	Carnivora	Mammalia	Chordata	Felis chaus	1	GCA_019924945.1	reference genome	FelChav1.0	Chromosome		2428287114	no
61379	Felis nigripes	Felis	Felidae	Carnivora	Mammalia	Chordata	Felis nigripes	1	GCA_032458615.1	reference genome	SNNU_BFC_1	Chromosome		2413531835	no
3040455	Ferdauia orthogrammus	Ferdauia	Carangidae	Carangiformes	Actinopteri	Chordata	Ferdauia orthogrammus	2	GCA_988281245.1	reference genome	Carangoides orthogrammus_haplotype_1_assembly	Chromosome		629482945	no
1073243	Festucalex cinctus	Festucalex	Syngnathidae	Syngnathiformes	Actinopteri	Chordata	Festucalex cinctus	2	GCF_051991245.1	reference genome	RoL_Fcin_1.0	Chromosome		695194371	yes
1914718	Filicampus tigris	Filicampus	Syngnathidae	Syngnathiformes	Actinopteri	Chordata	Filicampus tigris	2	GCF_054856515.1	reference genome	RoL_Ftig_1.0	Chromosome		546169788	yes
215343	Fistularia commersonii	Fistularia	Fistulariidae	Syngnathiformes	Actinopteri	Chordata	Fistularia commersonii	3	GCF_037954325.1	reference genome	RoL_Fcom_v1.0	Chromosome		678533898	yes
3355173	Fontitrygon garouaensis	Fontitrygon	Dasyatidae	Myliobatiformes	Chondrichthyes	Chordata	Fontitrygon garouaensis	1	GCA_054367945.1	reference genome	ASM5436794v1	Chromosome		4164957080	no
37598	Fringilla coelebs	Fringilla	Fringillidae	Passeriformes	Aves	Chordata	Fringilla coelebs	5	GCF_963513975.1	reference genome	bFriCoe1.1	Chromosome		1209226962	yes
261002	Fukomys anselli	Fukomys	Bathyergidae	Rodentia	Mammalia	Chordata	Fukomys anselli	1	GCA_053478225.1	reference genome	DKFZ_Fans_1.0	Chromosome		2274106617	no
54267	Fundulus diaphanus	Fundulus	Fundulidae	Cyprinodontiformes	Actinopteri	Chordata	Fundulus diaphanus	2	GCA_037039145.1	reference genome	fFunDia1.hap1	Chromosome		1351812078	yes
8078	Fundulus heteroclitus	Fundulus	Fundulidae	Cyprinodontiformes	Actinopteri	Chordata	Fundulus heteroclitus	2	GCF_011125445.2	reference genome	MU-UCD_Fhet_4.1	Chromosome		1203489213	yes
187939	Furcifer pardalis	Furcifer	Chamaeleonidae	Squamata	Lepidosauria	Chordata	Furcifer pardalis	1	GCA_030440675.1	reference genome	ASM3044067v1	Chromosome		1609777135	yes
1042646	Gadus chalcogrammus	Gadus	Gadidae	Gadiformes	Actinopteri	Chordata	Gadus chalcogrammus	2	GCF_026213295.1	reference genome	NIFS_Gcha_1.0	Chromosome		629920150	yes
80720	Gadus macrocephalus	Gadus	Gadidae	Gadiformes	Actinopteri	Chordata	Gadus macrocephalus	3	GCF_031168955.1	reference genome	ASM3116895v1	Chromosome		555681083	yes
8049	Gadus morhua	Gadus	Gadidae	Gadiformes	Actinopteri	Chordata	Gadus morhua	5	GCF_902167405.1	reference genome	gadMor3.0	Chromosome		669949713	yes
348057	Gaidropsarus vulgaris	Gaidropsarus	Gaidropsaridae	Gadiformes	Actinopteri	Chordata	Gaidropsarus vulgaris	1	GCA_987197165.1	reference genome	fGaiVul1.hap1.1	Chromosome		615006525	no
86063	Galeorhinus galeus	Galeorhinus	Triakidae	Carcharhiniformes	Chondrichthyes	Chordata	Galeorhinus galeus	2	GCA_055755675.1	reference genome	sGalGal3.hap2.cur.20240206	Chromosome		2685485351	no
107377	Gallinago gallinago	Gallinago	Scolopacidae	Charadriiformes	Aves	Chordata	Gallinago gallinago	2	GCA_986504185.1	reference genome	bGalGai2.1	Chromosome		1309858387	no
9123	Gallinula chloropus	Gallinula	Rallidae	Gruiformes	Aves	Chordata	Gallinula chloropus	2	GCF_964237585.1	reference genome	bGalChl1.hap1.1	Chromosome		1282394494	yes
9031	Gallus gallus	Gallus	Phasianidae	Galliformes	Aves	Chordata	Gallus gallus	36	GCF_016699485.2	reference genome	bGalGal1.mat.broiler.GRCg7b	Chromosome		1053315467	yes
33528	Gambusia affinis	Gambusia	Poeciliidae	Cyprinodontiformes	Actinopteri	Chordata	Gambusia affinis	2	GCF_019740435.1	reference genome	SWU_Gaff_1.0	Chromosome		680149392	yes
37273	Gambusia holbrooki	Gambusia	Poeciliidae	Cyprinodontiformes	Actinopteri	Chordata	Gambusia holbrooki	3	GCA_060135615.1	reference genome	Gamhol1.0.hap1	Chromosome		676023700	yes
2358194	Gardnerycteris keenani	Gardnerycteris	Phyllostomidae	Chiroptera	Mammalia	Chordata	Gardnerycteris keenani	2	GCA_050655445.1	reference genome	mGarKee1.hap2	Chromosome		2044903674	no
137080	Garra rufa	Garra	Cyprinidae	Cypriniformes	Actinopteri	Chordata	Garra rufa	2	GCF_049309525.1	reference genome	GarRuf1.0	Chromosome		1391285389	yes
2339277	Garra yajiangensis	Garra	Cyprinidae	Cypriniformes	Actinopteri	Chordata	Garra yajiangensis	1	GCA_060260735.1	reference genome	ZJOU_Gaya_1.0	Chromosome		1100747300	no
56783	Garrulus glandarius	Garrulus	Corvidae	Passeriformes	Aves	Chordata	Garrulus glandarius	1	GCA_987195975.1	reference genome	bGarGla1.hap1.1	Chromosome		1351766445	no
69293	Gasterosteus aculeatus	Gasterosteus	Gasterosteidae	Perciformes	Actinopteri	Chordata	Gasterosteus aculeatus	5	GCF_964276395.1	reference genome	fGasAcu3.hap1.1	Chromosome		511138727	yes
1778380	Gasterosteus nipponicus	Gasterosteus	Gasterosteidae	Perciformes	Actinopteri	Chordata	Gasterosteus nipponicus	1	GCA_014132575.2	reference genome	Gnip_1.0	Chromosome		599537287	no
161456	Gasterosteus wheatlandi	Gasterosteus	Gasterosteidae	Perciformes	Actinopteri	Chordata	Gasterosteus wheatlandi	1	GCA_059533455.1	reference genome	UniBE_Gw_1.0	Chromosome		554719064	no
8429	Gastrophryne carolinensis	Gastrophryne	Microhylidae	Anura	Amphibia	Chordata	Gastrophryne carolinensis	2	GCA_027917425.1	reference genome	aGasCar1.pri	Chromosome		4336248441	yes
37040	Gavia stellata	Gavia	Gaviidae	Gaviiformes	Aves	Chordata	Gavia stellata	3	GCF_030936135.1	reference genome	bGavSte3.hap2	Chromosome		1321270170	yes
94835	Gavialis gangeticus	Gavialis	Gavialidae	Crocodylia		Chordata	Gavialis gangeticus	1	GCA_030020295.1		rGavGan2.hap2	Chromosome		2328538659	yes
1118402	Gekko kuhli	Gekko	Gekkonidae	Squamata	Lepidosauria	Chordata	Gekko kuhli	1	GCA_051903775.2	reference genome	MPM_Gkuhli_v0.4	Chromosome		2404302788	yes
1743270	Geokichla citrina	Geokichla	Turdidae	Passeriformes	Aves	Chordata	Geokichla citrina	2	GCA_987211605.1	reference genome	bGeoCit1.hap2.1	Chromosome		1195977315	no
135433	Geothlypis trichas	Geothlypis	Parulidae	Passeriformes	Aves	Chordata	Geothlypis trichas	1	GCA_009764595.1	reference genome	bGeoTri1.pri	Chromosome		1078128490	yes
260995	Geotrypetes seraphini	Geotrypetes	Dermophiidae	Gymnophiona	Amphibia	Chordata	Geotrypetes seraphini	2	GCF_902459505.2	reference genome	aGeoSer1.2	Chromosome		3779413726	yes
9894	Giraffa camelopardalis	Giraffa	Giraffidae	Artiodactyla	Mammalia	Chordata	Giraffa camelopardalis rothschildi	1	GCA_017591445.1	reference genome	ASM1759144v1	Chromosome		2441480433	no
439328	Giraffa tippelskirchi	Giraffa	Giraffidae	Artiodactyla	Mammalia	Chordata	Giraffa tippelskirchi	5	GCF_054371585.1	reference genome	T2T-mGirTip1v1.2.pri	Complete Genome		2578316437	yes
208333	Girardinichthys multiradiatus	Girardinichthys	Goodeidae	Cyprinodontiformes	Actinopteri	Chordata	Girardinichthys multiradiatus	2	GCF_021462225.1	reference genome	DD_fGirMul_XY1	Chromosome		1150004004	yes
443782	Glaucosoma hebraicum	Glaucosoma	Glaucosomatidae	Acropomatiformes	Actinopteri	Chordata	Glaucosoma hebraicum	2	GCA_988281285.1	reference genome	Glaucosoma hebraicum_haplotype_2_assembly	Chromosome		668484939	no
41261	Glis glis	Glis	Gliridae	Rodentia	Mammalia	Chordata	Glis glis	2	GCA_986694625.1	reference genome	mGliGli1.hap2.1	Chromosome		2330654005	no
9731	Globicephala melas	Globicephala	Delphinidae	Artiodactyla	Mammalia	Chordata	Globicephala melas	2	GCF_963455315.2	reference genome	mGloMel1.2	Chromosome		2651276051	yes
2994998	Glossophaga mutica	Glossophaga	Phyllostomidae	Chiroptera	Mammalia	Chordata	Glossophaga mutica	2	GCA_039655065.1	reference genome	mGloMut1.hap1	Chromosome		2159891327	yes
175778	Glyptosternon maculatum	Glyptosternon	Sisoridae	Siluriformes	Actinopteri	Chordata	Glyptosternon maculatum	2	GCA_057127705.1	reference genome	Gmac_hap2_SWU	Chromosome		753681543	no
151728	Gnatholepis thompsoni	Gnatholepis	Gobiidae	Gobiiformes	Actinopteri	Chordata	Gnatholepis thompsoni	1	GCA_984577815.1	reference genome	fGnaTho1.1	Chromosome		1211060738	no
1986054	Gobiesox punctulatus	Gobiesox	Gobiesocidae	Blenniiformes	Actinopteri	Chordata	Gobiesox punctulatus	1	GCA_977017485.1	reference genome	fGobPun1.1	Chromosome		556709700	no
27704	Gobio gobio	Gobio	Gobionidae	Cypriniformes	Actinopteri	Chordata	Gobio gobio	3	GCF_949357685.1	reference genome	fGobGob1.1	Chromosome		1460662624	yes
2566713	Gobioclinus haitiensis	Gobioclinus	Labrisomidae	Blenniiformes	Actinopteri	Chordata	Gobioclinus haitiensis	1	GCA_977007065.1	reference genome	fGobHai1.1	Chromosome		718298009	no
143606	Gobiocypris rarus	Gobiocypris	Gobionidae	Cypriniformes	Actinopteri	Chordata	Gobiocypris rarus	2	GCA_023029165.1	reference genome	ASM2302916v1	Chromosome		1134099513	no
77594	Gobius cobitis	Gobius	Gobiidae	Gobiiformes	Actinopteri	Chordata	Gobius cobitis	1	GCA_977064505.1	reference genome	fGobCob1.1	Chromosome		859816075	no
85417	Gobius niger	Gobius	Gobiidae	Gobiiformes	Actinopteri	Chordata	Gobius niger	2	GCF_951799975.1	reference genome	fGobNig1.1	Chromosome		870555617	yes
85418	Gobius paganellus	Gobius	Gobiidae	Gobiiformes	Actinopteri	Chordata	Gobius paganellus	4	GCA_053525515.1	reference genome	ASM5352551v1	Chromosome		812995479	no
203316	Gobius xanthocephalus	Gobius	Gobiidae	Gobiiformes	Actinopteri	Chordata	Gobius xanthocephalus	1	GCA_984808095.1	reference genome	fGobXan1.1	Chromosome		859230501	no
257540	Gobiusculus flavescens	Gobiusculus	Gobiidae	Gobiiformes	Actinopteri	Chordata	Gobiusculus flavescens	1	GCA_965240525.2	reference genome	fGobFla1.2	Chromosome		836680774	no
189504	Gonorynchus abbreviatus	Gonorynchus	Gonorynchidae	Gonorynchiformes	Actinopteri	Chordata	Gonorynchus abbreviatus	1	GCA_054828645.1	reference genome	ASM5482864v1	Chromosome		609198779	no
1825980	Gopherus evgoodei	Gopherus	Testudinidae	Testudines		Chordata	Gopherus evgoodei	2	GCF_007399415.2	reference genome	rGopEvg1_v1.p	Chromosome		2298547364	yes
286002	Gopherus flavomarginatus	Gopherus	Testudinidae	Testudines		Chordata	Gopherus flavomarginatus	2	GCF_025201925.1	reference genome	rGopFla2.mat.asm	Chromosome		2460542086	yes
9593	Gorilla gorilla	Gorilla	Hominidae	Primates	Mammalia	Chordata	Gorilla gorilla gorilla	6	GCF_029281585.2	reference genome	NHGRI_mGorGor1-v2.1_pri	Chromosome		3545834224	yes
887050	Gorsachius magnificus	Gorsachius	Ardeidae	Pelecaniformes	Aves	Chordata	Gorsachius magnificus	1	GCA_034008185.1	reference genome	SYSU_GOM	Chromosome		1176607910	no
2724799	Gouania pigra	Gouania	Gobiesocidae	Blenniiformes	Actinopteri	Chordata	Gouania pigra	2	GCA_982345305.1	reference genome	Gouania_pigra_fGouPig1_primary	Chromosome		961758164	no
441366	Gouania willdenowi	Gouania	Gobiesocidae	Blenniiformes	Actinopteri	Chordata	Gouania willdenowi	2	GCF_900634775.2	reference genome	fGouWil2.2	Chromosome		937150793	yes
83653	Grampus griseus	Grampus	Delphinidae	Artiodactyla	Mammalia	Chordata	Grampus griseus	2	GCF_964374135.1	reference genome	mGraGri1.hap1.1	Chromosome		2667065542	yes
8481	Graptemys geographica	Graptemys	Emydidae	Testudines		Chordata	Graptemys geographica	1	GCA_037349215.2	reference genome	rGraGeo1_p1.2	Chromosome		2225172804	no
9117	Grus americana	Grus	Gruidae	Gruiformes	Aves	Chordata	Grus americana	3	GCF_028858705.1	reference genome	bGruAme1.mat	Chromosome		1257821324	yes
51906	Guaruba guarouba	Guaruba	Psittacidae	Psittaciformes	Aves	Chordata	Guaruba guarouba	2	GCA_045345405.1	reference genome	bGuaGua1 haplotype 1	Chromosome		1366127126	yes
1306753	Gymnammodytes semisquamatus	Gymnammodytes	Ammodytidae	Uranoscopiformes	Actinopteri	Chordata	Gymnammodytes semisquamatus	1	GCA_965653945.1	reference genome	fGymSem1.1	Chromosome		723381486	no
57865	Gymnocephalus cernua	Gymnocephalus	Percidae	Perciformes	Actinopteri	Chordata	Gymnocephalus cernua	1	GCA_023631565.1	reference genome	fGymCer.pri	Chromosome		904342373	no
263515	Gymnocypris eckloni	Gymnocypris	Cyprinidae	Cypriniformes	Actinopteri	Chordata	Gymnocypris eckloni scoliostomus	1	GCA_027564155.1	reference genome	ASM2756415v1	Chromosome		948071110	no
263534	Gymnodiptychus pachycheilus	Gymnodiptychus	Cyprinidae	Cypriniformes	Actinopteri	Chordata	Gymnodiptychus pachycheilus	1	GCA_054643165.1	reference genome	ASM5464316v1	Chromosome		1820914815	no
33616	Gymnogyps californianus	Gymnogyps	Cathartidae	Accipitriformes	Aves	Chordata	Gymnogyps californianus	2	GCF_018139145.2	reference genome	ASM1813914v2	Chromosome		1240248578	yes
948025	Gymnoscopelus braueri	Gymnoscopelus	Myctophidae	Myctophiformes	Actinopteri	Chordata	Gymnoscopelus braueri	2	GCF_963280865.1	reference genome	fGymBra2.1	Chromosome		1367966668	yes
1090481	Gymnoscopelus microlampas	Gymnoscopelus	Myctophidae	Myctophiformes	Actinopteri	Chordata	Gymnoscopelus microlampas	2	GCF_963454915.1	reference genome	fGymMic1.1	Chromosome		1318637544	yes
473457	Gymnothorax javanicus	Gymnothorax	Muraenidae	Anguilliformes	Actinopteri	Chordata	Gymnothorax javanicus	1	GCA_029692085.1	reference genome	GJAV_1.0	Chromosome		2124863002	yes
584627	Gymnothorax miliaris	Gymnothorax	Muraenidae	Anguilliformes	Actinopteri	Chordata	Gymnothorax miliaris	1	GCA_987191265.1	reference genome	fGymMil1.1	Chromosome		2054971764	no
182438	Gymnothorax moringa	Gymnothorax	Muraenidae	Anguilliformes	Actinopteri	Chordata	Gymnothorax moringa	1	GCA_978019835.1	reference genome	fGymMor1.1	Chromosome		1994620691	no
473459	Gymnothorax reevesii	Gymnothorax	Muraenidae	Anguilliformes	Actinopteri	Chordata	Gymnothorax reevesii	1	GCA_029721435.1	reference genome	ASM2972143v1	Chromosome		2174377324	no
33610	Gypaetus barbatus	Gypaetus	Accipitridae	Accipitriformes	Aves	Chordata	Gypaetus barbatus	1	GCA_028022735.1	reference genome	bGypBar2.pri	Chromosome		1365299843	yes
154816	Gyrinocheilus aymonieri	Gyrinocheilus	Gyrinocheilidae	Cypriniformes	Actinopteri	Chordata	Gyrinocheilus aymonieri	2	GCA_051167395.1	reference genome	ASM5116739v1	Chromosome		507040962	no
30427	Haemorhous mexicanus	Haemorhous	Fringillidae	Passeriformes	Aves	Chordata	Haemorhous mexicanus	2	GCF_027477595.1	reference genome	bHaeMex1.pri	Chromosome		1148216196	yes
236586	Haemulon aurolineatum	Haemulon	Haemulidae	Lutjaniformes	Actinopteri	Chordata	Haemulon aurolineatum	1	GCA_977014745.1	reference genome	fHaeAur1.1	Chromosome		729950604	no
236585	Haemulon flavolineatum	Haemulon	Haemulidae	Lutjaniformes	Actinopteri	Chordata	Haemulon flavolineatum	1	GCA_977076405.1	reference genome	fHaeFla1.1	Chromosome		709680278	no
8969	Haliaeetus albicilla	Haliaeetus	Accipitridae	Accipitriformes	Aves	Chordata	Haliaeetus albicilla	2	GCF_947461875.1	reference genome	bHalAlb1.1	Chromosome		1320298205	yes
241291	Halichoeres bivittatus	Halichoeres	Labridae	Labriformes	Actinopteri	Chordata	Halichoeres bivittatus	1	GCA_977929225.1	reference genome	fHalBiv1.1	Chromosome		842986274	no
316389	Halichoeres poeyi	Halichoeres	Labridae	Labriformes	Actinopteri	Chordata	Halichoeres poeyi	1	GCA_965645315.1	reference genome	fHalPoe1.1	Chromosome		785384385	no
241299	Halichoeres radiatus	Halichoeres	Labridae	Labriformes	Actinopteri	Chordata	Halichoeres radiatus	1	GCA_977964395.1	reference genome	fHalRad1.1	Chromosome		818503451	no
9711	Halichoerus grypus	Halichoerus	Phocidae	Carnivora	Mammalia	Chordata	Halichoerus grypus	2	GCF_964656455.1	reference genome	mHalGry1.hap1.1	Chromosome		2400061917	yes
3136566	Halieutopsis sp. Z572	Halieutopsis	Ogcocephalidae	Lophiiformes	Actinopteri	Chordata	Halieutopsis sp. Z572	1	GCA_058705565.1		ASM5870556v1	Chromosome		653176819	no
8153	Haplochromis burtoni	Haplochromis	Cichlidae	Cichliformes	Actinopteri	Chordata	Haplochromis burtoni	5	GCA_054883305.1		fHapBur2.hap1	Chromosome		907017206	yes
43256	Harpagifer antarcticus	Harpagifer	Harpagiferidae	Perciformes	Actinopteri	Chordata	Harpagifer antarcticus	2	GCA_985557965.1	reference genome	fHarAnt1.hap1.2	Chromosome		1068962898	no
202280	Harpia harpyja	Harpia	Accipitridae	Accipitriformes	Aves	Chordata	Harpia harpyja	2	GCF_026419915.1	reference genome	bHarHar1 primary haplotype	Chromosome		1351447071	yes
9634	Helarctos malayanus	Helarctos	Ursidae	Carnivora	Mammalia	Chordata	Helarctos malayanus euryspilus	1	GCA_060683795.1		mHelMal1.0.pri	Chromosome		2572219120	no
472823	Heliangelus exortis	Heliangelus	Trochilidae	Apodiformes	Aves	Chordata	Heliangelus exortis	3	GCF_036169615.1	reference genome	bHelExo1.hap1	Chromosome		1049650714	yes
202727	Helicolenus dactylopterus	Helicolenus	Sebastidae	Perciformes	Actinopteri	Chordata	Helicolenus dactylopterus	1	GCA_981148845.1	reference genome	fHelDac2.1	Chromosome		811362676	no
8554	Heloderma suspectum	Heloderma	Helodermatidae	Squamata	Lepidosauria	Chordata	Heloderma suspectum	4	GCF_057233095.1	reference genome	16-S_ref	Chromosome		2499252685	yes
337641	Hemibagrus wyckioides	Hemibagrus	Bagridae	Siluriformes	Actinopteri	Chordata	Hemibagrus wyckioides	3	GCF_019097595.1	reference genome	SWU_Hwy_1.0	Chromosome		789799567	yes
328524	Hemibarbus labeo	Hemibarbus	Gobionidae	Cypriniformes	Actinopteri	Chordata	Hemibarbus labeo	2	GCA_056632655.1	reference genome	ASM5663265v1	Complete Genome		1040455555	no
291814	Hemibarbus maculatus	Hemibarbus	Gobionidae	Cypriniformes	Actinopteri	Chordata	Hemibarbus maculatus	1	GCA_052109935.1	reference genome	ASM5210993v1	Chromosome		1066859688	no
884348	Hemicordylus capensis	Hemicordylus	Cordylidae	Squamata	Lepidosauria	Chordata	Hemicordylus capensis	2	GCF_027244095.1	reference genome	rHemCap1.1.pri	Chromosome		2294751221	yes
243314	Hemiprocne comata	Hemiprocne	Apodidae	Apodiformes	Aves	Chordata	Hemiprocne comata	1	GCA_020745705.1	reference genome	bHemCom1.pri.cur	Chromosome		1164793941	no
509747	Hemiramphus limbatus	Hemiramphus	Hemiramphidae	Beloniformes	Actinopteri	Chordata	Hemiramphus limbatus	1	GCA_056149455.1	reference genome	ASM5614945v1	Chromosome		884508880	no
170820	Hemiscyllium ocellatum	Hemiscyllium	Hemiscylliidae	Orectolobiformes	Chondrichthyes	Chordata	Hemiscyllium ocellatum	2	GCF_020745735.1	reference genome	sHemOce1.pat.X.cur.	Chromosome		3983466396	yes
2704970	Hemitrygon akajei	Hemitrygon	Dasyatidae	Myliobatiformes	Chondrichthyes	Chordata	Hemitrygon akajei	2	GCF_048418815.1	reference genome	sHemAka1.3	Chromosome		4229631903	yes
166086	Hemorrhois hippocrepis	Hemorrhois	Colubridae	Squamata	Lepidosauria	Chordata	Hemorrhois hippocrepis	3	GCA_985781035.1	reference genome	rHemHip1.2_hap1	Chromosome		1851468933	no
212740	Heptranchias perlo	Heptranchias	Hexanchidae	Hexanchiformes	Chondrichthyes	Chordata	Heptranchias perlo	3	GCF_035084215.1	reference genome	sHepPer1.hap1	Chromosome		3249915908	yes
8117	Herichthys cyanoguttatus	Herichthys	Cichlidae	Cichliformes	Actinopteri	Chordata	Herichthys cyanoguttatus	1	GCA_060137685.1	reference genome	UCD_Hcya_1.0	Chromosome		889498433	no
10181	Heterocephalus glaber	Heterocephalus	Bathyergidae	Rodentia	Mammalia	Chordata	Heterocephalus glaber	8	GCA_988278965.1		mHetGla1.1.hap1	Chromosome		2638032448	no
7792	Heterodontus francisci	Heterodontus	Heterodontidae	Heterodontiformes	Chondrichthyes	Chordata	Heterodontus francisci	3	GCF_036365525.1	reference genome	sHetFra1.hap1	Chromosome		6013048672	yes
77598	Heterohyrax brucei	Heterohyrax	Procaviidae	Hyracoidea	Mammalia	Chordata	Heterohyrax brucei	1	GCA_028571685.1	reference genome	mHetBru1.pri	Chromosome		3488059404	yes
555264	Heteronetta atricapilla	Heteronetta	Anatidae	Anseriformes	Aves	Chordata	Heteronetta atricapilla	1	GCA_011075105.1	reference genome	BPBGC_Hatr_1.0	Chromosome		1151864095	no
13085	Heteronotia binoei	Heteronotia	Gekkonidae	Squamata	Lepidosauria	Chordata	Heteronotia binoei	2	GCF_032191835.1	reference genome	APGP_CSIRO_Hbin_v1	Chromosome		2633446684	yes
93621	Heteropneustes fossilis	Heteropneustes	Heteropneustidae	Siluriformes	Actinopteri	Chordata	Heteropneustes fossilis	2	GCA_059392785.1	reference genome	ASM5939278v1	Chromosome		828156809	no
342441	Heteropriacanthus cruentatus	Heteropriacanthus	Priacanthidae	Priacanthiformes	Actinopteri	Chordata	Heteropriacanthus cruentatus	1	GCA_977009785.1	reference genome	fHetCru1.1	Chromosome		681316587	no
1582965	Heteroscarus acroptilus	Heteroscarus	Odacidae	Labriformes	Actinopteri	Chordata	Heteroscarus acroptilus	2	GCA_056506875.1	reference genome	fHetAcr1.hap1	Chromosome		683727904	no
91721	Heterotis niloticus	Heterotis	Osteoglossidae	Osteoglossiformes	Actinopteri	Chordata	Heterotis niloticus	1	GCA_018136845.1	reference genome	ASM1813684v1	Chromosome		670838590	no
192376	Hexagrammos agrammus	Hexagrammos	Hexagrammidae	Perciformes	Actinopteri	Chordata	Hexagrammos agrammus	2	GCA_057381835.1	reference genome	ASM5738183v1	Chromosome		768298715	no
72450	Hexagrammos otakii	Hexagrammos	Hexagrammidae	Perciformes	Actinopteri	Chordata	Hexagrammos otakii	3	GCA_057381775.1	reference genome	ASM5738177v1	Chromosome		747537287	no
56798	Hexaprotodon liberiensis	Hexaprotodon	Hippopotamidae	Artiodactyla	Mammalia	Chordata	Hexaprotodon liberiensis	1	GCA_023065765.1	reference genome	ASM2306576v1	Chromosome		2374626208	no
54904	Hiodon alosoides	Hiodon	Hiodontidae	Hiodontiformes	Actinopteri	Chordata	Hiodon alosoides	2	GCA_056783565.1	reference genome	fHioAlo1.hap1	Chromosome		850967845	yes
670488	Hippichthys cyanospilos	Hippichthys	Syngnathidae	Syngnathiformes	Actinopteri	Chordata	Hippichthys cyanospilos	2	GCF_059441005.1	reference genome	RoL_Hcya_1.0	Chromosome		521235357	yes
397614	Hippocamelus bisulcus	Hippocamelus	Cervidae	Artiodactyla	Mammalia	Chordata	Hippocamelus bisulcus	1	GCA_060697595.1	reference genome	Hbis_v1.0	Chromosome		2502581468	no
109274	Hippocampus abdominalis	Hippocampus	Syngnathidae	Syngnathiformes	Actinopteri	Chordata	Hippocampus abdominalis	1	GCA_018466805.1	reference genome	ZJU1.0	Chromosome		444667964	no
240838	Hippocampus bargibanti	Hippocampus	Syngnathidae	Syngnathiformes	Actinopteri	Chordata	Hippocampus bargibanti	2	GCF_051943395.1	reference genome	ASM5194339v1	Chromosome		523492742	yes
109282	Hippocampus guttulatus	Hippocampus	Syngnathidae	Syngnathiformes	Actinopteri	Chordata	Hippocampus guttulatus	2	GCF_054856545.1	reference genome	RoL_Hgut_1.0	Chromosome		493111157	yes
109283	Hippocampus hippocampus	Hippocampus	Syngnathidae	Syngnathiformes	Actinopteri	Chordata	Hippocampus hippocampus	1	GCA_965263715.1	reference genome	fHipHio1.1	Chromosome		452180031	no
103715	Hippocampus kuda	Hippocampus	Syngnathidae	Syngnathiformes	Actinopteri	Chordata	Hippocampus kuda	1	GCA_061346115.1	reference genome	ASM6134611v1	Chromosome		460001772	no
109291	Hippocampus trimaculatus	Hippocampus	Syngnathidae	Syngnathiformes	Actinopteri	Chordata	Hippocampus trimaculatus	1	GCA_043880055.1	reference genome	ASM4388005v1	Chromosome		416577608	no
109293	Hippocampus zosterae	Hippocampus	Syngnathidae	Syngnathiformes	Actinopteri	Chordata	Hippocampus zosterae	3	GCF_025434085.1	reference genome	ASM2543408v3	Chromosome		544504747	yes
30945	Hippoglossoides elassodon	Hippoglossoides	Pleuronectidae	Pleuronectiformes	Actinopteri	Chordata	Hippoglossoides elassodon	1	GCA_061583635.1	reference genome	AD6C_Chr	Chromosome		662379437	no
34817	Hippoglossoides platessoides	Hippoglossoides	Pleuronectidae	Pleuronectiformes	Actinopteri	Chordata	Hippoglossoides platessoides	1	GCA_051362235.1	reference genome	fHipPla2_p1.1	Chromosome		643762549	no
8267	Hippoglossus hippoglossus	Hippoglossus	Pleuronectidae	Pleuronectiformes	Actinopteri	Chordata	Hippoglossus hippoglossus	2	GCF_009819705.1	reference genome	fHipHip1.pri	Chromosome		596775069	yes
195615	Hippoglossus stenolepis	Hippoglossus	Pleuronectidae	Pleuronectiformes	Actinopteri	Chordata	Hippoglossus stenolepis	2	GCF_022539355.2	reference genome	HSTE1.2	Chromosome		602147347	yes
9833	Hippopotamus amphibius	Hippopotamus	Hippopotamidae	Artiodactyla	Mammalia	Chordata	Hippopotamus amphibius kiboko	3	GCF_030028045.1	reference genome	mHipAmp2.hap2	Chromosome		2538242855	yes
175524	Hipposideros larvatus	Hipposideros	Hipposideridae	Chiroptera	Mammalia	Chordata	Hipposideros larvatus	2	GCA_031876335.1	reference genome	mHipLar1.pri	Chromosome		2338923724	yes
43150	Hirundo rustica	Hirundo	Hirundinidae	Passeriformes	Aves	Chordata	Hirundo rustica	2	GCF_015227805.2	reference genome	bHirRus1.pri.v3	Chromosome		1105955550	yes
722565	Holocentrus rufus	Holocentrus	Holocentridae	Holocentriformes	Actinopteri	Chordata	Holocentrus rufus	1	GCA_978836905.1	reference genome	fHolRuf1.1	Chromosome		727563597	no
297507	Homatula variegata	Homatula	Nemacheilidae	Cypriniformes	Actinopteri	Chordata	Homatula variegata	1	GCA_052674685.1	reference genome	ASM5267468v1	Chromosome		640224622	no
9606	Homo sapiens	Homo	Hominidae	Primates	Mammalia	Chordata	Homo sapiens	1130	GCF_000001405.40	reference genome	GRCh38.p14	Chromosome		3099441038	yes
593543	Hoolock leuconedys	Hoolock	Hylobatidae	Primates	Mammalia	Chordata	Hoolock leuconedys	1	GCA_047372625.1	reference genome	UCONN_HLeu1	Chromosome		2760609521	no
27720	Hoplias malabaricus	Hoplias	Erythrinidae	Characiformes	Actinopteri	Chordata	Hoplias malabaricus	3	GCF_029633855.1	reference genome	fHopMal1.hap1	Chromosome		1186354877	yes
114863	Hoplostethus mediterraneus	Hoplostethus	Trachichthyidae	Trachichthyiformes	Actinopteri	Chordata	Hoplostethus mediterraneus	1	GCA_988240805.1	reference genome	fHopMed1.1	Chromosome		602484882	no
633558	Hucho bleekeri	Hucho	Salmonidae	Salmoniformes	Actinopteri	Chordata	Hucho bleekeri	3	GCA_057318875.1	reference genome	ASM5731887v1	Complete Genome		3339181071	no
61971	Huso huso	Huso	Acipenseridae	Acipenseriformes	Actinopteri	Chordata	Huso huso	1	GCA_036884735.1	reference genome	HHUS_1.1	Chromosome		1942381910	yes
7873	Hydrolagus colliei	Hydrolagus	Chimaeridae	Chimaeriformes	Chondrichthyes	Chordata	Hydrolagus colliei	2	GCA_035084275.1	reference genome	sHydCol1.hap2	Chromosome		1003172678	no
61327	Hydromedusa tectifera	Hydromedusa	Chelidae	Testudines		Chordata	Hydromedusa tectifera	1	GCA_049999965.1	reference genome	rHydTec1.pri	Chromosome		1849762660	no
355685	Hydrophis curtus	Hydrophis	Elapidae	Squamata	Lepidosauria	Chordata	Hydrophis curtus	1	GCA_019472885.1		HCur_v2	Chromosome		1964827820	no
8686	Hydrophis cyanocinctus	Hydrophis	Elapidae	Squamata	Lepidosauria	Chordata	Hydrophis cyanocinctus	1	GCA_019473425.1	reference genome	HCya_v2	Chromosome		1980712740	no
355693	Hydrophis major	Hydrophis	Elapidae	Squamata	Lepidosauria	Chordata	Hydrophis major	1	GCA_033807585.1	reference genome	HMAJ_1.0	Chromosome		2166703382	no
9883	Hydropotes inermis	Hydropotes	Cervidae	Artiodactyla	Mammalia	Chordata	Hydropotes inermis	2	GCA_056247825.2	reference genome	ASM5624782v2	Complete Genome		3450426773	no
327740	Hyla sarda	Hyla	Hylidae	Anura	Amphibia	Chordata	Hyla sarda	2	GCF_029499605.1	reference genome	aHylSar1.hap1	Chromosome		4142159359	yes
9589	Hylobates pileatus	Hylobates	Hylobatidae	Primates	Mammalia	Chordata	Hylobates pileatus	1	GCA_021498465.1	reference genome	ASM2149846v1	Chromosome		2851401333	no
79690	Hypanus sabinus	Hypanus	Dasyatidae	Myliobatiformes	Chondrichthyes	Chordata	Hypanus sabinus	3	GCF_030144855.1	reference genome	sHypSab1.hap1	Chromosome		4044869043	yes
752182	Hyperolius riggenbachi	Hyperolius	Hyperoliidae	Anura	Amphibia	Chordata	Hyperolius riggenbachi	2	GCF_040937935.1	reference genome	aHypRig1.pri	Chromosome		4915935452	yes
48744	Hyperoodon ampullatus	Hyperoodon	Ziphiidae	Artiodactyla	Mammalia	Chordata	Hyperoodon ampullatus	2	GCF_949752795.1	reference genome	mHypAmp2.1	Chromosome		2828744367	yes
1484357	Hyperoplus immaculatus	Hyperoplus	Ammodytidae	Uranoscopiformes	Actinopteri	Chordata	Hyperoplus immaculatus	1	GCA_949357725.1	reference genome	fHypImm3.1	Chromosome		797787753	no
508657	Hyperoplus lanceolatus	Hyperoplus	Ammodytidae	Uranoscopiformes	Actinopteri	Chordata	Hyperoplus lanceolatus	1	GCA_026929865.2	reference genome	TBG_H_lanceolatus_asm_v1.1	Chromosome		808487336	no
182223	Hypomesus nipponensis	Hypomesus	Osmeridae	Osmeriformes	Actinopteri	Chordata	Hypomesus nipponensis	3	GCF_054491055.1	reference genome	ASM5449105v1	Complete Genome		526314162	yes
137520	Hypomesus transpacificus	Hypomesus	Osmeridae	Osmeriformes	Actinopteri	Chordata	Hypomesus transpacificus	3	GCF_021917145.1	reference genome	fHypTra1	Chromosome		437273953	yes
13095	Hypophthalmichthys molitrix	Hypophthalmichthys	Xenocyprididae	Cypriniformes	Actinopteri	Chordata	Hypophthalmichthys molitrix	3	GCA_037950675.1	reference genome	Hypophthalmichthys_molitrix_1.0	Chromosome		853475415	no
7965	Hypophthalmichthys nobilis	Hypophthalmichthys	Xenocyprididae	Cypriniformes	Actinopteri	Chordata	Hypophthalmichthys nobilis	2	GCA_037950665.1	reference genome	Hypophthalmichthys_nobilis_1.0	Chromosome		863920326	no
3356299	Hyporhamphus gernaerti	Hyporhamphus	Hemiramphidae	Beloniformes	Actinopteri	Chordata	Hyporhamphus gernaerti	4	GCA_056149485.1	reference genome	ASM5614948v1	Chromosome		869361572	no
1607840	Hyporhamphus intermedius	Hyporhamphus	Hemiramphidae	Beloniformes	Actinopteri	Chordata	Hyporhamphus intermedius	1	GCA_050306515.1	reference genome	ASM5030651v1	Chromosome		883268438	no
293917	Hyporhamphus sajori	Hyporhamphus	Hemiramphidae	Beloniformes	Actinopteri	Chordata	Hyporhamphus sajori	2	GCA_050306495.1	reference genome	ASM5030649v1	Chromosome		817192171	no
357531	Hypsibarbus vernayi	Hypsibarbus	Cyprinidae	Cypriniformes	Actinopteri	Chordata	Hypsibarbus vernayi	2	GCA_041146585.1	reference genome	ASM4114658v1	Chromosome		716585725	no
360967	Ia io	Ia	Vespertilionidae	Chiroptera	Mammalia	Chordata	Ia io	2	GCA_054824925.1	reference genome	mIaxIox2.hap1	Chromosome		2310617144	no
8453	Ichthyophis bannanicus	Ichthyophis	Ichthyophiidae	Gymnophiona	Amphibia	Chordata	Ichthyophis bannanicus	1	GCA_033557465.1	reference genome	NWPU_BC_v1	Chromosome		12355439938	no
66913	Ictalurus furcatus	Ictalurus	Ictaluridae	Siluriformes	Actinopteri	Chordata	Ictalurus furcatus	3	GCF_023375685.1	reference genome	Billie_1.0	Chromosome		825459183	yes
7998	Ictalurus punctatus	Ictalurus	Ictaluridae	Siluriformes	Actinopteri	Chordata	Ictalurus punctatus	3	GCF_001660625.3	reference genome	Coco_2.0	Chromosome		842926452	yes
43179	Ictidomys tridecemlineatus	Ictidomys	Sciuridae	Rodentia	Mammalia	Chordata	Ictidomys tridecemlineatus	5	GCF_052094955.1	reference genome	mIctTri1.hap1	Chromosome		3144977123	yes
642998	Idiotropiscis lumnitzeri	Idiotropiscis	Syngnathidae	Syngnathiformes	Actinopteri	Chordata	Idiotropiscis lumnitzeri	2	GCF_059441095.1	reference genome	RoL_Ilum_1.0	Chromosome		705121224	yes
8517	Iguana iguana	Iguana	Iguanidae	Squamata	Lepidosauria	Chordata	Iguana iguana	1	GCA_051529865.1	reference genome	UU_Iig_1.0	Chromosome		2012731717	no
365054	Ilisha elongata	Ilisha	Pristigasteridae	Clupeiformes	Actinopteri	Chordata	Ilisha elongata	2	GCA_048126385.1	reference genome	ASM4812638v1	Complete Genome		768595266	no
2920201	Ilyophis sp. 1 JC-2022	Ilyophis	Synaphobranchidae	Anguilliformes	Actinopteri	Chordata	Ilyophis sp. 1 JC-2022	1	GCA_022702515.1		ASM2270251v1	Chromosome		1494882515	no
2920202	Ilyophis sp. 2 JC-2022	Ilyophis	Synaphobranchidae	Anguilliformes	Actinopteri	Chordata	Ilyophis sp. 2 JC-2022	1	GCA_022702525.1		ASM2270252v1	Chromosome		1469146666	no
2919650	Ilyophis sp. JC_2022_1	Ilyophis	Synaphobranchidae	Anguilliformes	Actinopteri	Chordata	Ilyophis sp. JC_2022_1	1	GCA_022702415.1		ASM2270241v1	Chromosome		1469146666	no
1002788	Indicator indicator	Indicator	Indicatoridae	Piciformes	Aves	Chordata	Indicator indicator	2	GCF_027791375.1	reference genome	UM_Iind_1.1	Chromosome		1147325966	yes
74920	Indotestudo elongata	Indotestudo	Testudinidae	Testudines		Chordata	Indotestudo elongata	2	GCA_050000095.2	reference genome	rIndElo1.hap1	Chromosome		2319568681	no
9725	Inia geoffrensis	Inia	Iniidae	Artiodactyla	Mammalia	Chordata	Inia geoffrensis	2	GCA_036417435.1	reference genome	mIniGeo1.hap1	Chromosome		2749345781	yes
13575	Istiophorus platypterus	Istiophorus	Istiophoridae	Istiophoriformes	Actinopteri	Chordata	Istiophorus platypterus	1	GCA_016859345.1	reference genome	ASM1685934v1	Chromosome		614110775	no
51337	Jaculus jaculus	Jaculus	Dipodidae	Rodentia	Mammalia	Chordata	Jaculus jaculus	2	GCF_020740685.1	reference genome	mJacJac1.mat.Y.cur	Chromosome		2863848715	yes
8125	Julidochromis regani	Julidochromis	Cichlidae	Cichliformes	Actinopteri	Chordata	Julidochromis regani	1	GCA_056152105.1	reference genome	ASM5615210v1	Chromosome		840061012	no
40217	Junco hyemalis	Junco	Passerellidae	Passeriformes	Aves	Chordata	Junco hyemalis	1	GCA_003829775.2	reference genome	dark-eyed_junco_22Sep2020_assembly	Chromosome		1031523570	no
334402	Karalla daura	Karalla	Leiognathidae	Chaetodontiformes	Actinopteri	Chordata	Karalla daura	1	GCA_029224185.1	reference genome	ASM2922418v1	Chromosome		632467793	no
143345	Kareius bicoloratus	Kareius	Pleuronectidae	Pleuronectiformes	Actinopteri	Chordata	Kareius bicoloratus	1	GCA_054131325.1	reference genome	ysfri_pbi_1	Chromosome		587796844	no
8226	Katsuwonus pelamis	Katsuwonus	Scombridae	Scombriformes	Actinopteri	Chordata	Katsuwonus pelamis	2	GCA_984579015.1	reference genome	K.pelamis_C08_SKJ	Chromosome		829794932	yes
182426	Kaupichthys nuchalis	Kaupichthys	Chlopsidae	Anguilliformes	Actinopteri	Chordata	Kaupichthys nuchalis	1	GCA_978019975.1	reference genome	fKauNuc1.1	Chromosome		1100318673	no
637954	Knipowitschia caucasica	Knipowitschia	Gobiidae	Gobiiformes	Actinopteri	Chordata	Knipowitschia caucasica	1	GCA_964034765.1	reference genome	kcau_genome_v1	Chromosome		956577028	yes
1483045	Knipowitschia mrakovcici	Knipowitschia	Gobiidae	Gobiiformes	Actinopteri	Chordata	Knipowitschia mrakovcici	1	GCA_979371265.1	reference genome	fKniMra2.1	Chromosome		918001577	no
85422	Knipowitschia panizzae	Knipowitschia	Gobiidae	Gobiiformes	Actinopteri	Chordata	Knipowitschia panizzae	1	GCA_049640105.1	reference genome	fKniPan1.1	Chromosome		869899409	no
27615	Kogia breviceps	Kogia	Physeteridae	Artiodactyla	Mammalia	Chordata	Kogia breviceps	3	GCF_026419965.1	reference genome	mKogBre1 haplotype 1	Chromosome		2555838840	yes
1747188	Kryptolebias hermaphroditus	Kryptolebias	Rivulidae	Cyprinodontiformes	Actinopteri	Chordata	Kryptolebias hermaphroditus	1	GCA_007896545.1	reference genome	ASM789654v1	Chromosome		683986837	no
37003	Kryptolebias marmoratus	Kryptolebias	Rivulidae	Cyprinodontiformes	Actinopteri	Chordata	Kryptolebias marmoratus	2	GCF_001649575.2	reference genome	ASM164957v2	Chromosome		680638340	yes
84645	Labeo rohita	Labeo	Cyprinidae	Cypriniformes	Actinopteri	Chordata	Labeo rohita	2	GCF_022985175.1	reference genome	IGBB_LRoh.1.0	Chromosome		1126541939	yes
57307	Labeotropheus fuelleborni	Labeotropheus	Cichlidae	Cichliformes	Actinopteri	Chordata	Labeotropheus fuelleborni	3	GCA_988222465.1	reference genome	fLabFul360.pri	Chromosome		950827267	no
120210	Labeotropheus trewavasae	Labeotropheus	Cichlidae	Cichliformes	Actinopteri	Chordata	Labeotropheus trewavasae	4	GCA_988222505.1	reference genome	fLabTre393.pri	Chromosome		939695179	no
445512	Labidochromis gigas	Labidochromis	Cichlidae	Cichliformes	Actinopteri	Chordata	Labidochromis gigas	1	GCA_988222455.1	reference genome	fLabGig1.pri	Chromosome		949169780	no
241309	Labroides dimidiatus	Labroides	Labridae	Labriformes	Actinopteri	Chordata	Labroides dimidiatus	1	GCA_030710495.1	reference genome	ASM3071049v1	Chromosome		726358536	no
3053019	Labropsis xanthonota	Labropsis	Labridae	Labriformes	Actinopteri	Chordata	Labropsis xanthonota	1	GCA_059334725.1	reference genome	ASM5933472v1	Chromosome		763472342	no
56723	Labrus bergylta	Labrus	Labridae	Labriformes	Actinopteri	Chordata	Labrus bergylta	2	GCF_963930695.1	reference genome	fLabBer1.1	Chromosome		720210020	yes
508554	Labrus mixtus	Labrus	Labridae	Labriformes	Actinopteri	Chordata	Labrus mixtus	2	GCF_963584025.1	reference genome	fLabMix1.1	Chromosome		740563171	yes
202588	Labrus viridis	Labrus	Labridae	Labriformes	Actinopteri	Chordata	Labrus viridis	1	GCA_980909795.1	reference genome	fLabVir1.1	Chromosome		708860492	no
80427	Lacerta agilis	Lacerta	Lacertidae	Squamata	Lepidosauria	Chordata	Lacerta agilis	2	GCF_009819535.1	reference genome	rLacAgi1.pri	Chromosome		1391387079	yes
27610	Lagenorhynchus albirostris	Lagenorhynchus	Delphinidae	Artiodactyla	Mammalia	Chordata	Lagenorhynchus albirostris	2	GCF_949774975.1	reference genome	mLagAlb1.1	Chromosome		2544819402	yes
50351	Lagodon rhomboides	Lagodon	Sparidae	Spariformes	Actinopteri	Chordata	Lagodon rhomboides	1	GCA_039737535.1	reference genome	Lrho_1.0	Chromosome		785333011	no
64668	Lagopus muta	Lagopus	Phasianidae	Galliformes	Aves	Chordata	Lagopus muta	2	GCF_023343835.1	reference genome	bLagMut1 primary	Chromosome		1026755127	yes
71160	Lampanyctus crocodilus	Lampanyctus	Myctophidae	Myctophiformes	Actinopteri	Chordata	Lampanyctus crocodilus	1	GCA_987222375.1	reference genome	fLamCro1.1	Chromosome		1617753103	no
7748	Lampetra fluviatilis	Lampetra	Petromyzontidae	Petromyzontiformes	Hyperoartia	Chordata	Lampetra fluviatilis	4	GCF_964198595.1	reference genome	kcLamFluv1.1	Chromosome		1042458987	yes
7750	Lampetra planeri	Lampetra	Petromyzontidae	Petromyzontiformes	Hyperoartia	Chordata	Lampetra planeri	3	GCF_965212315.1	reference genome	kcLamPlan1.2.h2	Chromosome		960362263	yes
2546036	Lampris incognitus	Lampris	Lampridae	Lampriformes	Actinopteri	Chordata	Lampris incognitus	3	GCF_029633865.1	reference genome	fLamInc1.hap2	Chromosome		1482357630	yes
245042	Lamprotornis superbus	Lamprotornis	Sturnidae	Passeriformes	Aves	Chordata	Lamprotornis superbus	1	GCA_015883425.2	reference genome	CU_Lasu_v2	Chromosome		1068005652	yes
215358	Larimichthys crocea	Larimichthys	Sciaenidae		Actinopteri	Chordata	Larimichthys crocea	13	GCF_000972845.2	reference genome	L_crocea_2.0	Chromosome		657923191	yes
334908	Larimichthys polyactis	Larimichthys	Sciaenidae		Actinopteri	Chordata	Larimichthys polyactis	1	GCA_040670005.1	reference genome	ZAAS_Lpoly_2.0	Chromosome		677353566	no
119606	Larus glaucescens	Larus	Laridae	Charadriiformes	Aves	Chordata	Larus glaucescens	2	GCA_965654465.1	reference genome	bLarGla1.hap2.1	Chromosome		1225395165	no
119637	Larus hyperboreus	Larus	Laridae	Charadriiformes	Aves	Chordata	Larus hyperboreus	2	GCA_965654415.1	reference genome	bLarHyp1.hap2.1	Chromosome		1222596547	no
126713	Larus occidentalis	Larus	Laridae	Charadriiformes	Aves	Chordata	Larus occidentalis	2	GCA_965654445.1	reference genome	bLarOcc1.hap2.1	Chromosome		1232342620	no
258928	Lasiurus ega	Lasiurus	Vespertilionidae	Chiroptera	Mammalia	Chordata	Lasiurus ega	2	GCA_058972195.1	reference genome	mLasEga1.hap2	Chromosome		2220747866	no
315492	Lateolabrax maculatus	Lateolabrax	Lateolabracidae	Acropomatiformes	Actinopteri	Chordata	Lateolabrax maculatus	4	GCA_031216445.1	reference genome	YSFRI_Lmacu_1.1	Chromosome		632510465	yes
8187	Lates calcarifer	Lates	Centropomidae		Actinopteri	Chordata	Lates calcarifer	4	GCF_001640805.2	reference genome	TLL_Latcal_v3	Chromosome		673797687	yes
678569	Lathamus discolor	Lathamus	Psittacidae	Psittaciformes	Aves	Chordata	Lathamus discolor	3	GCF_037157495.1	reference genome	bLatDis1.hap1	Chromosome		1241003407	yes
7897	Latimeria chalumnae	Latimeria	Coelacanthidae	Coelacanthiformes		Chordata	Latimeria chalumnae	2	GCF_037176945.1	reference genome	fLatCha1.pri	Chromosome		2947609019	yes
1816318	Laudakia wui	Laudakia	Agamidae	Squamata	Lepidosauria	Chordata	Laudakia wui	2	GCA_040285375.1	reference genome	ASM4028537v1	Chromosome		1779364323	no
175787	Leiocassis longirostris	Leiocassis	Bagridae	Siluriformes	Actinopteri	Chordata	Leiocassis longirostris	2	GCA_058744705.1	reference genome	L_longirostris male v1.0	Chromosome		730595418	no
9447	Lemur catta	Lemur	Lemuridae	Primates	Mammalia	Chordata	Lemur catta	2	GCF_020740605.2	reference genome	mLemCat1.pri	Chromosome		2245584463	yes
30588	Leontopithecus rosalia	Leontopithecus	Cebidae	Primates	Mammalia	Chordata	Leontopithecus rosalia	2	GCA_054824895.1	reference genome	mLeoRos1.hap1	Chromosome		3095545363	no
46844	Leopardus geoffroyi	Leopardus	Felidae	Carnivora	Mammalia	Chordata	Leopardus geoffroyi	2	GCF_018350155.1		O.geoffroyi_Oge1_pat1.0	Chromosome		2426370816	yes
32538	Leopardus pardalis	Leopardus	Felidae	Carnivora	Mammalia	Chordata	Leopardus pardalis albescens	1	GCA_058742865.1	reference genome	TAMU_Opar_alb_1.0	Chromosome		2463101625	no
2740763	Lepadogaster candolii	Lepadogaster	Gobiesocidae	Blenniiformes	Actinopteri	Chordata	Lepadogaster candolii	1	GCA_965278445.2	reference genome	fLepCan2.1	Chromosome		1100930544	no
164309	Lepadogaster purpurea	Lepadogaster	Gobiesocidae	Blenniiformes	Actinopteri	Chordata	Lepadogaster purpurea	1	GCA_965274325.2	reference genome	fLepPur2.2	Chromosome		863643155	no
8472	Lepidochelys kempii	Lepidochelys	Cheloniidae	Testudines		Chordata	Lepidochelys kempii	4	GCF_965140285.1	reference genome	rLepKem1.hap1	Chromosome		2219022919	yes
27788	Lepidochelys olivacea	Lepidochelys	Cheloniidae	Testudines		Chordata	Lepidochelys olivacea	3	GCF_965140295.1	reference genome	rLepOli2.hap1	Chromosome		2206568898	yes
154550	Lepidorhombus whiffiagonis	Lepidorhombus	Scophthalmidae	Pleuronectiformes	Actinopteri	Chordata	Lepidorhombus whiffiagonis	1	GCA_965246675.1	reference genome	fLepWhi1.1	Chromosome		540553213	no
7883	Lepidosiren paradoxa	Lepidosiren	Lepidosirenidae	Ceratodontiformes		Chordata	Lepidosiren paradoxa	1	GCA_040581445.1	reference genome	ASM4058144v1	Chromosome		87218830714	no
7918	Lepisosteus oculatus	Lepisosteus	Lepisosteidae	Semionotiformes	Actinopteri	Chordata	Lepisosteus oculatus	5	GCF_040954835.1	reference genome	fLepOcu1.hap2	Chromosome		1200589847	yes
572540	Lepisosteus platostomus	Lepisosteus	Lepisosteidae	Semionotiformes	Actinopteri	Chordata	Lepisosteus platostomus	3	GCF_059453375.1	reference genome	fLepPlt1.hap1	Chromosome		1223150431	yes
61405	Leptailurus serval	Leptailurus	Felidae	Carnivora	Mammalia	Chordata	Leptailurus serval	1	GCA_056512435.1	reference genome	TAMU_L.serval_SxD256_v1.0.pat	Chromosome		2460116733	no
143403	Leptobotia elongata	Leptobotia	Botiidae	Cypriniformes	Actinopteri	Chordata	Leptobotia elongata	2	GCA_039881065.1	reference genome	Leptobotia_elongata_female	Chromosome		586512559	no
428466	Leptobrachium ailaonicum	Leptobrachium	Megophryidae	Anura	Amphibia	Chordata	Leptobrachium ailaonicum	2	GCA_018994145.1	reference genome	ASM1899414v1	Chromosome		3535795546	no
265040	Leptobrachium boringii	Leptobrachium	Megophryidae	Anura	Amphibia	Chordata	Leptobrachium boringii	1	GCA_054131545.1	reference genome	ASM5413154v1	Chromosome		3372468942	no
445787	Leptobrachium leishanense	Leptobrachium	Megophryidae	Anura	Amphibia	Chordata	Leptobrachium leishanense	1	GCA_009667805.1	reference genome	ASM966780v1	Chromosome		3549060464	no
238119	Leptodactylus fuscus	Leptodactylus	Leptodactylidae	Anura	Amphibia	Chordata	Leptodactylus fuscus	4	GCF_031893055.1	reference genome	aLepFus1.hap2	Chromosome		2197979350	yes
1095086	Leptonotus elevatus	Leptonotus	Syngnathidae	Syngnathiformes	Actinopteri	Chordata	Leptonotus elevatus	2	GCF_054856555.1	reference genome	RoL_Lele_1.0	Chromosome		601228900	yes
188344	Leptosomus discolor	Leptosomus	Leptosomidae	Leptosomiformes	Aves	Chordata	Leptosomus discolor	3	GCF_034619465.1	reference genome	bLepDis1.hap2	Chromosome		1332028070	yes
435161	Lepturacanthus savala	Lepturacanthus	Trichiuridae	Scombriformes	Actinopteri	Chordata	Lepturacanthus savala	1	GCA_030544235.1	reference genome	ASM3054423v1	Chromosome		790034468	no
241444	Lepturichthys fimbriata	Lepturichthys	Balitoridae	Cypriniformes	Actinopteri	Chordata	Lepturichthys fimbriata	1	GCA_051168995.1	reference genome	ASM5116899v1	Chromosome		590668362	no
48086	Lepus americanus	Lepus	Leporidae	Lagomorpha	Mammalia	Chordata	Lepus americanus	2	GCA_055471105.1	reference genome	ASM5547110v1	Chromosome		2752826553	no
9981	Lepus capensis	Lepus	Leporidae	Lagomorpha	Mammalia	Chordata	Lepus capensis	1	GCA_042027585.1	reference genome	NW_LepCap_1.0	Chromosome		2961127500	no
187398	Lepus castroviejoi	Lepus	Leporidae	Lagomorpha	Mammalia	Chordata	Lepus castroviejoi	1	GCA_978442995.1	reference genome	mLepCas1.Hap1.1	Chromosome		2919066766	no
9983	Lepus europaeus	Lepus	Leporidae	Lagomorpha	Mammalia	Chordata	Lepus europaeus	2	GCF_033115175.1	reference genome	mLepTim1.pri	Chromosome		2930954587	yes
112018	Lepus oiostolus	Lepus	Leporidae	Lagomorpha	Mammalia	Chordata	Lepus oiostolus	1	GCA_036325905.1	reference genome	CXZ	Chromosome		2855089205	no
62621	Lepus timidus	Lepus	Leporidae	Lagomorpha	Mammalia	Chordata	Lepus timidus	3	GCA_040893245.2	reference genome	mLepTim1.1_pri	Chromosome		2695287872	no
283924	Lepus tolai	Lepus	Leporidae	Lagomorpha	Mammalia	Chordata	Lepus tolai	1	GCA_051942805.1	reference genome	ASM5194280v1	Chromosome		2867332150	no
301146	Lepus yarkandensis	Lepus	Leporidae	Lagomorpha	Mammalia	Chordata	Lepus yarkandensis	1	GCA_047496845.1	reference genome	LepYark_1.0	Complete Genome		2695446921	no
42731	Lestoros inca	Lestoros	Caenolestidae	Paucituberculata	Mammalia	Chordata	Lestoros inca	2	GCA_054644205.1	reference genome	mLesInc1.hap1	Chromosome		4258788792	no
7753	Lethenteron reissneri	Lethenteron	Petromyzontidae	Petromyzontiformes	Hyperoartia	Chordata	Lethenteron reissneri	2	GCF_015708825.2	reference genome	ASM1570882v1	Chromosome		1063012140	yes
1497102	Lethrinops sp. 'Chilingali'	Lethrinops	Cichlidae	Cichliformes	Actinopteri	Chordata	Lethrinops sp. 'Chilingali'	1	GCA_988222475.1		fLetChi2.pri	Chromosome		946818487	no
2609495	Lethrinus laticaudatus	Lethrinus	Lethrinidae	Spariformes	Actinopteri	Chordata	Lethrinus laticaudatus	2	GCA_056507075.1	reference genome	fLetLai1.hap2	Chromosome		1090703265	no
182655	Lethrinus laticaudis	Lethrinus	Lethrinidae	Spariformes	Actinopteri	Chordata	Lethrinus laticaudis	2	GCA_056748245.1	reference genome	fLetLat1.hap1	Chromosome		1084871942	no
182658	Lethrinus nebulosus	Lethrinus	Lethrinidae	Spariformes	Actinopteri	Chordata	Lethrinus nebulosus	2	GCA_045362495.1	reference genome	fLetNeb1.hap1	Chromosome		1133212262	yes
58323	Leucaspius delineatus	Leucaspius	Leuciscidae	Cypriniformes	Actinopteri	Chordata	Leucaspius delineatus	1	GCA_023718395.1	reference genome	ASM2371839v1	Chromosome		1153514525	no
69811	Leuciscus idus	Leuciscus	Leuciscidae	Cypriniformes	Actinopteri	Chordata	Leuciscus idus	1	GCA_021554675.1	reference genome	fLeuIdu1.pri.20210917	Chromosome		1104030153	no
58325	Leuciscus leuciscus	Leuciscus	Leuciscidae	Cypriniformes	Actinopteri	Chordata	Leuciscus leuciscus	3	GCF_965113295.1	reference genome	fLeuLeu2.hap1.1	Chromosome		1198359543	yes
155063	Leuciscus waleckii	Leuciscus	Leuciscidae	Cypriniformes	Actinopteri	Chordata	Leuciscus waleckii	2	GCA_059995465.1	reference genome	ASM5999546v1	Chromosome		1143924810	no
3150944	Leucogeranus leucogeranus	Leucogeranus	Gruidae	Gruiformes	Aves	Chordata	Leucogeranus leucogeranus	1	GCA_053455625.1	reference genome	sysu_Leleuc_2.0	Chromosome		1311076771	no
328047	Leucophaeus fuliginosus	Leucophaeus	Laridae	Charadriiformes	Aves	Chordata	Leucophaeus fuliginosus	1	GCA_053573735.1	reference genome	bLeucoFulig_1.0	Chromosome		1311830680	no
3371109	Leucopleurus acutus	Leucopleurus	Delphinidae	Artiodactyla	Mammalia	Chordata	Leucopleurus acutus	2	GCF_964270905.1	reference genome	mLagAcu1.hap1.1	Chromosome		2676193030	yes
7782	Leucoraja erinaceus	Leucoraja	Rajidae	Rajiformes	Chondrichthyes	Chordata	Leucoraja erinaceus	2	GCF_028641065.1	reference genome	Leri_hhj_1	Chromosome		2190844947	yes
223888	Leucoraja naevus	Leucoraja	Rajidae	Rajiformes	Chondrichthyes	Chordata	Leucoraja naevus	2	GCA_965643135.1	reference genome	sLeuNae2.1	Chromosome		2368896861	no
1230797	Leviprora inops	Leviprora	Platycephalidae	Perciformes	Actinopteri	Chordata	Leviprora inops	2	GCA_984746715.1	reference genome	Leviprora inops_haplotype_2_assembly	Chromosome		838060885	no
283338	Liasis olivaceus	Liasis	Pythonidae	Squamata	Lepidosauria	Chordata	Liasis olivaceus olivaceus	4	GCA_057929265.1	reference genome	rLiaOli2.hap2	Chromosome		1486049247	no
1497555	Lichenostomus cassidix	Lichenostomus	Meliphagidae	Passeriformes	Aves	Chordata	Lichenostomus cassidix	2	GCF_008360975.1	reference genome	HeHo_3.0	Chromosome		1102937223	yes
27771	Limanda limanda	Limanda	Pleuronectidae	Pleuronectiformes	Actinopteri	Chordata	Limanda limanda	2	GCF_963576545.1	reference genome	fLimLim1.1	Chromosome		717580706	yes
161683	Limosa lapponica	Limosa	Scolopacidae	Charadriiformes	Aves	Chordata	Limosa lapponica	1	GCA_987196075.1	reference genome	bLimLap1.hap1.1	Chromosome		1236703059	no
161680	Limosa limosa	Limosa	Scolopacidae	Charadriiformes	Aves	Chordata	Limosa limosa	2	GCA_987270375.1	reference genome	bLimLim1.hap1.1	Chromosome		1283501612	no
160757	Linaria cannabina	Linaria	Fringillidae	Passeriformes	Aves	Chordata	Linaria cannabina	2	GCA_987195915.1	reference genome	bLinCan2.hap1.1	Chromosome		1247140086	no
749480	Liobagrus aequilabris	Liobagrus	Amblycipitidae	Siluriformes	Actinopteri	Chordata	Liobagrus aequilabris	1	GCA_060697045.1	reference genome	Lmar_v1.0	Chromosome		708217238	no
255717	Liparis atlanticus	Liparis	Liparidae	Perciformes	Actinopteri	Chordata	Liparis atlanticus	1	GCA_057929335.1	reference genome	ASM5792933v1	Chromosome		586150586	no
230148	Liparis tanakae	Liparis	Liparidae	Perciformes	Actinopteri	Chordata	Liparis tanakae	2	GCA_050084785.1	reference genome	ASM5008478v1	Chromosome		574413635	no
56720	Lipophrys pholis	Lipophrys	Blenniidae	Blenniiformes	Actinopteri	Chordata	Lipophrys pholis	2	GCF_963383615.2	reference genome	fLipPho2.2	Chromosome		754759930	yes
256425	Lissotriton helveticus	Lissotriton	Salamandridae	Caudata	Amphibia	Chordata	Lissotriton helveticus	3	GCF_964261635.1	reference genome	aLisHel1.1	Chromosome		23170028842	yes
8324	Lissotriton vulgaris	Lissotriton	Salamandridae	Caudata	Amphibia	Chordata	Lissotriton vulgaris	2	GCF_964263255.1	reference genome	aLisVul1.2	Chromosome		24225523036	yes
8404	Lithobates pipiens	Lithobates	Ranidae	Anura	Amphibia	Chordata	Lithobates pipiens	1	GCA_037367395.2	reference genome	aLitPip1_p1.2	Chromosome		5869026128	no
45438	Lithobates sylvaticus	Lithobates	Ranidae	Anura	Amphibia	Chordata	Lithobates sylvaticus	1	GCA_028564925.1	reference genome	aRanSyl1.merge	Chromosome		5150352190	no
2820150	Lonchura oryzivora	Lonchura	Estrildidae	Passeriformes	Aves	Chordata	Lonchura oryzivora	1	GCA_056776775.1	reference genome	ASM5677677v1	Chromosome		1199781179	no
40157	Lonchura striata	Lonchura	Estrildidae	Passeriformes	Aves	Chordata	Lonchura striata	8	GCF_050655825.1	reference genome	ASM5065582v1	Chromosome		1306137203	yes
8073	Lophius americanus	Lophius	Lophiidae	Lophiiformes	Actinopteri	Chordata	Lophius americanus	1	GCA_037951165.2	reference genome	fLopAme1_p1.2	Chromosome		750423613	no
3370176	Lophostoma evote	Lophostoma	Phyllostomidae	Chiroptera	Mammalia	Chordata	Lophostoma evote	2	GCA_051307075.1	reference genome	mLopEvo1.hap1	Chromosome		2427306059	no
140446	Lophura swinhoii	Lophura	Phasianidae	Galliformes	Aves	Chordata	Lophura swinhoii	1	GCA_030408155.1	reference genome	ASM3040815v1	Chromosome		1144026423	no
69944	Lota lota	Lota	Lotidae	Gadiformes	Actinopteri	Chordata	Lota lota	2	GCA_988280975.1	reference genome	fLotLot1.1.hap2	Chromosome		599814546	yes
9785	Loxodonta africana	Loxodonta	Elephantidae	Proboscidea	Mammalia	Chordata	Loxodonta africana	5	GCF_030014295.1	reference genome	mLoxAfr1.hap2	Chromosome		3540876381	yes
215315	Lullula arborea	Lullula	Alaudidae	Passeriformes	Aves	Chordata	Lullula arborea	1	GCA_987195895.1	reference genome	bLulArb1.hap1.1	Chromosome		1183531736	no
391696	Luscinia luscinia	Luscinia	Turdidae	Passeriformes	Aves	Chordata	Luscinia luscinia	1	GCA_034336685.1	reference genome	ASM3433668v1	Chromosome		1102322600	no
383689	Luscinia megarhynchos	Luscinia	Turdidae	Passeriformes	Aves	Chordata	Luscinia megarhynchos	1	GCA_034336665.1	reference genome	ASM3433666v1	Chromosome		1098475349	no
52792	Luscinia svecica	Luscinia	Turdidae	Passeriformes	Aves	Chordata	Luscinia svecica	1	GCA_965655245.2	reference genome	bLusSve1.2.hap2	Chromosome		1171166758	yes
211834	Lutjanus argentimaculatus	Lutjanus	Lutjanidae	Lutjaniformes	Actinopteri	Chordata	Lutjanus argentimaculatus	3	GCA_059048685.1	reference genome	GDOU_Ler_1.0	Complete Genome		1066386918	no
396785	Lutjanus carponotatus	Lutjanus	Lutjanidae	Lutjaniformes	Actinopteri	Chordata	Lutjanus carponotatus	2	GCA_059550285.1	reference genome	fLutCar1.hap1.cur.20230414	Chromosome		1015245965	no
211835	Lutjanus erythropterus	Lutjanus	Lutjanidae	Lutjaniformes	Actinopteri	Chordata	Lutjanus erythropterus	4	GCF_056507025.1	reference genome	fLutEry1.hap2	Chromosome		970019684	yes
260525	Lutjanus fulviflamma	Lutjanus	Lutjanidae	Lutjaniformes	Actinopteri	Chordata	Lutjanus fulviflamma	3	GCA_059550335.1	reference genome	fLutFuv1.hap1.cur.20230525	Chromosome		1159405073	no
40503	Lutjanus griseus	Lutjanus	Lutjanidae	Lutjaniformes	Actinopteri	Chordata	Lutjanus griseus	1	GCA_050947775.1	reference genome	USM_Lutgris_1.0	Chromosome		1000111217	no
218797	Lutjanus malabaricus	Lutjanus	Lutjanidae	Lutjaniformes	Actinopteri	Chordata	Lutjanus malabaricus	3	GCA_057946895.1	reference genome	RePo_Lutmal_M	Chromosome		992739758	no
396789	Lutjanus quinquelineatus	Lutjanus	Lutjanidae	Lutjaniformes	Actinopteri	Chordata	Lutjanus quinquelineatus	1	GCA_057930395.2	reference genome	ASM5793039v2	Chromosome		1082650176	no
232193	Lutjanus russellii	Lutjanus	Lutjanidae	Lutjaniformes	Actinopteri	Chordata	Lutjanus russellii	2	GCA_059550235.1	reference genome	fLutRus1.hap1.cur.20230702	Chromosome		1044625505	no
232192	Lutjanus sebae	Lutjanus	Lutjanidae	Lutjaniformes	Actinopteri	Chordata	Lutjanus sebae	2	GCA_059550175.1	reference genome	fLutSeb1.hap1.cur.20230516	Chromosome		989601721	no
379402	Lutjanus vitta	Lutjanus	Lutjanidae	Lutjaniformes	Actinopteri	Chordata	Lutjanus vitta	2	GCA_059550225.1	reference genome	fLutVit1.hap2.cur.20230825	Chromosome		1002245598	no
9657	Lutra lutra	Lutra	Mustelidae	Carnivora	Mammalia	Chordata	Lutra lutra	2	GCF_902655055.1	reference genome	mLutLut1.2	Chromosome		2438442342	yes
9622	Lycaon pictus	Lycaon	Canidae	Carnivora	Mammalia	Chordata	Lycaon pictus	4	GCA_040955705.1	reference genome	LycPic1.final.hap2	Chromosome		2384012108	yes
2004399	Lycenchelys nigripalatum	Lycenchelys	Zoarcidae	Perciformes	Actinopteri	Chordata	Lycenchelys nigripalatum	1	GCA_058748105.1	reference genome	fLycNigr1.1	Chromosome		700143931	no
681192	Lycocorax pyrrhopterus	Lycocorax	Paradisaeidae	Passeriformes	Aves	Chordata	Lycocorax pyrrhopterus obiensis	1	GCA_014706295.2	reference genome	bLycPyr6.2.pri	Chromosome		1107775038	yes
215420	Lycodes pallidus	Lycodes	Zoarcidae	Perciformes	Actinopteri	Chordata	Lycodes pallidus	1	GCA_049309625.1	reference genome	TIO_A13_LycPal_1.1	Chromosome		753345134	no
2483678	Lycodon rosozonatus	Lycodon	Colubridae	Squamata	Lepidosauria	Chordata	Lycodon rosozonatus	1	GCA_061240095.1	reference genome	ASM6124009v1	Chromosome		1736067228	no
1772091	Lycodopsis pacificus	Lycodopsis	Zoarcidae	Perciformes	Actinopteri	Chordata	Lycodopsis pacificus	1	GCA_028022725.1	reference genome	fLycPai1.hap2	Chromosome		646369862	yes
107379	Lymnocryptes minimus	Lymnocryptes	Scolopacidae	Charadriiformes	Aves	Chordata	Lymnocryptes minimus	1	GCA_964304605.1	reference genome	bLymMin2.1	Chromosome		1186472583	no
61383	Lynx canadensis	Lynx	Felidae	Carnivora	Mammalia	Chordata	Lynx canadensis	2	GCF_007474595.2	reference genome	mLynCan4.pri.v2	Chromosome		2407810255	yes
1806458	Mabuya desiradae	Mabuya	Scincidae	Squamata	Lepidosauria	Chordata	Mabuya desiradae	1	GCA_056883445.1	reference genome	ASM5688344v1	Chromosome		1399517780	no
78449	Macaca cyclopis	Macaca	Cercopithecidae	Primates	Mammalia	Chordata	Macaca cyclopis	1	GCA_026956025.1	reference genome	MCyc01	Chromosome		2846042475	no
9541	Macaca fascicularis	Macaca	Cercopithecidae	Primates	Mammalia	Chordata	Macaca fascicularis	8	GCF_037993035.2	reference genome	T2T-MFA8v1.1	Complete Genome		3060038958	yes
9544	Macaca mulatta	Macaca	Cercopithecidae	Primates	Mammalia	Chordata	Macaca mulatta	6	GCF_049350105.2	reference genome	T2T-MMU8v2.0	Complete Genome		3115120525	yes
9545	Macaca nemestrina	Macaca	Cercopithecidae	Primates	Mammalia	Chordata	Macaca nemestrina	3	GCF_043159975.1	reference genome	mMacNem.hap1	Chromosome		3116288670	yes
54602	Macaca thibetana	Macaca	Cercopithecidae	Primates	Mammalia	Chordata	Macaca thibetana thibetana	2	GCF_024542745.1	reference genome	ASM2454274v1	Chromosome		2822383045	yes
135761	Maccullochella peelii	Maccullochella	Percichthyidae	Centrarchiformes	Actinopteri	Chordata	Maccullochella peelii	2	GCA_054198415.1	reference genome	ASM5419841v1	Chromosome		777856308	no
3026461	Macrochelys suwanniensis	Macrochelys	Chelydridae	Testudines		Chordata	Macrochelys suwanniensis	2	GCA_033296515.1	reference genome	rMacSuw1.hap1	Chromosome		2132261265	no
241319	Macropharyngodon meleagris	Macropharyngodon	Labridae	Labriformes	Actinopteri	Chordata	Macropharyngodon meleagris	1	GCA_054073175.1	reference genome	ASM5407317v1	Chromosome		666397480	no
158451	Macropodus opercularis	Macropodus	Osphronemidae	Anabantiformes	Actinopteri	Chordata	Macropodus opercularis	1	GCA_030770545.1	reference genome	macOpe2	Chromosome		483061208	no
1464014	Macropygia unchall	Macropygia	Columbidae	Columbiformes	Aves	Chordata	Macropygia unchall	2	GCA_060134225.1	reference genome	bMacUnc1.hap1	Chromosome		1259909279	yes
206124	Macroramphosus scolopax	Macroramphosus	Centriscidae	Syngnathiformes	Actinopteri	Chordata	Macroramphosus scolopax	1	GCA_987433295.1	reference genome	fMacSco1.1	Chromosome		473027845	no
92651	Macrotis lagotis	Macrotis	Peramelidae	Peramelemorphia	Mammalia	Chordata	Macrotis lagotis	2	GCF_037893015.1	reference genome	bilby.v1.9.chrom.fasta	Chromosome		3655715178	yes
110205	Macrovipera schweizeri	Macrovipera	Viperidae	Squamata	Lepidosauria	Chordata	Macrovipera schweizeri	1	GCA_965194845.1	reference genome	rMacScw1.hap1.1	Chromosome		1635265452	no
1003756	Malacanthus latovittatus	Malacanthus	Malacanthidae		Actinopteri	Chordata	Malacanthus latovittatus	2	GCA_988280595.1	reference genome	Malacanthus latovittatus_haplotype_2_assembly	Chromosome		736916628	no
8485	Malaclemys terrapin	Malaclemys	Emydidae	Testudines		Chordata	Malaclemys terrapin pileata	4	GCF_027887155.1	reference genome	rMalTer1.hap1	Chromosome		2211221380	yes
1072478	Malacoraja senta	Malacoraja	Rajidae	Rajiformes	Chondrichthyes	Chordata	Malacoraja senta	1	GCA_038087875.1	reference genome	sMalSen1_p1.0	Chromosome		1943516005	no
184164	Malpolon monspessulanus	Malpolon		Squamata	Lepidosauria	Chordata	Malpolon monspessulanus	1	GCA_964265115.1	reference genome	rMalMon1.1	Chromosome		1752149986	no
55807	Malurus cyaneus	Malurus	Maluridae	Passeriformes	Aves	Chordata	Malurus cyaneus samueli	1	GCA_009741485.1	reference genome	mCya_1.0	Chromosome		1078874851	no
9974	Manis javanica	Manis	Manidae	Pholidota	Mammalia	Chordata	Manis javanica	2	GCF_040802235.1	reference genome	MJ_LKY	Chromosome		2559979548	yes
143292	Manis pentadactyla	Manis	Manidae	Pholidota	Mammalia	Chordata	Manis pentadactyla	3	GCF_030020395.1	reference genome	mManPen7.hap1	Chromosome		2840164579	yes
44314	Manorina melanocephala	Manorina	Meliphagidae	Passeriformes	Aves	Chordata	Manorina melanocephala	1	GCA_060511745.1	reference genome	Mmel_HiC_v3.0	Chromosome		1065351788	no
43514	Mantella aurantiaca	Mantella	Mantellidae	Anura	Amphibia	Chordata	Mantella aurantiaca	2	GCA_048565345.1	reference genome	aManAur1.hap1	Chromosome		3336091145	yes
75844	Mareca falcata	Mareca	Anatidae	Anseriformes	Aves	Chordata	Mareca falcata	1	GCA_053567875.1	reference genome	SKLAFABB.AnasFal1.0	Chromosome		1183678463	no
75861	Mareca strepera	Mareca	Anatidae	Anseriformes	Aves	Chordata	Mareca strepera	1	GCA_965278785.1	reference genome	bMarStr1.hap1.1	Chromosome		1300597795	no
75875	Marmaronetta angustirostris	Marmaronetta	Anatidae	Anseriformes	Aves	Chordata	Marmaronetta angustirostris	1	GCA_057375105.1	reference genome	EBD_Mang_1.1	Chromosome		1154600265	no
93162	Marmota flaviventris	Marmota	Sciuridae	Rodentia	Mammalia	Chordata	Marmota flaviventris	3	GCF_047511675.1	reference genome	mMarFla1.hap1	Chromosome		2704651887	yes
93163	Marmota himalayana	Marmota	Sciuridae	Rodentia	Mammalia	Chordata	Marmota himalayana	1	GCA_056512325.1	reference genome	ASM5651232v1	Chromosome		2683959318	no
93167	Marmota vancouverensis	Marmota	Sciuridae	Rodentia	Mammalia	Chordata	Marmota vancouverensis	1	GCA_040207255.2	reference genome	mMarVan1_p1.2	Chromosome		2505247228	no
74864	Martes flavigula	Martes	Mustelidae	Carnivora	Mammalia	Chordata	Martes flavigula	1	GCA_029410595.1	reference genome	ASM2941059v1	Chromosome		2448703571	no
9659	Martes foina	Martes	Mustelidae	Carnivora	Mammalia	Chordata	Martes foina	1	GCA_964304585.1	reference genome	mMarFoi2.1	Chromosome		2388581548	no
29065	Martes martes	Martes	Mustelidae	Carnivora	Mammalia	Chordata	Martes martes	2	GCF_963455335.1	reference genome	mMarMar1.1	Chromosome		2484633589	yes
36722	Martes zibellina	Martes	Mustelidae	Carnivora	Mammalia	Chordata	Martes zibellina	1	GCA_040938815.1	reference genome	mzib.min_150.pseudohap2.1_HiC.purged	Chromosome		2389897326	no
205130	Mastacembelus armatus	Mastacembelus	Mastacembelidae	Synbranchiformes	Actinopteri	Chordata	Mastacembelus armatus	4	GCF_900324485.3	reference genome	fMasArm1.3	Chromosome		591935101	yes
1776112	Masticbarbus longipinnis	Masticbarbus	Cyprinidae	Cypriniformes	Actinopteri	Chordata	Masticbarbus longipinnis	3	GCA_984577685.1	reference genome	AL_hap1	Chromosome		920403595	no
3148359	Masticophis piceus	Masticophis	Colubridae	Squamata	Lepidosauria	Chordata	Masticophis piceus	1	GCA_060497075.1	reference genome	ASM6049707v1	Chromosome		1614300925	no
35658	Mastomys coucha	Mastomys	Muridae	Rodentia	Mammalia	Chordata	Mastomys coucha	2	GCF_008632895.1	reference genome	UCSF_Mcou_1	Chromosome		2507168619	yes
74926	Mauremys mutica	Mauremys	Geoemydidae	Testudines		Chordata	Mauremys mutica	3	GCF_020497125.1	reference genome	ASM2049712v1	Chromosome		2484351270	yes
260615	Mauremys reevesii	Mauremys	Geoemydidae	Testudines		Chordata	Mauremys reevesii	2	GCF_016161935.1	reference genome	ASM1616193v1	Chromosome		2367590653	yes
445507	Maylandia aurora	Maylandia	Cichlidae	Cichliformes	Actinopteri	Chordata	Maylandia aurora	1	GCA_988222535.1	reference genome	fMayAur113.pri	Chromosome		945815815	no
143624	Maylandia estherae	Maylandia	Cichlidae	Cichliformes	Actinopteri	Chordata	Maylandia estherae	1	GCA_988222645.1	reference genome	fMayEst31.pri	Chromosome		959194809	no
934810	Maylandia sp. 'pearly'	Maylandia	Cichlidae	Cichliformes	Actinopteri	Chordata	Maylandia sp. 'pearly'	1	GCA_988222485.1		fMaySpec1.pri	Chromosome		959649622	no
106582	Maylandia zebra	Maylandia	Cichlidae	Cichliformes	Actinopteri	Chordata	Maylandia zebra	9	GCF_041146795.1	reference genome	Mzebra_GT3a	Chromosome		962175383	yes
3447463	Maylandia zebra x Maylandia sp. 'pearly'	Maylandia	Cichlidae	Cichliformes	Actinopteri	Chordata	Maylandia zebra x Maylandia sp. 'pearly'	1	GCA_988222595.1		fMayZep296.pri	Chromosome		947750382	no
35575	Mchenga conophoros	Mchenga	Cichlidae	Cichliformes	Actinopteri	Chordata	Mchenga conophoros	4	GCF_057382185.1	reference genome	M_conophoros_male_GT1.1	Chromosome		961731750	yes
67549	Meda fulgida	Meda	Leuciscidae	Cypriniformes	Actinopteri	Chordata	Meda fulgida	1	GCA_030578275.1	reference genome	ASM3057827v1	Chromosome		882111708	no
1303476	Mediodactylus kotschyi	Mediodactylus	Gekkonidae	Squamata	Lepidosauria	Chordata	Mediodactylus kotschyi	1	GCA_965636955.1	reference genome	rMedKot1.hap1.1	Chromosome		1798513081	no
9414	Megaderma spasma	Megaderma	Megadermatidae	Chiroptera	Mammalia	Chordata	Megaderma spasma	1	GCA_043880595.1	reference genome	ASM4388059v1	Chromosome		2124723628	yes
327003	Megaleporinus macrocephalus	Megaleporinus	Anostomidae	Characiformes	Actinopteri	Chordata	Megaleporinus macrocephalus	1	GCA_021613375.1	reference genome	ASM2161337v1	Chromosome		1282013658	no
75352	Megalobrama amblycephala	Megalobrama	Xenocyprididae	Cypriniformes	Actinopteri	Chordata	Megalobrama amblycephala	2	GCF_018812025.1	reference genome	ASM1881202v1	Chromosome		1109871993	yes
7932	Megalops atlanticus	Megalops	Megalopidae	Elopiformes	Actinopteri	Chordata	Megalops atlanticus	1	GCA_019176425.1	reference genome	MATL_1.0	Chromosome		990029801	yes
118141	Megalops cyprinoides	Megalops	Megalopidae	Elopiformes	Actinopteri	Chordata	Megalops cyprinoides	2	GCF_013368585.1	reference genome	fMegCyp1.pri	Chromosome		959241634	yes
9773	Megaptera novaeangliae	Megaptera	Balaenopteridae	Artiodactyla	Mammalia	Chordata	Megaptera novaeangliae	1	GCA_041834305.1	reference genome	ASM4183430v1	Chromosome		3146604256	yes
3774380	Megascapheus bottae	Megascapheus	Geomyidae	Rodentia	Mammalia	Chordata	Megascapheus bottae	2	GCA_031878675.1		mThoBot2.hap1	Chromosome		2025633870	yes
2249823	Megophrys chuannanensis	Megophrys	Megophryidae	Anura	Amphibia	Chordata	Megophrys chuannanensis	1	GCA_056747305.1	reference genome	ASM5674730v1	Chromosome		2923412787	no
663277	Megophrys montana	Megophrys	Megophryidae	Anura	Amphibia	Chordata	Megophrys montana	2	GCA_060175755.1	reference genome	aMegMon1.hap1	Chromosome		2530644017	no
3357459	Melanochromis robustus						Melanochromis robustus	1	GCA_988223305.1	reference genome	fMelRob1.pri	Chromosome		946725793	no
8056	Melanogrammus aeglefinus	Melanogrammus	Gadidae	Gadiformes	Actinopteri	Chordata	Melanogrammus aeglefinus	1	GCA_964261835.1	reference genome	melaegasm	Chromosome		639457590	yes
181410	Melanonus zugmayeri	Melanonus	Melanonidae	Gadiformes	Actinopteri	Chordata	Melanonus zugmayeri	2	GCA_057876845.1	reference genome	fMelZyg2.hap1	Chromosome		735065728	no
1091424	Melanostigma gelatinosum	Melanostigma	Zoarcidae	Perciformes	Actinopteri	Chordata	Melanostigma gelatinosum	2	GCF_949748355.1	reference genome	fMelGel1.1	Chromosome		661958652	yes
1250792	Melanotaenia boesemani	Melanotaenia	Melanotaeniidae	Atheriniformes	Actinopteri	Chordata	Melanotaenia boesemani	2	GCF_017639745.1	reference genome	fMelBoe1.pri	Chromosome		865575964	yes
120843	Melanotaenia duboulayi	Melanotaenia	Melanotaeniidae	Atheriniformes	Actinopteri	Chordata	Melanotaenia duboulayi	1	GCA_026261665.1	reference genome	ASM2626166v1	Chromosome		848689418	no
9103	Meleagris gallopavo	Meleagris	Phasianidae	Galliformes	Aves	Chordata	Meleagris gallopavo	4	GCF_905368555.1	reference genome	MGAL_WU_HG_1.1	Chromosome		1001645219	yes
9662	Meles meles	Meles	Mustelidae	Carnivora	Mammalia	Chordata	Meles meles	2	GCF_922984935.2	reference genome	mMelMel3.2 paternal haplotype	Chromosome		2738678004	yes
392900	Melichthys vidua	Melichthys	Balistidae	Tetraodontiformes	Actinopteri	Chordata	Melichthys vidua	2	GCA_984655525.1	reference genome	Melichthys vidua_haplotype_2_assembly	Chromosome		641978102	no
13146	Melopsittacus undulatus	Melopsittacus	Psittaculidae	Psittaciformes	Aves	Chordata	Melopsittacus undulatus	2	GCF_012275295.1	reference genome	bMelUnd1.mat.Z	Chromosome		1171617451	yes
44398	Melospiza georgiana	Melospiza	Passerellidae	Passeriformes	Aves	Chordata	Melospiza georgiana	2	GCF_028018845.1	reference genome	bMelGeo1.pri	Chromosome		1162015399	yes
44397	Melospiza melodia	Melospiza	Passerellidae	Passeriformes	Aves	Chordata	Melospiza melodia melodia	2	GCF_035770615.1	reference genome	bMelMel2.pri	Chromosome		1541245192	yes
9636	Melursus ursinus	Melursus	Ursidae	Carnivora	Mammalia	Chordata	Melursus ursinus inornatus	1	GCA_060683725.1		mMelUrs1.0.pri	Chromosome		2442518100	no
238744	Menidia menidia	Menidia	Atherinopsidae	Atheriniformes	Actinopteri	Chordata	Menidia menidia	2	GCA_048628825.1	reference genome	ASM4862882v1	Chromosome		571259625	yes
107026	Mergellus albellus	Mergellus	Anatidae	Anseriformes	Aves	Chordata	Mergellus albellus	2	GCA_971847395.1	reference genome	bMerAlb1.hap1.1	Chromosome		1298127596	no
1570318	Mergus octosetaceus	Mergus	Anatidae	Anseriformes	Aves	Chordata	Mergus octosetaceus	2	GCA_036873955.1	reference genome	bMerOct1.hap1	Chromosome		1245774584	yes
670348	Mergus squamatus	Mergus	Anatidae	Anseriformes	Aves	Chordata	Mergus squamatus	1	GCA_061099185.1	reference genome	ASM6109918v1	Chromosome		1095431160	yes
10047	Meriones unguiculatus	Meriones	Muridae	Rodentia	Mammalia	Chordata	Meriones unguiculatus	2	GCF_030254825.1	reference genome	Bangor_MerUng_6.1	Chromosome		2702201048	yes
8063	Merluccius merluccius	Merluccius	Merlucciidae	Gadiformes	Actinopteri	Chordata	Merluccius merluccius	4	GCA_988279885.1	reference genome	fMerMel2.1.hap1	Chromosome		751678484	yes
57421	Merops nubicus	Merops	Meropidae	Coraciiformes	Aves	Chordata	Merops nubicus	1	GCA_009819595.1		bMerNub1.pri	Chromosome		1149337515	yes
10036	Mesocricetus auratus	Mesocricetus	Cricetidae	Rodentia	Mammalia	Chordata	Mesocricetus auratus	1	GCA_056461545.1		ASM5646154v1	Chromosome		2563976737	no
48745	Mesoplodon bidens	Mesoplodon	Ziphiidae	Artiodactyla	Mammalia	Chordata	Mesoplodon bidens	3	GCF_964165515.1	reference genome	mMesBid2.hap1.1	Chromosome		2999082157	yes
48708	Mesoplodon densirostris	Mesoplodon	Ziphiidae	Artiodactyla	Mammalia	Chordata	Mesoplodon densirostris	2	GCF_025265405.1	reference genome	mMesDen1 primary haplotype	Chromosome		2683375131	yes
52113	Mesoplodon mirus	Mesoplodon	Ziphiidae	Artiodactyla	Mammalia	Chordata	Mesoplodon mirus	2	GCF_964341445.2	reference genome	mMesMir1.hap1.2	Chromosome		3427619169	yes
138550	Metynnis hypsauchen	Metynnis	Serrasalmidae	Characiformes	Actinopteri	Chordata	Metynnis hypsauchen	1	GCA_050495845.1	reference genome	MHYP_1.1	Chromosome		1312587230	yes
1415580	Microcaecilia unicolor	Microcaecilia	Siphonopidae	Gymnophiona	Amphibia	Chordata	Microcaecilia unicolor	2	GCF_901765095.2	reference genome	aMicUni1.2	Chromosome		4685923413	yes
30608	Microcebus murinus	Microcebus	Cheirogaleidae	Primates	Mammalia	Chordata	Microcebus murinus	5	GCF_040939455.1	reference genome	M.murinus_Inina_mat1.0	Chromosome		2350949499	yes
90074	Microchirus variegatus	Microchirus	Soleidae	Pleuronectiformes	Actinopteri	Chordata	Microchirus variegatus	2	GCF_963457635.1	reference genome	fMicVar1.1	Chromosome		724676885	yes
81636	Micromesistius poutassou	Micromesistius	Gadidae	Gadiformes	Actinopteri	Chordata	Micromesistius poutassou	2	GCF_964030765.1	reference genome	fMicPou1.1	Chromosome		520620001	yes
13151	Micromys minutus	Micromys	Muridae	Rodentia	Mammalia	Chordata	Micromys minutus	2	GCF_963924665.1	reference genome	mMicMin1.1	Chromosome		2651771171	yes
249008	Micronycteris microtis	Micronycteris	Phyllostomidae	Chiroptera	Mammalia	Chordata	Micronycteris microtis	2	GCA_051107335.1	reference genome	mMicMic1.hap2	Chromosome		2025303814	no
69812	Micropoecilia bifurca	Micropoecilia	Poeciliidae	Cyprinodontiformes	Actinopteri	Chordata	Micropoecilia bifurca	1	GCA_052054765.1	reference genome	ASM5205476v1	Chromosome		826001986	no
147949	Micropterus dolomieu	Micropterus	Centrarchidae	Centrarchiformes	Actinopteri	Chordata	Micropterus dolomieu	2	GCF_021292245.1	reference genome	ASM2129224v1	Chromosome		829570727	yes
27706	Micropterus salmoides	Micropterus	Centrarchidae	Centrarchiformes	Actinopteri	Chordata	Micropterus salmoides	5	GCA_056957265.1		T2T_MSal_F1.0	Complete Genome		871075730	no
106175	Microstomus kitt	Microstomus	Pleuronectidae	Pleuronectiformes	Actinopteri	Chordata	Microstomus kitt	2	GCA_052625575.1	reference genome	TBG_Mkitt_1.0	Chromosome		628391174	no
29092	Microtus agrestis	Microtus	Cricetidae	Rodentia	Mammalia	Chordata	Microtus agrestis	2	GCA_987114375.1	reference genome	mMicAgr2.hap1.1	Chromosome		3031268469	no
79684	Microtus ochrogaster	Microtus	Cricetidae	Rodentia	Mammalia	Chordata	Microtus ochrogaster	4	GCF_000317375.1	reference genome	MicOch1.0	Chromosome		2287340943	yes
10058	Microtus pennsylvanicus	Microtus	Cricetidae	Rodentia	Mammalia	Chordata	Microtus pennsylvanicus	5	GCF_037038515.1	reference genome	mMicPen1.hap1	Chromosome		2369119668	yes
240162	Miichthys miiuy	Miichthys	Sciaenidae		Actinopteri	Chordata	Miichthys miiuy	1	GCA_036365135.1	reference genome	ASM3636513v1	Chromosome		637647715	no
245851	Mimus melanotis	Mimus	Mimidae	Passeriformes	Aves	Chordata	Mimus melanotis	1	GCA_042985785.1	reference genome	USASK_Mmel_1	Chromosome		1013368168	yes
291302	Miniopterus natalensis	Miniopterus	Miniopteridae	Chiroptera	Mammalia	Chordata	Miniopterus natalensis	3	GCF_054644295.1	reference genome	mMinNat1.hap1	Chromosome		1835620866	yes
9433	Miniopterus schreibersii	Miniopterus	Miniopteridae	Chiroptera	Mammalia	Chordata	Miniopterus schreibersii	2	GCF_964146895.1	reference genome	mMinSch1.hap1.2	Chromosome		1850573702	yes
75329	Misgurnus anguillicaudatus	Misgurnus	Cobitidae	Cypriniformes	Actinopteri	Chordata	Misgurnus anguillicaudatus	7	GCF_027580225.2	reference genome	ASM2758022v2	Chromosome		1120296596	yes
3061075	Mixophyes fleayi	Mixophyes	Limnodynastidae	Anura	Amphibia	Chordata	Mixophyes fleayi	3	GCF_038048845.1	reference genome	aMixFle1.hap1	Chromosome		2969628263	yes
1983395	Mobula birostris	Mobula	Myliobatidae	Myliobatiformes	Chondrichthyes	Chordata	Mobula birostris	3	GCF_030028105.1	reference genome	sMobBir1.hap1	Chromosome		4014635230	yes
723540	Mobula hypostoma	Mobula	Myliobatidae	Myliobatiformes	Chondrichthyes	Chordata	Mobula hypostoma	2	GCF_963921235.1	reference genome	sMobHyp1.1	Chromosome		3475679493	yes
1552295	Molossus alvarezi	Molossus	Molossidae	Chiroptera	Mammalia	Chordata	Molossus alvarezi	2	GCA_037176705.1	reference genome	mMolAlv2.hap2	Chromosome		2504806577	no
27622	Molossus molossus	Molossus	Molossidae	Chiroptera	Mammalia	Chordata	Molossus molossus	1	GCA_014108415.2	reference genome	mMolMol1.pri	Chromosome		2315481904	no
2997257	Molossus nigricans	Molossus	Molossidae	Chiroptera	Mammalia	Chordata	Molossus nigricans	2	GCA_039880945.1	reference genome	mMolNig1.hap1	Chromosome		2567086694	yes
84833	Molothrus aeneus	Molothrus	Icteridae	Passeriformes	Aves	Chordata	Molothrus aeneus	2	GCF_037042795.1	reference genome	BPBGC_Maene_1.0	Chromosome		1177171786	yes
84834	Molothrus ater	Molothrus	Icteridae	Passeriformes	Aves	Chordata	Molothrus ater	4	GCF_012460135.2	reference genome	BPBGC_Mater_1.1	Chromosome		1087219985	yes
392921	Monacanthus chinensis	Monacanthus	Monacanthidae	Tetraodontiformes	Actinopteri	Chordata	Monacanthus chinensis	1	GCA_057626635.1	reference genome	ASM5762663v1	Chromosome		607866265	no
303715	Monacanthus ciliatus	Monacanthus	Monacanthidae	Tetraodontiformes	Actinopteri	Chordata	Monacanthus ciliatus	1	GCA_977018155.1	reference genome	fMonCil1.1	Chromosome		476298238	no
248254	Monachus monachus	Monachus	Phocidae	Carnivora	Mammalia	Chordata	Monachus monachus	1	GCA_976986665.1	reference genome	mMonMoa1.1	Chromosome		2437305367	no
181435	Monocentris japonica	Monocentris	Monocentridae	Trachichthyiformes	Actinopteri	Chordata	Monocentris japonica	1	GCA_051201485.1	reference genome	Moja	Chromosome		791038008	no
13616	Monodelphis domestica	Monodelphis	Didelphidae	Didelphimorphia	Mammalia	Chordata	Monodelphis domestica	4	GCF_027887165.2	reference genome	mMonDom1.pri	Chromosome		3586166573	yes
40151	Monodon monoceros	Monodon	Monodontidae	Artiodactyla	Mammalia	Chordata	Monodon monoceros	2	GCA_005190385.4	reference genome	mMonMon2.pri	Chromosome		2341941226	yes
43700	Monopterus albus	Monopterus	Synbranchidae	Synbranchiformes	Actinopteri	Chordata	Monopterus albus	1	GCA_986269415.1		Monopterus_albus_T2T_assembly	Complete Genome		838555210	no
258863	Mops condylurus	Mops	Molossidae	Chiroptera	Mammalia	Chordata	Mops condylurus	1	GCA_043748645.2	reference genome	mMopCon1.pri	Chromosome		2215389474	yes
252789	Morphnus guianensis	Morphnus	Accipitridae	Accipitriformes	Aves	Chordata	Morphnus guianensis	2	GCA_045345515.1	reference genome	bMorGui1 haplotype 2	Chromosome		1576624229	yes
37578	Morus bassanus	Morus	Sulidae	Suliformes	Aves	Chordata	Morus bassanus	2	GCA_031468815.1	reference genome	bMorBas2.hap2	Chromosome		1294787636	yes
68408	Moschus berezovskii	Moschus	Moschidae	Artiodactyla	Mammalia	Chordata	Moschus berezovskii	2	GCF_049115385.1	reference genome	NW_MosBer_1.0	Chromosome		2847697564	yes
45807	Motacilla alba	Motacilla	Motacillidae	Passeriformes	Aves	Chordata	Motacilla alba alba	2	GCF_015832195.1	reference genome	Motacilla_alba_V1.0_pri	Chromosome		1072653902	yes
56325	Motacilla cinerea	Motacilla	Motacillidae	Passeriformes	Aves	Chordata	Motacilla cinerea	1	GCA_987196015.1	reference genome	bMotCin1.hap1.1	Chromosome		1239169038	no
180448	Motacilla flava	Motacilla	Motacillidae	Passeriformes	Aves	Chordata	Motacilla flava	2	GCA_987196375.1	reference genome	bMotFla1.hap1.1	Chromosome		1217914072	no
48193	Mugil cephalus	Mugil	Mugilidae	Mugiliformes	Actinopteri	Chordata	Mugil cephalus	2	GCF_022458985.1	reference genome	CIBA_Mcephalus_1.1	Chromosome		634849760	yes
88201	Mugilogobius chulae	Mugilogobius	Gobiidae	Gobiiformes	Actinopteri	Chordata	Mugilogobius chulae	4	GCA_046056395.1	reference genome	ASM4605639v1	Chromosome		1003362100	yes
37007	Mullus barbatus	Mullus	Mullidae	Syngnathiformes	Actinopteri	Chordata	Mullus barbatus	1	GCA_049638725.1	reference genome	fMulBar1.1	Chromosome		538903635	no
87757	Mullus surmuletus	Mullus	Mullidae	Syngnathiformes	Actinopteri	Chordata	Mullus surmuletus	1	GCA_965276695.1	reference genome	fMulSur1.hap1.1	Chromosome		569101158	no
71854	Muntiacus crinifrons	Muntiacus	Cervidae	Artiodactyla	Mammalia	Chordata	Muntiacus crinifrons	2	GCA_020276665.1	reference genome	ASM2027666v1	Chromosome		2489495709	no
9886	Muntiacus reevesi	Muntiacus	Cervidae	Artiodactyla	Mammalia	Chordata	Muntiacus reevesi	4	GCF_963930625.1	reference genome	mMunRee1.1	Chromosome		2656168540	yes
9887	Muntiacus vaginalis	Muntiacus	Cervidae	Artiodactyla	Mammalia	Chordata	Muntiacus vaginalis	1	GCA_039877825.1	reference genome	ASM3987782v1	Chromosome		2661124938	no
46662	Muraena helena	Muraena	Muraenidae	Anguilliformes	Actinopteri	Chordata	Muraena helena	1	GCA_978019965.1	reference genome	fMurHel1.1	Chromosome		2057112079	no
630683	Muraenolepis orangiensis	Muraenolepis	Muraenolepididae	Gadiformes	Actinopteri	Chordata	Muraenolepis orangiensis	1	GCA_027704905.1	reference genome	KU_S4	Chromosome		893743365	yes
10089	Mus caroli	Mus	Muridae	Rodentia	Mammalia	Chordata	Mus caroli	2	GCF_900094665.2		CAROLI_EIJ_v1.1	Chromosome		2552816249	yes
10090	Mus musculus	Mus	Muridae	Rodentia	Mammalia	Chordata	Mus musculus	27	GCF_000001635.27	reference genome	GRCm39	Chromosome		2728206152	yes
10093	Mus pahari	Mus	Muridae	Rodentia	Mammalia	Chordata	Mus pahari	2	GCF_900095145.1	reference genome	PAHARI_EIJ_v1.1	Chromosome		2475012951	yes
10096	Mus spretus	Mus	Muridae	Rodentia	Mammalia	Chordata	Mus spretus	2	GCA_921997135.2	reference genome	SPRET_EiJ_v3	Chromosome		2546527799	no
39082	Muscardinus avellanarius	Muscardinus	Gliridae	Rodentia	Mammalia	Chordata	Muscardinus avellanarius	2	GCF_963383645.1	reference genome	mMusAve1.1	Chromosome		2497503975	yes
1293958	Muscicapa striata	Muscicapa	Muscicapidae	Passeriformes	Aves	Chordata	Muscicapa striata	1	GCA_988136345.1	reference genome	bMusSti1.hap1.1	Chromosome		1516173158	no
36723	Mustela erminea	Mustela	Mustelidae	Carnivora	Mammalia	Chordata	Mustela erminea	4	GCF_009829155.1	reference genome	mMusErm1.Pri	Chromosome		2445200799	yes
9666	Mustela lutreola	Mustela	Mustelidae	Carnivora	Mammalia	Chordata	Mustela lutreola	3	GCF_030435805.1	reference genome	mMusLut2.pri	Chromosome		2586268927	yes
36239	Mustela nivalis	Mustela	Mustelidae	Carnivora	Mammalia	Chordata	Mustela nivalis	5	GCF_964662115.1	reference genome	mMusNiv2.hap1.1	Chromosome		3437857113	yes
112232	Mustelus asterias	Mustelus	Triakidae	Carcharhiniformes	Chondrichthyes	Chordata	Mustelus asterias	2	GCF_964213995.1	reference genome	sMusAst1.hap1.1	Chromosome		3679774521	yes
33587	Mycteria americana	Mycteria	Ciconiidae	Ciconiiformes	Aves	Chordata	Mycteria americana	2	GCF_035582795.1	reference genome	USCA_MyAme_1.0	Chromosome		1348542611	yes
328440	Myioborus ornatus	Myioborus	Parulidae	Passeriformes	Aves	Chordata	Myioborus ornatus	2	GCA_057814795.1	reference genome	bMyiOra2.hap2	Chromosome		1194705315	no
176066	Myiopsitta monachus	Myiopsitta	Psittacidae	Psittaciformes	Aves	Chordata	Myiopsitta monachus	1	GCA_017639245.1	reference genome	MMon_1.0	Chromosome		1168583304	no
75356	Mylopharyngodon piceus	Mylopharyngodon	Xenocyprididae	Cypriniformes	Actinopteri	Chordata	Mylopharyngodon piceus	1	GCA_039654765.1		ASM3965476v1	Chromosome		848666235	no
447135	Myodes glareolus	Myodes	Cricetidae	Rodentia	Mammalia	Chordata	Myodes glareolus	4	GCF_982192425.1	reference genome	mMyoGla1.1	Chromosome		2585094733	yes
213498	Myospalax aspalax	Myospalax	Spalacidae	Rodentia	Mammalia	Chordata	Myospalax aspalax	1	GCA_049190835.1	reference genome	ASM4919083v1	Chromosome		3014030832	no
146129	Myospalax psilurus	Myospalax	Spalacidae	Rodentia	Mammalia	Chordata	Myospalax psilurus	2	GCA_057930495.1	reference genome	Mpsi_1.0	Chromosome		2992857120	no
321263	Myotis auriculus	Myotis	Vespertilionidae	Chiroptera	Mammalia	Chordata	Myotis auriculus	1	GCA_056320785.1	reference genome	mMyoAui1.0	Chromosome		2072775919	no
257882	Myotis californicus	Myotis	Vespertilionidae	Chiroptera	Mammalia	Chordata	Myotis californicus	1	GCA_056320955.1	reference genome	mMyoCai1.0	Chromosome		2070378900	no
98922	Myotis daubentonii	Myotis	Vespertilionidae	Chiroptera	Mammalia	Chordata	Myotis daubentonii	4	GCF_963259705.1	reference genome	mMyoDau2.1	Chromosome		2127807131	yes
109480	Myotis emarginatus	Myotis	Vespertilionidae	Chiroptera	Mammalia	Chordata	Myotis emarginatus	2	GCA_965115925.2	reference genome	mMyoEma1.hap1.2	Chromosome		2110521423	no
257883	Myotis evotis	Myotis	Vespertilionidae	Chiroptera	Mammalia	Chordata	Myotis evotis	1	GCA_056320405.1	reference genome	mMyoEvo1.0	Chromosome		2070499288	no
59463	Myotis lucifugus	Myotis	Vespertilionidae	Chiroptera	Mammalia	Chordata	Myotis lucifugus carissima	1	GCA_048340685.1		mMyoLuc1.0	Chromosome		2062916987	no
51298	Myotis myotis	Myotis	Vespertilionidae	Chiroptera	Mammalia	Chordata	Myotis myotis	1	GCA_014108235.2	reference genome	mMyoMyo1.pri	Chromosome		2002765938	no
109479	Myotis mystacinus	Myotis	Vespertilionidae	Chiroptera	Mammalia	Chordata	Myotis mystacinus	2	GCA_964094495.4	reference genome	mMyoMys1.hap1.3	Chromosome		2081615551	no
109481	Myotis nattereri	Myotis	Vespertilionidae	Chiroptera	Mammalia	Chordata	Myotis nattereri	2	GCF_964212035.1	reference genome	mMyoNat1.hap1.2	Chromosome		2138575456	yes
1163727	Myotis nesopolus	Myotis	Vespertilionidae	Chiroptera	Mammalia	Chordata	Myotis nesopolus	2	GCA_054855975.1	reference genome	mMyoNes1.hap2	Chromosome		2011510900	no
2497118	Myotis occultus	Myotis	Vespertilionidae	Chiroptera	Mammalia	Chordata	Myotis occultus	1	GCA_056320795.1	reference genome	mMyoOcc1.0	Chromosome		2042868468	no
2940081	Myotis pilosatibialis	Myotis	Vespertilionidae	Chiroptera	Mammalia	Chordata	Myotis pilosatibialis	2	GCA_057888715.1	reference genome	mMyoPil1.hap1	Chromosome		2067592104	no
385036	Myotis sodalis	Myotis	Vespertilionidae	Chiroptera	Mammalia	Chordata	Myotis sodalis	2	GCA_057945255.1	reference genome	mMyoSod1.hap1	Chromosome		2089674943	no
153287	Myotis thysanodes	Myotis	Vespertilionidae	Chiroptera	Mammalia	Chordata	Myotis thysanodes	1	GCA_056320715.1	reference genome	mMyoThy1.0	Chromosome		2088599800	no
233765	Myotis tricolor	Myotis	Vespertilionidae	Chiroptera	Mammalia	Chordata	Myotis tricolor	2	GCA_054824995.1	reference genome	mMyoTri1.hap1	Chromosome		2144957041	no
9435	Myotis velifer	Myotis	Vespertilionidae	Chiroptera	Mammalia	Chordata	Myotis velifer	1	GCA_056320415.1	reference genome	mMyoVel1.0	Chromosome		2079923857	no
159335	Myotis volans	Myotis	Vespertilionidae	Chiroptera	Mammalia	Chordata	Myotis volans	1	GCA_056320705.1	reference genome	mMyoVol1.0	Chromosome		2096750080	no
8097	Myoxocephalus scorpius	Myoxocephalus	Cottidae	Perciformes	Actinopteri	Chordata	Myoxocephalus scorpius	3	GCA_977012325.1	reference genome	fMyoSco2.1	Chromosome		708078800	no
721872	Myrichthys ocellatus	Myrichthys	Ophichthidae	Anguilliformes	Actinopteri	Chordata	Myrichthys ocellatus	1	GCA_975146105.1	reference genome	fMyrOce1.1	Chromosome		1515200344	no
371672	Myripristis jacobus	Myripristis	Holocentridae	Holocentriformes	Actinopteri	Chordata	Myripristis jacobus	1	GCA_977872305.1	reference genome	fMyrJac1.1	Chromosome		793048247	no
586833	Myripristis murdjan	Myripristis	Holocentridae	Holocentriformes	Actinopteri	Chordata	Myripristis murdjan	2	GCF_902150065.1	reference genome	fMyrMur1.1	Chromosome		835254674	yes
568893	Mystus gulio	Mystus	Bagridae	Siluriformes	Actinopteri	Chordata	Mystus gulio	1	GCA_054643115.1	reference genome	CIBA_Mgul_1.1	Chromosome		706324109	no
1041117	Myuchelys georgesi	Myuchelys	Chelidae	Testudines		Chordata	Myuchelys georgesi	1	GCA_040894355.2	reference genome	rMyuGeo1.pri	Chromosome		1980039302	yes
7769	Myxine glutinosa	Myxine	Myxinidae	Myxiniformes	Myxini	Chordata	Myxine glutinosa	4	GCF_964187855.1	reference genome	kmMyxGlut1.1	Chromosome		3057504053	yes
70543	Myxocyprinus asiaticus	Myxocyprinus	Catostomidae	Cypriniformes	Actinopteri	Chordata	Myxocyprinus asiaticus	2	GCF_019703515.2	reference genome	UBuf_Myxa_2	Chromosome		2340848162	yes
265620	Myzomela cardinalis	Myzomela	Meliphagidae	Passeriformes	Aves	Chordata	Myzomela cardinalis	1	GCA_051294465.1	reference genome	MyzoCard1.0.pri	Chromosome		1261735957	no
1786045	Myzomela tristrami	Myzomela	Meliphagidae	Passeriformes	Aves	Chordata	Myzomela tristrami	1	GCA_051294455.1	reference genome	MyzoTris1.0.pri	Chromosome		1257626521	no
35670	Naja naja	Naja	Elapidae	Squamata	Lepidosauria	Chordata	Naja naja	1	GCA_009733165.1	reference genome	Nana_v5	Chromosome		1768535092	yes
473322	Nannobrachium achirus	Nannobrachium	Myctophidae	Myctophiformes	Actinopteri	Chordata	Nannobrachium achirus	2	GCF_963921795.1	reference genome	fNanAch1.1	Chromosome		1658830932	yes
443705	Nansenia antarctica	Nansenia	Microstomatidae	Argentiniformes	Actinopteri	Chordata	Nansenia antarctica	2	GCF_963989245.1	reference genome	fNanAnt1.1	Chromosome		1085777971	yes
1343680	Narcine bancroftii	Narcine	Narcinidae	Torpediniformes	Chondrichthyes	Chordata	Narcine bancroftii	3	GCF_036971445.1	reference genome	sNarBan1.hap1	Chromosome		3328432768	yes
307038	Narcine brasiliensis	Narcine	Narcinidae	Torpediniformes	Chondrichthyes	Chordata	Narcine brasiliensis	1	GCA_060307235.1	reference genome	LBGP_Nbra_1.0	Chromosome		3142242525	no
43780	Nasalis larvatus	Nasalis	Cercopithecidae	Primates	Mammalia	Chordata	Nasalis larvatus	1	GCA_047834645.1	reference genome	ASM4783464v1	Chromosome		2950091323	yes
27790	Natator depressus	Natator	Cheloniidae	Testudines		Chordata	Natator depressus	3	GCF_965152275.1	reference genome	rNatDep2.hap1	Chromosome		2173430419	yes
2025560	Natrix helvetica	Natrix	Natricidae	Squamata	Lepidosauria	Chordata	Natrix helvetica	2	GCF_964273705.1	reference genome	rNatHel1.hap1.1	Chromosome		1777495310	yes
8585	Natrix maura	Natrix	Natricidae	Squamata	Lepidosauria	Chordata	Natrix maura	1	GCA_964659585.1	reference genome	rNatMau1.1	Chromosome		1738069032	no
3362965	Neatypus obliquus	Neatypus	Kyphosidae	Centrarchiformes	Actinopteri	Chordata	Neatypus obliquus	2	GCA_984650095.1	reference genome	Neatypus obliquus_haplotype_1_assembly	Chromosome		739127349	no
76931	Nemadactylus macropterus	Nemadactylus	Cheilodactylidae	Centrarchiformes	Actinopteri	Chordata	Nemadactylus macropterus	1	GCA_059335135.1	reference genome	CSIRO-AGI_Nmac_v1	Chromosome		582745259	no
76932	Nemadactylus valenciennesi	Nemadactylus	Cheilodactylidae	Centrarchiformes	Actinopteri	Chordata	Nemadactylus valenciennesi	2	GCA_988240365.1	reference genome	Nemadactylus valenciennesi_haplotype_2_assembly	Chromosome		718849286	no
451745	Nematolebias whitei	Nematolebias	Rivulidae	Cyprinodontiformes	Actinopteri	Chordata	Nematolebias whitei	4	GCF_014905685.2	reference genome	NemWhi1	Chromosome		1218316901	yes
445358	Nemipterus japonicus	Nemipterus	Nemipteridae	Spariformes	Actinopteri	Chordata	Nemipterus japonicus	1	GCA_053574625.1	reference genome	ASM5357462v1	Chromosome		721580317	no
443677	Neoarius graeffei	Neoarius	Ariidae	Siluriformes	Actinopteri	Chordata	Neoarius graeffei	2	GCF_027579695.1	reference genome	fNeoGra1.pri	Chromosome		2341916362	yes
7892	Neoceratodus forsteri	Neoceratodus	Ceratodontidae	Ceratodontiformes		Chordata	Neoceratodus forsteri	1	GCA_016271365.2	reference genome	neoFor_v3.1	Chromosome		34557648077	no
771787	Neodon fuscus	Neodon	Cricetidae	Rodentia	Mammalia	Chordata	Neodon fuscus	1	GCA_047571435.1	reference genome	SNNU_Nfu_v1	Chromosome		2264304678	no
3371121	Neoeptesicus chiriquinus	Neoeptesicus	Vespertilionidae	Chiroptera	Mammalia	Chordata	Neoeptesicus chiriquinus	2	GCA_054100705.1	reference genome	mEptChi1.hap1	Chromosome		2167981810	no
3371123	Neoeptesicus furinalis	Neoeptesicus	Vespertilionidae	Chiroptera	Mammalia	Chordata	Neoeptesicus furinalis	2	GCA_054644445.1	reference genome	mEptFur1.hap2	Chromosome		2124553198	no
61452	Neofelis nebulosa	Neofelis	Felidae	Carnivora	Mammalia	Chordata	Neofelis nebulosa	3	GCF_028018385.1	reference genome	mNeoNeb1.pri	Chromosome		2468345093	yes
452646	Neogale vison	Neogale	Mustelidae	Carnivora	Mammalia	Chordata	Neogale vison	4	GCF_020171115.1	reference genome	ASM_NN_V1	Chromosome		2681198719	yes
34800	Neolamprologus brevis	Neolamprologus	Cichlidae	Cichliformes	Actinopteri	Chordata	Neolamprologus brevis	2	GCA_056152245.1	reference genome	ASM5615224v1	Chromosome		905537259	no
32507	Neolamprologus brichardi	Neolamprologus	Cichlidae	Cichliformes	Actinopteri	Chordata	Neolamprologus brichardi	3	GCF_056152115.1	reference genome	ASM5615211v1	Chromosome		872787853	yes
34802	Neolamprologus caudopunctatus	Neolamprologus	Cichlidae	Cichliformes	Actinopteri	Chordata	Neolamprologus caudopunctatus	1	GCA_056152175.1	reference genome	ASM5615217v1	Chromosome		890304934	no
34804	Neolamprologus cylindricus	Neolamprologus	Cichlidae	Cichliformes	Actinopteri	Chordata	Neolamprologus cylindricus	2	GCA_056152165.1	reference genome	ASM5615216v1	Chromosome		886415175	no
420107	Neolamprologus multifasciatus	Neolamprologus	Cichlidae	Cichliformes	Actinopteri	Chordata	Neolamprologus multifasciatus	2	GCF_963576455.1	reference genome	fNeoMul1.2	Chromosome		858770123	yes
32508	Neolamprologus tetracanthus	Neolamprologus	Cichlidae	Cichliformes	Actinopteri	Chordata	Neolamprologus tetracanthus	1	GCA_056152065.1	reference genome	ASM5615206v1	Chromosome		878452901	no
40190	Neolamprologus tretocephalus	Neolamprologus	Cichlidae	Cichliformes	Actinopteri	Chordata	Neolamprologus tretocephalus	2	GCA_056152015.1	reference genome	ASM5615201v1	Chromosome		914944291	no
29088	Neomonachus schauinslandi	Neomonachus	Phocidae	Carnivora	Mammalia	Chordata	Neomonachus schauinslandi	2	GCF_002201575.2	reference genome	ASM220157v2	Chromosome		2419443398	yes
70436	Neopagetopsis ionah	Neopagetopsis	Channichthyidae	Perciformes	Actinopteri	Chordata	Neopagetopsis ionah	1	GCA_058321375.1	reference genome	shou_Ni_1.0	Chromosome		1275058972	no
3370372	Neophocaena sunameri	Neophocaena	Phocoenidae	Artiodactyla	Mammalia	Chordata	Neophocaena sunameri	1	GCA_026225855.1	reference genome	ASM2622585v1	Chromosome		2497825093	no
1028178	Neosalanx brevirostris	Neosalanx	Salangidae	Osmeriformes	Actinopteri	Chordata	Neosalanx brevirostris	1	GCA_044705665.1	reference genome	ASM4470566v1	Chromosome		441338727	no
240825	Neosalanx taihuensis	Neosalanx	Salangidae	Osmeriformes	Actinopteri	Chordata	Neosalanx taihuensis	1	GCA_030340665.1	reference genome	ASM3034066v1	Chromosome		397288650	no
300306	Neostethus bicornis	Neostethus	Phallostethidae	Atheriniformes	Actinopteri	Chordata	Neostethus bicornis	1	GCA_902685375.1	reference genome	fNeoBic2.1	Chromosome		778440790	no
390378	Neosynchiropus ocellatus	Neosynchiropus	Callionymidae	Syngnathiformes	Actinopteri	Chordata	Neosynchiropus ocellatus	2	GCA_044231665.1	reference genome	SynOce1_v1.hap1	Chromosome		470074369	yes
42409	Neotoma floridana	Neotoma	Cricetidae	Rodentia	Mammalia	Chordata	Neotoma floridana	2	GCA_050000055.1	reference genome	mNeoFlo1.hap1	Chromosome		3228206949	no
546530	Nerophis lumbriciformis	Nerophis	Syngnathidae	Syngnathiformes	Actinopteri	Chordata	Nerophis lumbriciformis	2	GCF_033978685.3	reference genome	RoL_Nlum_v2.1	Chromosome		1774801482	yes
159077	Nerophis ophidion	Nerophis	Syngnathidae	Syngnathiformes	Actinopteri	Chordata	Nerophis ophidion	2	GCF_033978795.1	reference genome	RoL_Noph_v1.0	Chromosome		1845757181	yes
187126	Nesoenas mayeri	Nesoenas	Columbidae	Columbiformes	Aves	Chordata	Nesoenas mayeri	2	GCF_963082525.1	reference genome	bNesMay2.1	Chromosome		1183254979	yes
189506	Nessorhamphus ingolfianus	Nessorhamphus	Derichthyidae	Anguilliformes	Actinopteri	Chordata	Nessorhamphus ingolfianus	1	GCA_987430295.1	reference genome	fNesIng1.1	Chromosome		2393544807	no
30387	Netta rufina	Netta	Anatidae	Anseriformes	Aves	Chordata	Netta rufina	2	GCF_964035555.1	reference genome	bNetRuf1.1	Chromosome		1166961997	yes
658922	Nettapus auritus	Nettapus	Anatidae	Anseriformes	Aves	Chordata	Nettapus auritus	1	GCA_011076525.1	reference genome	BPBGC_Naur_1.0	Chromosome		1134521068	no
240163	Nibea albiflora	Nibea	Sciaenidae		Actinopteri	Chordata	Nibea albiflora	2	GCA_014281875.1	reference genome	ASM1428187v1	Chromosome		627578634	yes
396775	Nibea coibor	Nibea	Sciaenidae		Actinopteri	Chordata	Nibea coibor	1	GCA_023373845.1	reference genome	ASM2337384v1	Chromosome		627611732	no
311526	Nimbochromis linni	Nimbochromis	Cichlidae	Cichliformes	Actinopteri	Chordata	Nimbochromis linni	1	GCA_988222575.1	reference genome	fNimLin1.pri	Chromosome		953244001	no
128390	Nipponia nippon	Nipponia	Threskiornithidae	Pelecaniformes	Aves	Chordata	Nipponia nippon	1	GCA_035839065.1		ASM3583906v1	Chromosome		1306321373	no
61853	Nomascus leucogenys	Nomascus	Hylobatidae	Primates	Mammalia	Chordata	Nomascus leucogenys	6	GCF_006542625.1	reference genome	Asia_NLE_v1	Chromosome		2843966406	yes
9315	Notamacropus eugenii	Notamacropus	Macropodidae	Diprotodontia	Mammalia	Chordata	Notamacropus eugenii	3	GCF_028372415.1	reference genome	mMacEug1.pri_v2	Chromosome		3447464908	yes
8663	Notechis scutatus	Notechis	Elapidae	Squamata	Lepidosauria	Chordata	Notechis scutatus	2	GCF_049901735.1	reference genome	rNotScu1.2	Chromosome		1533955903	yes
105023	Nothobranchius furzeri	Nothobranchius	Nothobranchiidae	Cyprinodontiformes	Actinopteri	Chordata	Nothobranchius furzeri	4	GCF_043380555.1	reference genome	NfurGRZ-RIMD1	Chromosome		1479182959	yes
1203425	Notolabrus celidotus	Notolabrus	Labridae	Labriformes	Actinopteri	Chordata	Notolabrus celidotus	2	GCF_009762535.1	reference genome	fNotCel1.pri	Chromosome		846744125	yes
248063	Notolabrus parilus	Notolabrus	Labridae	Labriformes	Actinopteri	Chordata	Notolabrus parilus	2	GCA_988263725.1	reference genome	Notolabrus parilus_haplotype_1_assembly	Chromosome		860360493	no
948063	Notolepis coatsorum	Notolepis	Paralepididae	Aulopiformes	Actinopteri	Chordata	Notolepis coatsorum	2	GCF_963971535.1	reference genome	fNotCoa1.1	Chromosome		3427786127	yes
37699	Notoryctes typhlops	Notoryctes	Notoryctidae	Notoryctemorphia	Mammalia	Chordata	Notoryctes typhlops	1	GCA_048126345.2	reference genome	mNotTyp1.pri	Chromosome		3845125805	no
8210	Notothenia angustata	Notothenia	Nototheniidae	Perciformes	Actinopteri	Chordata	Notothenia angustata	1	GCA_053525255.1	reference genome	UIUC_pang_4	Chromosome		1001857024	no
8208	Notothenia coriiceps	Notothenia	Nototheniidae	Perciformes	Actinopteri	Chordata	Notothenia coriiceps	1	GCA_053567765.1		UIUC_ncor_1	Chromosome		1124817320	no
101497	Notothenia rossii	Notothenia	Nototheniidae	Perciformes	Actinopteri	Chordata	Notothenia rossii	3	GCF_949606895.1	reference genome	fNotRos5.1	Chromosome		1042884354	yes
8996	Numida meleagris	Numida	Numididae	Galliformes	Aves	Chordata	Numida meleagris	2	GCF_002078875.1	reference genome	NumMel1.0	Chromosome		1043247365	yes
187010	Nyctalus aviator	Nyctalus	Vespertilionidae	Chiroptera	Mammalia	Chordata	Nyctalus aviator	1	GCA_036971965.2	reference genome	NENU_Navi_2.0	Chromosome		1776615751	no
59465	Nyctalus leisleri	Nyctalus	Vespertilionidae	Chiroptera	Mammalia	Chordata	Nyctalus leisleri	1	GCA_964264875.2	reference genome	mNycLei1.hap1.2	Chromosome		2226320811	no
48427	Nyctibius grandis	Nyctibius	Nyctibiidae	Nyctibiiformes	Aves	Chordata	Nyctibius grandis	2	GCF_013368605.1	reference genome	bNycGra1.pri	Chromosome		1256393467	yes
261741	Nycticebus bengalensis	Nycticebus	Lorisidae	Primates	Mammalia	Chordata	Nycticebus bengalensis	1	GCA_023898255.1	reference genome	ASM2389825v1	Chromosome		2856254458	no
9470	Nycticebus coucang	Nycticebus	Lorisidae	Primates	Mammalia	Chordata	Nycticebus coucang	2	GCF_027406575.1	reference genome	mNycCou1.pri	Chromosome		2917154053	yes
143615	Ochetobius elongatus	Ochetobius	Xenocyprididae	Cypriniformes	Actinopteri	Chordata	Ochetobius elongatus	2	GCA_047495795.1	reference genome	ASM4749579v1	Chromosome		882845929	no
9978	Ochotona princeps	Ochotona	Ochotonidae	Lagomorpha	Mammalia	Chordata	Ochotona princeps	5	GCF_030435755.1	reference genome	mOchPri1.hap1	Chromosome		2555444530	yes
40499	Ocyurus chrysurus	Ocyurus	Lutjanidae	Lutjaniformes	Actinopteri	Chordata	Ocyurus chrysurus	1	GCA_977019275.1	reference genome	fOcyChr1.1	Chromosome		1030874922	no
9872	Odocoileus hemionus	Odocoileus	Cervidae	Artiodactyla	Mammalia	Chordata	Odocoileus hemionus	1	GCA_020976825.1	reference genome	BYU_Ohem_2021	Chromosome		2609301826	no
9874	Odocoileus virginianus	Odocoileus	Cervidae	Artiodactyla	Mammalia	Chordata	Odocoileus virginianus	2	GCF_023699985.2	reference genome	Ovbor_1.2	Chromosome		2423246854	yes
714202	Odontamblyopus lacepedii	Odontamblyopus	Gobiidae	Gobiiformes	Actinopteri	Chordata	Odontamblyopus lacepedii	2	GCA_034769755.1	reference genome	ASM3476975v1	Chromosome		963284094	no
714203	Odontamblyopus rebecca	Odontamblyopus	Gobiidae	Gobiiformes	Actinopteri	Chordata	Odontamblyopus rebecca	1	GCA_030686955.1	reference genome	ASM3068695v1	Chromosome		918570899	no
219752	Odontesthes bonariensis	Odontesthes	Atherinopsidae	Atheriniformes	Actinopteri	Chordata	Odontesthes bonariensis	2	GCF_027942865.1	reference genome	fOdoBon6.hap1	Chromosome		945823896	yes
357168	Odontobutis sinensis	Odontobutis	Odontobutidae	Gobiiformes	Actinopteri	Chordata	Odontobutis sinensis	1	GCA_055853695.1	reference genome	ASM5585369v1	Chromosome		1139483254	no
115679	Oena capensis	Oena	Columbidae	Columbiformes	Aves	Chordata	Oena capensis	2	GCA_059802365.1	reference genome	bOenCap1.hap1	Chromosome		1302221500	yes
2939378	Oenanthe melanoleuca	Oenanthe	Muscicapidae	Passeriformes	Aves	Chordata	Oenanthe melanoleuca	2	GCF_029582105.1	reference genome	OMel1.0	Chromosome		1036256795	yes
279966	Oenanthe oenanthe	Oenanthe	Muscicapidae	Passeriformes	Aves	Chordata	Oenanthe oenanthe	1	GCA_987359165.1	reference genome	bOenOen1.hap1.1	Chromosome		1320629748	no
432798	Okamejei kenojei	Okamejei	Rajidae	Rajiformes	Chondrichthyes	Chordata	Okamejei kenojei	2	GCA_035221665.1	reference genome	ASM3522166v1	Chromosome		2756528269	no
86973	Okapia johnstoni	Okapia	Giraffidae	Artiodactyla	Mammalia	Chordata	Okapia johnstoni	1	GCA_024291935.2	reference genome	TBG_Okapi_asm_v1	Chromosome		2387734228	no
37017	Oligoryzomys nigripes	Oligoryzomys	Cricetidae	Rodentia	Mammalia	Chordata	Oligoryzomys nigripes	2	GCA_057876635.1	reference genome	mOliNig2.hap1	Chromosome		2630952794	no
1605466	Olisthops cyanomelas	Olisthops	Odacidae	Labriformes	Actinopteri	Chordata	Olisthops cyanomelas	2	GCA_984755515.1	reference genome	Olisthops cyanomelas_haplotype_2_assembly	Chromosome		682342290	no
30962	Oncorhynchus clarkii	Oncorhynchus	Salmonidae	Salmoniformes	Actinopteri	Chordata	Oncorhynchus clarkii lewisi	4	GCF_045791955.1	reference genome	UVic_Ocla_1.0	Chromosome		2404487246	yes
64185	Oncorhynchus gilae	Oncorhynchus	Salmonidae	Salmoniformes	Actinopteri	Chordata	Oncorhynchus gilae	1	GCA_055814465.1	reference genome	ASM5581446v1	Chromosome		2323820290	no
8017	Oncorhynchus gorbuscha	Oncorhynchus	Salmonidae	Salmoniformes	Actinopteri	Chordata	Oncorhynchus gorbuscha	2	GCF_021184085.1	reference genome	OgorEven_v1.0	Chromosome		2690266878	yes
8018	Oncorhynchus keta	Oncorhynchus	Salmonidae	Salmoniformes	Actinopteri	Chordata	Oncorhynchus keta	2	GCF_023373465.1	reference genome	Oket_V2	Chromosome		2556461070	yes
8019	Oncorhynchus kisutch	Oncorhynchus	Salmonidae	Salmoniformes	Actinopteri	Chordata	Oncorhynchus kisutch	2	GCF_002021735.2	reference genome	Okis_V2	Chromosome		2375894934	yes
8020	Oncorhynchus masou	Oncorhynchus	Salmonidae	Salmoniformes	Actinopteri	Chordata	Oncorhynchus masou masou	4	GCF_036934945.1	reference genome	UVic_Omas_1.1	Chromosome		2664785840	yes
8022	Oncorhynchus mykiss	Oncorhynchus	Salmonidae	Salmoniformes	Actinopteri	Chordata	Oncorhynchus mykiss	7	GCF_013265735.2	reference genome	USDA_OmykA_1.1	Chromosome		2341671972	yes
8023	Oncorhynchus nerka	Oncorhynchus	Salmonidae	Salmoniformes	Actinopteri	Chordata	Oncorhynchus nerka	2	GCF_034236695.1	reference genome	Oner_Uvic_2.0	Chromosome		2645619652	yes
74940	Oncorhynchus tshawytscha	Oncorhynchus	Salmonidae	Salmoniformes	Actinopteri	Chordata	Oncorhynchus tshawytscha	4	GCF_018296145.1	reference genome	Otsh_v2.0	Chromosome		2294842546	yes
38679	Onychomys arenicola	Onychomys	Cricetidae	Rodentia	Mammalia	Chordata	Onychomys arenicola	2	GCA_949786405.1	reference genome	OncAre_H1_v1	Chromosome		2871851351	no
38668	Onychomys leucogaster	Onychomys	Cricetidae	Rodentia	Mammalia	Chordata	Onychomys leucogaster	2	GCA_949786385.1	reference genome	OncLeu_H2_v1	Chromosome		3152994889	no
38674	Onychomys torridus	Onychomys	Cricetidae	Rodentia	Mammalia	Chordata	Onychomys torridus	3	GCF_903995425.1	reference genome	mOncTor1.1	Chromosome		2468394440	yes
670200	Onychostoma lini	Onychostoma	Cyprinidae	Cypriniformes	Actinopteri	Chordata	Onychostoma lini	1	GCA_059333425.2	reference genome	ASM5933342v2	Chromosome		907449886	no
369639	Onychostoma macrolepis	Onychostoma	Cyprinidae	Cypriniformes	Actinopteri	Chordata	Onychostoma macrolepis	3	GCF_012432095.1	reference genome	ASM1243209v1	Chromosome		886569841	yes
879514	Ophioblennius macclurei	Ophioblennius	Blenniidae	Blenniiformes	Actinopteri	Chordata	Ophioblennius macclurei	1	GCA_966212585.1	reference genome	O_macclurei_assembly	Chromosome		529681505	yes
941694	Ophthalmolebias constanciae	Ophthalmolebias	Rivulidae	Cyprinodontiformes	Actinopteri	Chordata	Ophthalmolebias constanciae	2	GCA_058774925.1	reference genome	fOphCon1.hap1	Chromosome		1900758768	no
241325	Ophthalmolepis lineolata	Ophthalmolepis	Labridae	Labriformes	Actinopteri	Chordata	Ophthalmolepis lineolata	2	GCA_988240305.1	reference genome	Ophthalmolepis lineolata_haplotype_2_assembly	Chromosome		731594160	no
30419	Opisthocomus hoazin	Opisthocomus	Opisthocomidae	Opisthocomiformes	Aves	Chordata	Opisthocomus hoazin	3	GCF_030867145.1	reference genome	bOpiHoa1.hap1	Chromosome		1482459898	yes
95145	Opsanus beta	Opsanus	Batrachoididae	Batrachoidiformes	Actinopteri	Chordata	Opsanus beta	1	GCA_040802735.1	reference genome	UM_OBeta_2.1	Chromosome		2151823914	no
141458	Opsariichthys bidens	Opsariichthys	Xenocyprididae	Cypriniformes	Actinopteri	Chordata	Opsariichthys bidens	6	GCA_060251745.1	reference genome	HZAU_OBidYY_1.0	Complete Genome		872877930	no
486222	Opsariichthys evolans	Opsariichthys	Xenocyprididae	Cypriniformes	Actinopteri	Chordata	Opsariichthys evolans	1	GCA_056506465.1		ASM5650646v1	Chromosome		920536137	no
239087	Opsariichthys pachycephalus	Opsariichthys	Xenocyprididae	Cypriniformes	Actinopteri	Chordata	Opsariichthys pachycephalus	1	GCA_056506455.1	reference genome	ASM5650645v1	Chromosome		916581914	no
9733	Orcinus orca	Orcinus	Delphinidae	Artiodactyla	Mammalia	Chordata	Orcinus orca	2	GCF_937001465.1	reference genome	mOrcOrc1.1	Chromosome		2647335075	yes
582430	Orectolobus wardi	Orectolobus	Orectolobidae	Orectolobiformes	Chondrichthyes	Chordata	Orectolobus wardi	2	GCA_988240325.1	reference genome	Orectolobus wardi_haplotype_2_assembly	Chromosome		3812867176	no
47969	Oreochromis aureus	Oreochromis	Cichlidae	Cichliformes	Actinopteri	Chordata	Oreochromis aureus	4	GCF_013358895.1	reference genome	ZZ_aureus	Chromosome		1005558595	yes
8128	Oreochromis niloticus	Oreochromis	Cichlidae	Cichliformes	Actinopteri	Chordata	Oreochromis niloticus	6	GCF_001858045.2	reference genome	O_niloticus_UMD_NMBU	Chromosome		1005664923	yes
1886673	Oreonectes daqikongensis	Oreonectes	Nemacheilidae	Cypriniformes	Actinopteri	Chordata	Oreonectes daqikongensis	1	GCA_052426585.1	reference genome	IHB_Slab_Bing_1.1	Chromosome		615149081	no
341095	Oreonectes platycephalus	Oreonectes	Nemacheilidae	Cypriniformes	Actinopteri	Chordata	Oreonectes platycephalus	2	GCA_045838175.1	reference genome	ASM4583817v1	Chromosome		565681107	no
9258	Ornithorhynchus anatinus	Ornithorhynchus	Ornithorhynchidae	Monotremata	Mammalia	Chordata	Ornithorhynchus anatinus	2	GCF_004115215.2	reference genome	mOrnAna1.pri.v4	Chromosome		1859264908	yes
9818	Orycteropus afer	Orycteropus	Orycteropodidae	Tubulidentata	Mammalia	Chordata	Orycteropus afer	2	GCA_054668755.1		mOryAfe1.hap2	Chromosome		4292536414	no
9986	Oryctolagus cuniculus	Oryctolagus	Leporidae	Lagomorpha	Mammalia	Chordata	Oryctolagus cuniculus	11	GCF_964237555.1	reference genome	mOryCun1.1	Chromosome		2804657419	yes
104658	Oryzias curvinotus	Oryzias	Adrianichthyidae	Beloniformes	Actinopteri	Chordata	Oryzias curvinotus	1	GCA_023969325.1	reference genome	ASM2396932v1	Chromosome		842020597	no
123683	Oryzias javanicus	Oryzias	Adrianichthyidae	Beloniformes	Actinopteri	Chordata	Oryzias javanicus	1	GCA_003999625.1	reference genome	OJAV_1.1	Chromosome		809679899	yes
8090	Oryzias latipes	Oryzias	Adrianichthyidae	Beloniformes	Actinopteri	Chordata	Oryzias latipes	13	GCF_053564925.1	reference genome	Olatipes_Hd-rR_3.1	Chromosome		863417014	yes
30732	Oryzias melastigma	Oryzias	Adrianichthyidae	Beloniformes	Actinopteri	Chordata	Oryzias melastigma	2	GCF_002922805.2	reference genome	ASM292280v2	Chromosome		778686656	yes
183150	Oryzias sinensis	Oryzias	Adrianichthyidae	Beloniformes	Actinopteri	Chordata	Oryzias sinensis	1	GCA_037389245.1	reference genome	ASM3738924v1	Chromosome		796851077	no
29151	Osmerus eperlanus	Osmerus	Osmeridae	Osmeriformes	Actinopteri	Chordata	Osmerus eperlanus	2	GCF_963692335.1	reference genome	fOsmEpe2.1	Chromosome		508721272	yes
8014	Osmerus mordax	Osmerus	Osmeridae	Osmeriformes	Actinopteri	Chordata	Osmerus mordax	2	GCF_038355195.1	reference genome	fOsmMor3.pri	Chromosome		497673479	yes
109271	Osteoglossum bicirrhosum	Osteoglossum	Osteoglossidae	Osteoglossiformes	Actinopteri	Chordata	Osteoglossum bicirrhosum	2	GCA_047301455.1	reference genome	ASM4730145v1	Chromosome		752113692	no
55109	Osteoglossum ferreirai	Osteoglossum	Osteoglossidae	Osteoglossiformes	Actinopteri	Chordata	Osteoglossum ferreirai	1	GCA_054883355.1	reference genome	ASM5488335v1	Chromosome		750223182	no
229058	Ostracion cubicum	Ostracion	Ostraciidae	Tetraodontiformes	Actinopteri	Chordata	Ostracion cubicum	1	GCA_051312715.1	reference genome	Ocu_v1	Chromosome		837962540	no
187130	Otidiphaps nobilis	Otidiphaps	Columbidae	Columbiformes	Aves	Chordata	Otidiphaps nobilis	2	GCA_060712355.1	reference genome	bOtiNob1.hap1	Chromosome		1224495948	no
73107	Otis tarda	Otis	Otididae	Otidiformes	Aves	Chordata	Otis tarda	2	GCA_026413225.1	reference genome	OTswu	Chromosome		1198259872	no
61408	Otocolobus manul	Otocolobus	Felidae	Carnivora	Mammalia	Chordata	Otocolobus manul	2	GCA_028564725.2	reference genome	OtoMan_p1.0	Chromosome		2487665568	no
34862	Otospermophilus beecheyi	Otospermophilus	Sciuridae	Rodentia	Mammalia	Chordata	Otospermophilus beecheyi	1	GCA_051821045.1	reference genome	Obeecheyi_v1	Chromosome		2269446536	no
30527	Ovis ammon	Ovis	Bovidae	Artiodactyla	Mammalia	Chordata	Ovis ammon polii	3	GCA_028583565.1	reference genome	CAU_O.ammon polii_1.0	Chromosome		2664279918	yes
2918886	Ovis ammon polii x Ovis aries	Ovis	Bovidae	Artiodactyla	Mammalia	Chordata	Ovis ammon polii x Ovis aries	2	GCA_023701675.1	reference genome	CAU_F1_maternal_1.0	Chromosome		2970496992	yes
9940	Ovis aries	Ovis	Bovidae	Artiodactyla	Mammalia	Chordata	Ovis aries	35	GCF_016772045.2	reference genome	ARS-UI_Ramb_v3.0	Chromosome		2654047367	yes
37174	Ovis canadensis	Ovis	Bovidae	Artiodactyla	Mammalia	Chordata	Ovis canadensis	2	GCF_042477335.2	reference genome	ARS-UI_OviCan_v2	Chromosome		2974267070	yes
469796	Ovis orientalis	Ovis	Bovidae	Artiodactyla	Mammalia	Chordata	Ovis orientalis	1	GCA_014523465.1	reference genome	CAU_Oori_1.0	Chromosome		2652567896	no
241329	Oxycheilinus unifasciatus	Oxycheilinus	Labridae	Labriformes	Actinopteri	Chordata	Oxycheilinus unifasciatus	2	GCA_988241165.1	reference genome	Oxycheilinus unifasciatus_haplotype_2_assembly	Chromosome		1027193449	no
86250	Oxyeleotris marmorata	Oxyeleotris	Eleotridae	Gobiiformes	Actinopteri	Chordata	Oxyeleotris marmorata	1	GCA_040285405.1	reference genome	O_marmorata v1.0	Chromosome		1068446221	no
8884	Oxyura jamaicensis	Oxyura	Anatidae	Anseriformes	Aves	Chordata	Oxyura jamaicensis	2	GCF_011077185.1	reference genome	BPBGC_Ojam_1.0	Chromosome		1147585764	yes
2823901	Pachycara angeloi	Pachycara	Zoarcidae	Perciformes	Actinopteri	Chordata	Pachycara angeloi	1	GCA_048544875.1	reference genome	ASM4854487v1	Chromosome		618210609	no
98817	Pagellus acarne	Pagellus	Sparidae	Spariformes	Actinopteri	Chordata	Pagellus acarne	1	GCA_987348135.1	reference genome	fPagAca1.1	Chromosome		790570739	no
98819	Pagellus bogaraveo	Pagellus	Sparidae	Spariformes	Actinopteri	Chordata	Pagellus bogaraveo	1	GCA_979666705.1	reference genome	fPagBog1.1	Chromosome		849831186	no
50593	Pagellus erythrinus	Pagellus	Sparidae	Spariformes	Actinopteri	Chordata	Pagellus erythrinus	1	GCA_965643245.1	reference genome	fPagEry1.1	Chromosome		765650454	no
8213	Pagothenia borchgrevinki	Pagothenia	Nototheniidae	Perciformes	Actinopteri	Chordata	Pagothenia borchgrevinki	1	GCA_044885175.1	reference genome	PborFfbFv9	Chromosome		935120776	yes
143350	Pagrus major	Pagrus	Sparidae	Spariformes	Actinopteri	Chordata	Pagrus major	2	GCF_040436345.1	reference genome	Pma_NU_1.0	Chromosome		785972034	yes
8173	Pagrus pagrus	Pagrus	Sparidae	Spariformes	Actinopteri	Chordata	Pagrus pagrus	2	GCF_965226575.1	reference genome	fPagPag1.hap1.1	Chromosome		825682423	yes
9675	Paguma larvata	Paguma	Viverridae	Carnivora	Mammalia	Chordata	Paguma larvata	1	GCA_030068075.1	reference genome	ASM3006807v1	Chromosome		2437414291	no
161718	Palea steindachneri	Palea	Trionychidae	Testudines		Chordata	Palea steindachneri	1	GCA_054135685.1	reference genome	ASM5413568v1	Chromosome		2225109576	no
206143	Pampus argenteus	Pampus	Stromateidae	Scombriformes	Actinopteri	Chordata	Pampus argenteus	5	GCA_059058955.1	reference genome	ASM5905895v1	Chromosome		556148782	no
454057	Pampus cinereus	Pampus	Stromateidae	Scombriformes	Actinopteri	Chordata	Pampus cinereus	1	GCA_059058945.1	reference genome	ASM5905894v1	Chromosome		572945019	no
316145	Pampus punctatissimus	Pampus	Stromateidae	Scombriformes	Actinopteri	Chordata	Pampus punctatissimus	1	GCA_054574765.1	reference genome	ASM5457476v1	Chromosome		572945019	yes
2953435	Pampusana sanctaecrucis	Pampusana	Columbidae	Columbiformes	Aves	Chordata	Pampusana sanctaecrucis	2	GCA_059801495.1	reference genome	bPamSan1.hap1	Chromosome		1350019024	yes
9597	Pan paniscus	Pan	Hominidae	Primates	Mammalia	Chordata	Pan paniscus	7	GCF_029289425.2	reference genome	NHGRI_mPanPan1-v2.1_pri	Chromosome		3244888708	yes
9598	Pan troglodytes	Pan	Hominidae	Primates	Mammalia	Chordata	Pan troglodytes	4	GCF_028858775.2	reference genome	NHGRI_mPanTro3-v2.1_pri	Chromosome		3177739762	yes
310915	Pangasianodon hypophthalmus	Pangasianodon	Pangasiidae	Siluriformes	Actinopteri	Chordata	Pangasianodon hypophthalmus	7	GCF_027358585.1	reference genome	fPanHyp1.pri	Chromosome		764974446	yes
365581	Pangasius sanitwongsei	Pangasius	Pangasiidae	Siluriformes	Actinopteri	Chordata	Pangasius sanitwongsei	1	GCA_051225755.1	reference genome	ASM5122575v1	Chromosome		808852175	no
260642	Pangshura tecta	Pangshura	Geoemydidae	Testudines		Chordata	Pangshura tecta	2	GCA_045781095.1	reference genome	rPanTec1.hap1	Chromosome		2165924875	no
9689	Panthera leo	Panthera	Felidae	Carnivora	Mammalia	Chordata	Panthera leo	5	GCF_018350215.1	reference genome	P.leo_Ple1_pat1.1	Chromosome		2297552363	yes
9690	Panthera onca	Panthera	Felidae	Carnivora	Mammalia	Chordata	Panthera onca	4	GCF_046562875.1	reference genome	mPanOnc1 haplotype 2	Chromosome		2487960463	yes
9694	Panthera tigris	Panthera	Felidae	Carnivora	Mammalia	Chordata	Panthera tigris	5	GCF_018350195.1	reference genome	P.tigris_Pti1_mat1.1	Chromosome		2408678698	yes
29064	Panthera uncia	Panthera	Felidae	Carnivora	Mammalia	Chordata	Panthera uncia	4	GCF_023721935.1	reference genome	Puncia_PCG_1.0	Chromosome		2433972596	yes
94885	Pantherophis guttatus	Pantherophis	Colubridae	Squamata	Lepidosauria	Chordata	Pantherophis guttatus	2	GCF_059756535.1	reference genome	ASM5975653v1	Chromosome		1681414805	yes
648198	Pantherophis spiloides	Pantherophis	Colubridae	Squamata	Lepidosauria	Chordata	Pantherophis spiloides	1	GCA_037575465.2	reference genome	rPanSpi1_p1.2	Chromosome		1889722296	no
59538	Pantholops hodgsonii	Pantholops	Bovidae	Artiodactyla	Mammalia	Chordata	Pantholops hodgsonii	1	GCA_040182635.1	reference genome	NWIPB_Pahodg_1.0	Chromosome		3139646730	no
8276	Pantodon buchholzi	Pantodon	Pantodontidae	Osteoglossiformes	Actinopteri	Chordata	Pantodon buchholzi	2	GCA_059756545.1	reference genome	fPanBuc1.hap1	Chromosome		532048786	no
1820603	Pao palembangensis	Pao	Tetraodontidae	Tetraodontiformes	Actinopteri	Chordata	Pao palembangensis	1	GCA_015343265.1	reference genome	ASM1534326v1	Chromosome		356041988	no
9555	Papio anubis	Papio	Cercopithecidae	Primates	Mammalia	Chordata	Papio anubis	3	GCF_008728515.1	reference genome	Panubis1.0	Chromosome		2869804647	yes
171871	Parablennius gattorugine	Parablennius	Blenniidae	Blenniiformes	Actinopteri	Chordata	Parablennius gattorugine	1	GCA_965278395.1	reference genome	fParGat1.1	Chromosome		768153087	no
195081	Parablennius pilicornis	Parablennius	Blenniidae	Blenniiformes	Actinopteri	Chordata	Parablennius pilicornis	1	GCA_988194615.1	reference genome	fParPil1.1	Chromosome		757655063	no
152550	Parablennius zvonimiri	Parablennius	Blenniidae	Blenniiformes	Actinopteri	Chordata	Parablennius zvonimiri	1	GCA_982586725.1	reference genome	fParZvo1.1	Chromosome		791958031	no
1173609	Parabotia bimaculata	Parabotia	Botiidae	Cypriniformes	Actinopteri	Chordata	Parabotia bimaculata	1	GCA_054883495.1	reference genome	ASM5488349v1	Chromosome		608385219	no
75358	Parabramis pekinensis	Parabramis	Xenocyprididae	Cypriniformes	Actinopteri	Chordata	Parabramis pekinensis	2	GCA_057375095.1	reference genome	BGI_Ppek_1.0	Complete Genome		1020976777	no
291819	Paracanthobrama guichenoti	Paracanthobrama	Gobionidae	Cypriniformes	Actinopteri	Chordata	Paracanthobrama guichenoti	1	GCA_018749465.1	reference genome	ASM1874946v1	Chromosome		1087742959	no
75030	Paracanthurus hepatus	Paracanthurus	Acanthuridae	Acanthuriformes	Actinopteri	Chordata	Paracanthurus hepatus	2	GCA_988280625.1	reference genome	Paracanthurus hepatus_haplotype_2_assembly	Chromosome		661859321	no
304449	Parachanna obscura	Parachanna	Channidae	Anabantiformes	Actinopteri	Chordata	Parachanna obscura	1	GCA_060808335.1	reference genome	ASM6080833v1	Chromosome		678406369	no
172535	Parachromis managuensis	Parachromis	Cichlidae	Cichliformes	Actinopteri	Chordata	Parachromis managuensis	1	GCA_040437545.1	reference genome	ASM4043754v1	Chromosome		896662747	no
2968237	Paraclinus nigripinnis	Paraclinus	Labrisomidae	Blenniiformes	Actinopteri	Chordata	Paraclinus nigripinnis	1	GCA_984586885.1	reference genome	fParNin1.1	Chromosome		564625007	no
147646	Paralabrax maculatofasciatus	Paralabrax	Serranidae	Perciformes	Actinopteri	Chordata	Paralabrax maculatofasciatus	1	GCA_059582865.1	reference genome	CSULA_Pmac_1.0	Chromosome		845970305	no
8255	Paralichthys olivaceus	Paralichthys	Paralichthyidae	Pleuronectiformes	Actinopteri	Chordata	Paralichthys olivaceus	8	GCF_024713975.1	reference genome	ASM2471397v2	Chromosome		588170514	yes
210632	Parambassis ranga	Parambassis	Ambassidae		Actinopteri	Chordata	Parambassis ranga	2	GCF_900634625.2	reference genome	fParRan2.2	Chromosome		551012959	yes
90735	Paramisgurnus dabryanus	Paramisgurnus	Cobitidae	Cypriniformes	Actinopteri	Chordata	Paramisgurnus dabryanus	2	GCF_030506205.2	reference genome	PD_genome_1.1	Chromosome		1043469091	yes
1676925	Paramormyrops kingsleyae	Paramormyrops	Mormyridae	Osteoglossiformes	Actinopteri	Chordata	Paramormyrops kingsleyae	2	GCF_048594095.1	reference genome	PKINGS_0.4	Chromosome		933939706	yes
548269	Parequula melbournensis	Parequula	Gerreidae	Gerreiformes	Actinopteri	Chordata	Parequula melbournensis	2	GCA_984656905.1	reference genome	Parequula melbournensis_haplotype_1_assembly	Chromosome		602936613	no
221673	Pareuchiloglanis anteanalis	Pareuchiloglanis	Sisoridae	Siluriformes	Actinopteri	Chordata	Pareuchiloglanis anteanalis	2	GCA_054960265.1	reference genome	ASM5496026v1	Chromosome		873934115	no
143630	Paroedura picta	Paroedura	Gekkonidae	Squamata	Lepidosauria	Chordata	Paroedura picta	2	GCF_049243985.1	reference genome	Ppicta_v3.0	Chromosome		1751518920	yes
2862834	Parupeneus biaculeatus	Parupeneus	Mullidae	Syngnathiformes	Actinopteri	Chordata	Parupeneus biaculeatus	1	GCA_042823925.3	reference genome	ASM4282392v3	Chromosome		657652599	no
9157	Parus major	Parus	Paridae	Passeriformes	Aves	Chordata	Parus major	5	GCF_001522545.3	reference genome	Parus_major1.1	Chromosome		1020293992	yes
48849	Passer domesticus	Passer	Passeridae	Passeriformes	Aves	Chordata	Passer domesticus	4	GCF_036417665.1	reference genome	bPasDom1.hap1	Chromosome		1310114252	yes
161624	Passerculus sandwichensis	Passerculus	Passerellidae	Passeriformes	Aves	Chordata	Passerculus sandwichensis	1	GCA_031885435.1	reference genome	bPasSan2.pri	Chromosome		1270923488	yes
372332	Patagioenas cayennensis	Patagioenas	Columbidae	Columbiformes	Aves	Chordata	Patagioenas cayennensis	2	GCA_058971685.1	reference genome	bPatCay1.hap2	Chromosome		1084159267	yes
372321	Patagioenas fasciata	Patagioenas	Columbidae	Columbiformes	Aves	Chordata	Patagioenas fasciata	3	GCF_037038585.1	reference genome	bPatFas1.hap1	Chromosome		1454324034	yes
3711734	Patagioenas fasciata x Patagioenas picazuro	Patagioenas	Columbidae	Columbiformes	Aves	Chordata	Patagioenas fasciata x Patagioenas picazuro	2	GCA_059802585.1		bPatFas27.hap2	Chromosome		1267888130	yes
372311	Patagioenas leucocephala	Patagioenas	Columbidae	Columbiformes	Aves	Chordata	Patagioenas leucocephala	2	GCA_059453235.1	reference genome	bPatLeu1.hap2	Chromosome		1090775422	yes
372318	Patagioenas maculosa	Patagioenas	Columbidae	Columbiformes	Aves	Chordata	Patagioenas maculosa albipennis	2	GCA_059453245.1	reference genome	bPatAlb1.hap1	Chromosome		1180944852	yes
372314	Patagioenas picazuro	Patagioenas	Columbidae	Columbiformes	Aves	Chordata	Patagioenas picazuro	2	GCA_060040005.1	reference genome	bPatPic1.hap1	Chromosome		1243915561	yes
372313	Patagioenas speciosa	Patagioenas	Columbidae	Columbiformes	Aves	Chordata	Patagioenas speciosa	2	GCA_060039905.1	reference genome	bPatSpe1.hap1	Chromosome		1279218069	yes
372312	Patagioenas squamosa	Patagioenas	Columbidae	Columbiformes	Aves	Chordata	Patagioenas squamosa	2	GCA_059453325.1	reference genome	bPatSqu1.hap2	Chromosome		1100600544	yes
9049	Pavo cristatus	Pavo	Phasianidae	Galliformes	Aves	Chordata	Pavo cristatus	2	GCA_045791835.1	reference genome	ASM4579183v1	Chromosome		1041763075	no
36300	Pelecanus crispus	Pelecanus	Pelecanidae	Pelecaniformes	Aves	Chordata	Pelecanus crispus	2	GCF_030463565.1	reference genome	bPelCri1.pri	Chromosome		1314568463	yes
158779	Pelmatolapia mariae	Pelmatolapia	Cichlidae	Cichliformes	Actinopteri	Chordata	Pelmatolapia mariae	3	GCF_036321145.2	reference genome	Pm_UMD_F_2	Chromosome		972201687	yes
61616	Pelobates cultripes	Pelobates	Pelobatidae	Anura	Amphibia	Chordata	Pelobates cultripes	1	GCA_933207985.1	reference genome	aPelCul1.1_chrom	Chromosome		3094940563	yes
191477	Pelobates fuscus	Pelobates	Pelobatidae	Anura	Amphibia	Chordata	Pelobates fuscus	2	GCF_036172605.1	reference genome	aPelFus1.pri	Chromosome		3606456729	yes
171793	Pelochelys cantorii	Pelochelys	Trionychidae	Testudines		Chordata	Pelochelys cantorii	1	GCA_032595735.1	reference genome	ASM3259573v1	Chromosome		2161035712	no
13735	Pelodiscus sinensis	Pelodiscus	Trionychidae	Testudines		Chordata	Pelodiscus sinensis	5	GCF_049634645.1	reference genome	ASM4963464v1	Chromosome		2243870947	yes
233781	Pelodytes ibericus	Pelodytes	Pelodytidae	Anura	Amphibia	Chordata	Pelodytes ibericus	1	GCA_036172795.1	reference genome	aPelIbe1.pri	Chromosome		2077641644	yes
1488670	Pelomedusa somalica	Pelomedusa	Pelomedusidae	Testudines		Chordata	Pelomedusa somalica	1	GCA_051311615.1	reference genome	rPelSom1.pri	Chromosome		1948856296	no
45623	Pelophylax lessonae	Pelophylax	Ranidae	Anura	Amphibia	Chordata	Pelophylax lessonae	2	GCF_965119305.1	reference genome	aPelLes1.hap1.1	Chromosome		5811227458	yes
8409	Pelophylax nigromaculatus	Pelophylax	Ranidae	Anura	Amphibia	Chordata	Pelophylax nigromaculatus	2	GCA_054643415.1	reference genome	ASM5464341v1	Chromosome		5062672738	no
3127111	Pempheris klunzingeri	Pempheris	Pempheridae	Acropomatiformes	Actinopteri	Chordata	Pempheris klunzingeri	3	GCF_042242105.1	reference genome	fPemKlu1.hap1	Chromosome		646252061	yes
1182198	Pempheris schomburgkii	Pempheris	Pempheridae	Acropomatiformes	Actinopteri	Chordata	Pempheris schomburgkii	2	GCA_054100275.1	reference genome	fPemSco2.hap1	Chromosome		746079414	no
1334976	Pennahia pawak	Pennahia	Sciaenidae		Actinopteri	Chordata	Pennahia pawak	1	GCA_042310395.1	reference genome	ASM4231039v1	Chromosome		612026821	no
334889	Pentaceropsis recurvirostris	Pentaceropsis	Pentacerotidae	Acropomatiformes	Actinopteri	Chordata	Pentaceropsis recurvirostris	2	GCA_984749165.1	reference genome	Pentaceropsis recurvirostris_haplotype_1_assembly	Chromosome		708455635	no
103596	Peponocephala electra	Peponocephala	Delphinidae	Artiodactyla	Mammalia	Chordata	Peponocephala electra	2	GCA_051427955.1	reference genome	mPepEle1.hap2	Chromosome		2318157464	no
37737	Perameles gunnii	Perameles	Peramelidae	Peramelemorphia	Mammalia	Chordata	Perameles gunnii	1	GCA_056321495.1	reference genome	mPerGun1.2_20251003	Chromosome		3940119752	no
8167	Perca flavescens	Perca	Percidae	Perciformes	Actinopteri	Chordata	Perca flavescens	2	GCF_004354835.1	reference genome	PFLA_1.0	Chromosome		877439799	yes
8168	Perca fluviatilis	Perca	Percidae	Perciformes	Actinopteri	Chordata	Perca fluviatilis	2	GCF_010015445.1	reference genome	GENO_Pfluv_1.0	Chromosome		951345774	yes
210850	Perca schrenkii	Perca	Percidae	Perciformes	Actinopteri	Chordata	Perca schrenkii	1	GCA_025617405.1	reference genome	perSch-LR	Chromosome		908140262	no
284583	Perccottus glenii	Perccottus	Odontobutidae	Gobiiformes	Actinopteri	Chordata	Perccottus glenii	1	GCA_024416835.2	reference genome	ASM2441683v2	Chromosome		760890035	no
1080299	Percocypris regani	Percocypris	Cyprinidae	Cypriniformes	Actinopteri	Chordata	Percocypris regani	2	GCA_060235265.1	reference genome	ASM6023526v1	Chromosome		1778274349	no
9052	Perdix perdix	Perdix	Phasianidae	Galliformes	Aves	Chordata	Perdix perdix	1	GCA_987270415.1	reference genome	bPerPer1.hap1.1	Chromosome		1293910481	no
409849	Periophthalmus magnuspinnatus	Periophthalmus	Gobiidae	Gobiiformes	Actinopteri	Chordata	Periophthalmus magnuspinnatus	3	GCF_009829125.3	reference genome	fPerMag1.2.pri	Chromosome		752605561	yes
156567	Periparus ater	Periparus	Paridae	Passeriformes	Aves	Chordata	Periparus ater	1	GCA_032357785.1	reference genome	ASM3235778v1	Chromosome		1124835199	no
54573	Perisoreus canadensis	Perisoreus	Corvidae	Passeriformes	Aves	Chordata	Perisoreus canadensis canadensis	1	GCA_056138905.1	reference genome	P.c.canadensis_TCAG-6290_v1.0	Chromosome		1320604187	no
32509	Perissodus microlepis	Perissodus	Cichlidae	Cichliformes	Actinopteri	Chordata	Perissodus microlepis	3	GCF_051167445.1	reference genome	ASM5116744v1	Chromosome		853313261	yes
38669	Perognathus longimembris	Perognathus	Heteromyidae	Rodentia	Mammalia	Chordata	Perognathus longimembris pacificus	2	GCF_023159225.1	reference genome	ASM2315922v1	Chromosome		2212099196	yes
42410	Peromyscus eremicus	Peromyscus	Cricetidae	Rodentia	Mammalia	Chordata	Peromyscus eremicus	3	GCF_949786415.1	reference genome	PerEre_H2_v1	Chromosome		2916547091	yes
42411	Peromyscus gossypinus	Peromyscus	Cricetidae	Rodentia	Mammalia	Chordata	Peromyscus gossypinus allapaticola	2	GCA_057877385.1		mPerGos1.hap1	Chromosome		2842823787	no
10041	Peromyscus leucopus	Peromyscus	Cricetidae	Rodentia	Mammalia	Chordata	Peromyscus leucopus	2	GCF_004664715.2	reference genome	UCI_PerLeu_2.1	Chromosome		2475164510	yes
10042	Peromyscus maniculatus	Peromyscus	Cricetidae	Rodentia	Mammalia	Chordata	Peromyscus maniculatus bairdii	7	GCF_049852395.1	reference genome	HU_Pman_BW_mat_3.1	Chromosome		2587065283	yes
42413	Peromyscus polionotus	Peromyscus	Cricetidae	Rodentia	Mammalia	Chordata	Peromyscus polionotus subgriseus	1	GCA_003704135.2		HU_Ppol_1.3.3	Chromosome		2645110392	no
96998	Petenia splendida	Petenia	Cichlidae	Cichliformes	Actinopteri	Chordata	Petenia splendida	1	GCA_040437555.1	reference genome	P_splendida v1.0	Chromosome		923534345	no
7757	Petromyzon marinus	Petromyzon	Petromyzontidae	Petromyzontiformes	Hyperoartia	Chordata	Petromyzon marinus	4	GCF_048934315.1	reference genome	UKy_Petmar_22M1.pri1.0	Chromosome		1808332251	yes
41426	Phacochoerus africanus	Phacochoerus	Suidae	Artiodactyla	Mammalia	Chordata	Phacochoerus africanus	2	GCF_016906955.1	reference genome	ROS_Pafr_v1	Chromosome		2435083091	yes
33595	Phaenicophaeus curvirostris	Phaenicophaeus	Cuculidae	Cuculiformes	Aves	Chordata	Phaenicophaeus curvirostris	2	GCF_032191515.1	reference genome	BPBGC_Pcur_1.0	Chromosome		1315410253	yes
37045	Phaethon aethereus	Phaethon	Phaethontidae	Phaethontiformes	Aves	Chordata	Phaethon aethereus	2	GCF_964289735.1	reference genome	bPhaAeh10.maternal.1	Chromosome		1321007257	yes
46513	Phaethornis superciliosus	Phaethornis	Trochilidae	Apodiformes	Aves	Chordata	Phaethornis superciliosus	1	GCA_023637945.2	reference genome	bPhaSup1.pri	Chromosome		1020009783	yes
38626	Phascolarctos cinereus	Phascolarctos	Phascolarctidae	Diprotodontia	Mammalia	Chordata	Phascolarctos cinereus	1	GCA_003287225.3	reference genome	mPhaCin1.pri	Chromosome		3187989499	no
9054	Phasianus colchicus	Phasianus	Phasianidae	Galliformes	Aves	Chordata	Phasianus colchicus	1	GCA_987193195.1		bPhaCol1.hap1.1	Chromosome		1109786120	no
39090	Phoca largha	Phoca	Phocidae	Carnivora	Mammalia	Chordata	Phoca largha	1	GCA_061547645.1	reference genome	Phoca_largha_LI1_v1	Chromosome		2410525974	no
9720	Phoca vitulina	Phoca	Phocidae	Carnivora	Mammalia	Chordata	Phoca vitulina	2	GCA_988265205.1		mPhoVit2.hap1.1	Chromosome		2446384376	no
9742	Phocoena phocoena	Phocoena	Phocoenidae	Artiodactyla	Mammalia	Chordata	Phocoena phocoena	2	GCF_963924675.1	reference genome	mPhoPho1.1	Chromosome		2512713112	yes
42100	Phocoena sinus	Phocoena	Phocoenidae	Artiodactyla	Mammalia	Chordata	Phocoena sinus	2	GCF_008692025.1	reference genome	mPhoSin1.pri	Chromosome		2371524154	yes
9217	Phoenicopterus ruber	Phoenicopterus	Phoenicopteridae	Phoenicopteriformes	Aves	Chordata	Phoenicopterus ruber ruber	1	GCA_009819775.1	reference genome	bPhoRub2.pri	Chromosome		1246226932	yes
121423	Phoenicurus phoenicurus	Phoenicurus	Muscicapidae	Passeriformes	Aves	Chordata	Phoenicurus phoenicurus	1	GCA_987197005.1	reference genome	bPhoPho1.hap1.1	Chromosome		1520170082	no
390368	Pholidichthys leucotaenia	Pholidichthys	Pholidichthyidae	Cichliformes	Actinopteri	Chordata	Pholidichthys leucotaenia	1	GCA_020510985.1	reference genome	fPhoLeu1.pri	Chromosome		6032307556	yes
56726	Pholis gunnellus	Pholis	Pholidae	Perciformes	Actinopteri	Chordata	Pholis gunnellus	2	GCF_910591455.1	reference genome	fPhoGun1.2	Chromosome		588680419	yes
3359361	Phoxinus grumi	Phoxinus	Leuciscidae	Cypriniformes	Actinopteri	Chordata	Phoxinus grumi	1	GCA_055048795.1	reference genome	XJAU_Pgr_v1.0	Chromosome		900412448	no
58324	Phoxinus phoxinus	Phoxinus	Leuciscidae	Cypriniformes	Actinopteri	Chordata	Phoxinus phoxinus	4	GCF_949152265.1	reference genome	fPhoPho1.1	Chromosome		950479694	yes
740940	Phrynocephalus guinanensis	Phrynocephalus	Agamidae	Squamata	Lepidosauria	Chordata	Phrynocephalus guinanensis	1	GCA_037367245.1	reference genome	CIB_Pgui_1.0	Chromosome		1813735221	no
52577	Phrynosoma platyrhinos	Phrynosoma	Phrynosomatidae	Squamata	Lepidosauria	Chordata	Phrynosoma platyrhinos	1	GCA_020142125.1	reference genome	MUOH_PhPlat_1.1	Chromosome		1901839624	yes
163115	Phycis blennoides	Phycis	Phycidae	Gadiformes	Actinopteri	Chordata	Phycis blennoides	1	GCA_988281055.1	reference genome	fPhyBle1.1	Chromosome		589419635	no
349666	Phycis phycis	Phycis	Phycidae	Gadiformes	Actinopteri	Chordata	Phycis phycis	1	GCA_978484525.1	reference genome	fPhyPhy1.1	Chromosome		565340295	no
693459	Phycodurus eques	Phycodurus	Syngnathidae	Syngnathiformes	Actinopteri	Chordata	Phycodurus eques	2	GCF_024500275.1	reference genome	UOR_Pequ_1.1	Chromosome		666479602	yes
161469	Phyllopteryx taeniolatus	Phyllopteryx	Syngnathidae	Syngnathiformes	Actinopteri	Chordata	Phyllopteryx taeniolatus	4	GCF_024500385.1	reference genome	UOR_Ptae_1.2	Chromosome		652157009	yes
48150	Phylloscopus collybita	Phylloscopus	Phylloscopidae	Passeriformes	Aves	Chordata	Phylloscopus collybita	1	GCA_988136415.1	reference genome	bPhyCol1.hap1.1	Chromosome		1259995984	no
56435	Phylloscopus proregulus	Phylloscopus	Phylloscopidae	Passeriformes	Aves	Chordata	Phylloscopus proregulus	1	GCA_987196345.1	reference genome	bPhyPro1.hap1.1	Chromosome		1344958403	no
48154	Phylloscopus trochiloides	Phylloscopus	Phylloscopidae	Passeriformes	Aves	Chordata	Phylloscopus trochiloides	1	GCA_048593965.1	reference genome	ASM4859396v1	Chromosome		1282834378	no
9182	Phylloscopus trochilus	Phylloscopus	Phylloscopidae	Passeriformes	Aves	Chordata	Phylloscopus trochilus	1	GCA_987197715.1	reference genome	bPhyTrc2.hap1.1	Chromosome		1257577798	no
89673	Phyllostomus discolor	Phyllostomus	Phyllostomidae	Chiroptera	Mammalia	Chordata	Phyllostomus discolor	2	GCF_004126475.2	reference genome	mPhyDis1.pri.v3	Chromosome		2108832841	yes
9423	Phyllostomus hastatus	Phyllostomus	Phyllostomidae	Chiroptera	Mammalia	Chordata	Phyllostomus hastatus	1	GCA_060309575.1		DD_mPhyHas1.pri.curated.20210406	Chromosome		2097325563	no
9755	Physeter macrocephalus	Physeter	Physeteridae	Artiodactyla	Mammalia	Chordata	Physeter macrocephalus	3	GCF_002837175.3	reference genome	ASM283717v5	Chromosome		2496209109	yes
42529	Piaractus brachypomus	Piaractus	Serrasalmidae	Characiformes	Actinopteri	Chordata	Piaractus brachypomus	1	GCA_056915255.1	reference genome	YSFRI_Pbrachy_1	Chromosome		1343059155	no
42528	Piaractus mesopotamicus	Piaractus	Serrasalmidae	Characiformes	Actinopteri	Chordata	Piaractus mesopotamicus	1	GCA_040208305.1	reference genome	UNR_Pmes_2.0	Chromosome		1339467521	no
34924	Pica pica	Pica	Corvidae	Passeriformes	Aves	Chordata	Pica pica	1	GCA_987212955.1	reference genome	bPicPic2.hap1.1	Chromosome		1281314956	no
100825	Picus viridis	Picus	Picidae	Piciformes	Aves	Chordata	Picus viridis	1	GCA_033816785.1	reference genome	MNHN_PicVir_1.0	Chromosome		1244783828	no
90988	Pimephales promelas	Pimephales	Leuciscidae	Cypriniformes	Actinopteri	Chordata	Pimephales promelas	1	GCA_988280905.1		fPimPro1.hap1.1	Chromosome		956577285	no
105295	Pipistrellus abramus	Pipistrellus	Vespertilionidae	Chiroptera	Mammalia	Chordata	Pipistrellus abramus	1	GCA_044885105.2	reference genome	ASM4488510v2	Chromosome		1755815725	no
412090	Pipistrellus hanaki	Pipistrellus	Vespertilionidae	Chiroptera	Mammalia	Chordata	Pipistrellus hanaki	2	GCF_964339955.1	reference genome	mPipHan1.5	Chromosome		1892165761	yes
59472	Pipistrellus kuhlii	Pipistrellus	Vespertilionidae	Chiroptera	Mammalia	Chordata	Pipistrellus kuhlii	1	GCA_014108245.2	reference genome	mPipKuh1.pri	Chromosome		1775701441	no
59473	Pipistrellus nathusii	Pipistrellus	Vespertilionidae	Chiroptera	Mammalia	Chordata	Pipistrellus nathusii	3	GCA_963693515.1	reference genome	mPipNat.pri	Chromosome		1804478338	yes
59474	Pipistrellus pipistrellus	Pipistrellus	Vespertilionidae	Chiroptera	Mammalia	Chordata	Pipistrellus pipistrellus	2	GCA_965203405.2	reference genome	mPipPip2.hap1.2	Chromosome		1915894624	no
246814	Pipistrellus pygmaeus	Pipistrellus	Vespertilionidae	Chiroptera	Mammalia	Chordata	Pipistrellus pygmaeus	1	GCA_949987585.2	reference genome	mPipPyg2.hap1.2	Chromosome		1900259658	no
321089	Pithecophaga jefferyi	Pithecophaga	Accipitridae	Accipitriformes	Aves	Chordata	Pithecophaga jefferyi	1	GCA_054553165.1	reference genome	bPithJefferyi_magi_1.0	Chromosome		1248363504	no
265642	Pithys albifrons	Pithys	Thamnophilidae	Passeriformes	Aves	Chordata	Pithys albifrons albifrons	2	GCF_047495875.1	reference genome	PitAlb_v1	Chromosome		1144301792	yes
70548	Plagiognathops microlepis	Plagiognathops	Xenocyprididae	Cypriniformes	Actinopteri	Chordata	Plagiognathops microlepis	2	GCA_040144785.1	reference genome	ASM4014478v1	Chromosome		1004343520	no
257867	Platalea leucorodia	Platalea	Threskiornithidae	Pelecaniformes	Aves	Chordata	Platalea leucorodia	2	GCF_965183815.1	reference genome	bPlaLeu2.hap1.1	Chromosome		1345825956	yes
75032	Platax orbicularis	Platax	Ephippidae	Ephippiformes	Actinopteri	Chordata	Platax orbicularis	1	GCA_059052225.1	reference genome	ASM5905222v1	Chromosome		715443963	no
334891	Platax teira	Platax	Ephippidae	Ephippiformes	Actinopteri	Chordata	Platax teira	2	GCA_061099485.1	reference genome	ASM6109948v1	Complete Genome		694326390	yes
8260	Platichthys flesus	Platichthys	Pleuronectidae	Pleuronectiformes	Actinopteri	Chordata	Platichthys flesus	2	GCF_949316205.1	reference genome	fPlaFle2.1	Chromosome		597120941	yes
195632	Platichthys stellatus	Platichthys	Pleuronectidae	Pleuronectiformes	Actinopteri	Chordata	Platichthys stellatus	1	GCA_047651785.1	reference genome	ASM4765178v1	Chromosome		643557343	no
2827218	Platycephalus sp. 1 SX-2021	Platycephalus	Platycephalidae	Perciformes	Actinopteri	Chordata	Platycephalus sp. 1 SX-2021	1	GCA_047305485.1		ASM4730548v1	Chromosome		660633173	no
27658	Platyrrhinus helleri	Platyrrhinus	Phyllostomidae	Chiroptera	Mammalia	Chordata	Platyrrhinus helleri	2	GCA_051107505.1	reference genome	mPlaHel1.hap1	Chromosome		2322571649	no
55544	Platysternon megacephalum	Platysternon	Platysternidae	Testudines		Chordata	Platysternon megacephalum	2	GCA_057946265.1	reference genome	rPlaMeg1.hap2	Chromosome		2208471260	no
61862	Plecotus auritus	Plecotus	Vespertilionidae	Chiroptera	Mammalia	Chordata	Plecotus auritus	2	GCF_963455305.1	reference genome	mPleAur1.1	Chromosome		2163204650	yes
134630	Plectropomus laevis	Plectropomus	Serranidae	Perciformes	Actinopteri	Chordata	Plectropomus laevis	1	GCA_061287385.1	reference genome	OUC_Pla_1.0	Chromosome		906419365	no
160734	Plectropomus leopardus	Plectropomus	Serranidae	Perciformes	Actinopteri	Chordata	Plectropomus leopardus	6	GCF_026936395.1	reference genome	ASM2693639v1	Chromosome		849758856	yes
202457	Plecturocebus cupreus	Plecturocebus	Pitheciidae	Primates	Mammalia	Chordata	Plecturocebus cupreus	1	GCA_040437455.1	reference genome	PleCup_hybrid	Chromosome		2764079242	yes
8319	Pleurodeles waltl	Pleurodeles	Salamandridae	Caudata	Amphibia	Chordata	Pleurodeles waltl	4	GCF_031143425.1	reference genome	aPleWal1.hap1.20221129	Chromosome		19767450834	yes
8262	Pleuronectes platessa	Pleuronectes	Pleuronectidae	Pleuronectiformes	Actinopteri	Chordata	Pleuronectes platessa	2	GCF_947347685.1	reference genome	fPlePla1.1	Chromosome		687388084	yes
244455	Pleuronichthys cornutus	Pleuronichthys	Pleuronectidae	Pleuronectiformes	Actinopteri	Chordata	Pleuronichthys cornutus	1	GCA_058169825.1	reference genome	ysfri_pco_1	Chromosome		488999774	no
243562	Plotosus lineatus	Plotosus	Plotosidae	Siluriformes	Actinopteri	Chordata	Plotosus lineatus	1	GCA_024760905.1	reference genome	SWU_Pli_1.0	Chromosome		1333861300	no
670352	Pluvialis apricaria	Pluvialis	Charadriidae	Charadriiformes	Aves	Chordata	Pluvialis apricaria	1	GCA_017639485.1	reference genome	bPluApr1.pri	Chromosome		1247746888	yes
90520	Podarcis bocagei	Podarcis	Lacertidae	Squamata	Lepidosauria	Chordata	Podarcis bocagei	3	GCF_964188305.1	reference genome	rPodBoc1.hap1.1	Chromosome		1615189422	yes
1330250	Podarcis cretensis	Podarcis	Lacertidae	Squamata	Lepidosauria	Chordata	Podarcis cretensis	2	GCF_951804945.1	reference genome	rPodCre2.1	Chromosome		1507609967	yes
140042	Podarcis erhardii	Podarcis	Lacertidae	Squamata	Lepidosauria	Chordata	Podarcis erhardii	2	GCF_964252035.2	reference genome	rPodErh1.hap1.2	Chromosome		1495362347	yes
65481	Podarcis filfolensis	Podarcis	Lacertidae	Squamata	Lepidosauria	Chordata	Podarcis filfolensis	2	GCF_964270895.1	reference genome	rPodFil1.hap1.1	Chromosome		1506948896	yes
90521	Podarcis gaigeae	Podarcis	Lacertidae	Squamata	Lepidosauria	Chordata	Podarcis gaigeae	3	GCF_964106915.1	reference genome	rPodGai1.hap1.2	Chromosome		1514623329	yes
74358	Podarcis lilfordi	Podarcis	Lacertidae	Squamata	Lepidosauria	Chordata	Podarcis lilfordi	1	GCA_947686815.1	reference genome	rPodLil1.2	Chromosome		1460085851	yes
662736	Podarcis liolepis	Podarcis	Lacertidae	Squamata	Lepidosauria	Chordata	Podarcis liolepis	2	GCF_965112155.1	reference genome	rPodLio1.hap1.1	Chromosome		1574003547	yes
65482	Podarcis melisellensis	Podarcis	Lacertidae	Squamata	Lepidosauria	Chordata	Podarcis melisellensis	3	GCF_964234715.1	reference genome	rPodMel1.hap1.1	Chromosome		1574905529	yes
64176	Podarcis muralis	Podarcis	Lacertidae	Squamata	Lepidosauria	Chordata	Podarcis muralis	6	GCF_964188315.1	reference genome	rPodMur119.hap1.1	Chromosome		1522624192	yes
74359	Podarcis pityusensis	Podarcis	Lacertidae	Squamata	Lepidosauria	Chordata	Podarcis pityusensis	3	GCF_964106645.2	reference genome	rPodPit1.hap1.3	Chromosome		1514369624	yes
65483	Podarcis raffonei	Podarcis	Lacertidae	Squamata	Lepidosauria	Chordata	Podarcis raffonei	2	GCF_027172205.1	reference genome	rPodRaf1.pri	Chromosome		1513131503	yes
65484	Podarcis siculus	Podarcis	Lacertidae	Squamata	Lepidosauria	Chordata	Podarcis siculus	1	GCA_964188175.1	reference genome	rPodSic1.hap1.1	Chromosome		1571364497	no
65485	Podarcis tiliguerta	Podarcis	Lacertidae	Squamata	Lepidosauria	Chordata	Podarcis tiliguerta	3	GCF_965153285.1	reference genome	rPodTil1.hap1.1	Chromosome		1462309935	yes
140051	Podarcis vaucheri	Podarcis	Lacertidae	Squamata	Lepidosauria	Chordata	Podarcis vaucheri	3	GCF_965113315.1	reference genome	rPodVau1.hap1.1	Chromosome		1614911144	yes
8905	Podargus strigoides	Podargus	Podargidae	Caprimulgiformes	Aves	Chordata	Podargus strigoides	1	GCA_028020825.1	reference genome	bPodStr1.pri	Chromosome		1271141449	yes
44507	Podocnemis expansa	Podocnemis	Podocnemididae	Testudines		Chordata	Podocnemis expansa	2	GCA_045364815.1	reference genome	rPodExp1 haplotype 2	Chromosome		2565358608	yes
227871	Podocnemis unifilis	Podocnemis	Podocnemididae	Testudines		Chordata	Podocnemis unifilis	1	GCA_050000005.2		rPodUni1.pri	Chromosome		2435981808	no
48891	Poecile atricapillus	Poecile	Paridae	Passeriformes	Aves	Chordata	Poecile atricapillus	3	GCF_030490865.1	reference genome	bPoeAtr1.hap1	Chromosome		1251116877	yes
48895	Poecile montanus	Poecile	Paridae	Passeriformes	Aves	Chordata	Poecile montanus	1	GCA_038429875.2	reference genome	ASM3842987v2	Chromosome		1223814010	yes
48890	Poecile palustris	Poecile	Paridae	Passeriformes	Aves	Chordata	Poecile palustris	1	GCA_987201445.1	reference genome	bPoePal1.hap1.1	Chromosome		1196623182	no
48698	Poecilia formosa	Poecilia	Poeciliidae	Cyprinodontiformes	Actinopteri	Chordata	Poecilia formosa	2	GCA_013036085.2		Poecilia_formosa_haplotype_mexicana	Chromosome		745326098	no
69234	Poecilia picta	Poecilia	Poeciliidae	Cyprinodontiformes	Actinopteri	Chordata	Poecilia picta	2	GCA_057379785.1	reference genome	ASM5737978v1	Chromosome		795946901	no
8081	Poecilia reticulata	Poecilia	Poeciliidae	Cyprinodontiformes	Actinopteri	Chordata	Poecilia reticulata	6	GCF_904066995.2	reference genome	P_reticulata-male-v2	Chromosome		744968266	yes
259256	Poephila acuticauda	Poephila	Estrildidae	Passeriformes	Aves	Chordata	Poephila acuticauda hecki	1	GCA_057534655.1	reference genome	Pacu_hecki_V1	Chromosome		1270031505	yes
103695	Pogona vitticeps	Pogona	Agamidae	Squamata	Lepidosauria	Chordata	Pogona vitticeps	5	GCF_051106095.1	reference genome	PviZW2.1	Chromosome		1752814424	yes
488313	Pogoniulus pusillus	Pogoniulus	Lybiidae	Piciformes	Aves	Chordata	Pogoniulus pusillus	2	GCF_015220805.1	reference genome	bPogPus1.pri	Chromosome		1272338968	yes
1090488	Pogonophryne albipinna	Pogonophryne	Artedidraconidae	Perciformes	Actinopteri	Chordata	Pogonophryne albipinna	1	GCA_028583405.1	reference genome	KU_S6	Chromosome		1074502020	yes
185739	Pollachius pollachius	Pollachius	Gadidae	Gadiformes	Actinopteri	Chordata	Pollachius pollachius	2	GCF_949987615.1	reference genome	fPolPol2.1	Chromosome		606750899	yes
8060	Pollachius virens	Pollachius	Gadidae	Gadiformes	Actinopteri	Chordata	Pollachius virens	1	GCA_988280125.1	reference genome	fPolVir2.1.hap2	Chromosome		640682287	yes
3359660	Polyacanthonotus merretti	Polyacanthonotus	Notacanthidae	Notacanthiformes	Actinopteri	Chordata	Polyacanthonotus merretti	2	GCA_057931045.1	reference genome	fPolMer1.hap1	Chromosome		1263500434	yes
321072	Polyboroides typus	Polyboroides	Accipitridae	Accipitriformes	Aves	Chordata	Polyboroides typus	2	GCA_060712505.1	reference genome	bPolTyp1.1.rep	Chromosome		1439974449	no
435218	Polydactylus sextarius	Polydactylus	Polynemidae		Actinopteri	Chordata	Polydactylus sextarius	1	GCA_016801845.1	reference genome	ASM1680184v1	Chromosome		564623279	no
3239838	Polymixia cf. hollisterae	Polymixia	Polymixiidae	Polymixiiformes	Actinopteri	Chordata	Polymixia cf. hollisterae	2	GCA_048537225.1		ASM4853722v1	Chromosome		722757191	yes
143326	Polymixia lowei	Polymixia	Polymixiidae	Polymixiiformes	Actinopteri	Chordata	Polymixia lowei	2	GCA_047511595.1	reference genome	fPolLow2.hap2	Chromosome		671709512	no
7913	Polyodon spathula	Polyodon	Polyodontidae	Acipenseriformes	Actinopteri	Chordata	Polyodon spathula	2	GCF_017654505.1	reference genome	ASM1765450v1	Chromosome		1542066908	yes
112728	Polyprion americanus	Polyprion	Polyprionidae	Acropomatiformes	Actinopteri	Chordata	Polyprion americanus	1	GCA_977971305.1	reference genome	fPolAme2.1	Chromosome		767326086	no
55291	Polypterus senegalus	Polypterus	Polypteridae	Polypteriformes	Cladistia	Chordata	Polypterus senegalus	2	GCF_016835505.1	reference genome	ASM1683550v1	Chromosome		3673863536	yes
13225	Pomatoschistus minutus	Pomatoschistus	Gobiidae	Gobiiformes	Actinopteri	Chordata	Pomatoschistus minutus	1	GCA_965276375.1	reference genome	fPomMin1.1	Chromosome		861159696	no
85420	Pomatoschistus quagga	Pomatoschistus	Gobiidae	Gobiiformes	Actinopteri	Chordata	Pomatoschistus quagga	1	GCA_987655585.1	reference genome	fPomQug1.1	Chromosome		732545094	no
9601	Pongo abelii	Pongo	Hominidae	Primates	Mammalia	Chordata	Pongo abelii	4	GCF_028885655.2	reference genome	NHGRI_mPonAbe1-v2.1_pri	Chromosome		3259853530	yes
9600	Pongo pygmaeus	Pongo	Hominidae	Primates	Mammalia	Chordata	Pongo pygmaeus	3	GCF_028885625.2	reference genome	NHGRI_mPonPyg2-v2.1_pri	Chromosome		3220935163	yes
48723	Pontoporia blainvillei	Pontoporia	Pontoporiidae	Artiodactyla	Mammalia	Chordata	Pontoporia blainvillei	2	GCA_987193245.1	reference genome	mPonBla1.hap1	Chromosome		2690089892	no
88708	Poromitra crassiceps	Poromitra	Melamphaidae	Beryciformes	Actinopteri	Chordata	Poromitra crassiceps	3	GCF_964638095.1	reference genome	fPorCra3.hap1.1	Chromosome		1629984087	yes
439704	Porphyrio hochstetteri	Porphyrio	Rallidae	Gruiformes	Aves	Chordata	Porphyrio hochstetteri	1	GCA_020800305.1	reference genome	bPorHoc1.mat.Z.cur	Chromosome		1270277365	yes
2803083	Potamotrygon marinae	Potamotrygon	Potamotrygonidae	Myliobatiformes	Chondrichthyes	Chordata	Potamotrygon marinae	2	GCA_055471215.1	reference genome	sPotMar1.hap2	Chromosome		4335674344	no
80991	Premnas biaculeatus	Premnas	Pomacentridae		Actinopteri	Chordata	Premnas biaculeatus	1	GCA_053813585.1	reference genome	ASM5381358v1	Complete Genome		884393502	no
270572	Priacanthus macracanthus	Priacanthus	Priacanthidae	Priacanthiformes	Actinopteri	Chordata	Priacanthus macracanthus	1	GCA_061099305.1	reference genome	HND001	Chromosome		711229238	no
208062	Prinia subflava	Prinia	Cisticolidae	Passeriformes	Aves	Chordata	Prinia subflava	2	GCF_021018805.1	reference genome	Cam_Psub_1.2	Chromosome		1119947663	yes
7815	Prionace glauca	Prionace	Carcharhinidae	Carcharhiniformes	Chondrichthyes	Chordata	Prionace glauca	1	GCA_037974335.1	reference genome	ASM3797433v1	Chromosome		3227473548	no
37029	Prionailurus bengalensis	Prionailurus	Felidae	Carnivora	Mammalia	Chordata	Prionailurus bengalensis	2	GCF_016509475.1	reference genome	Fcat_Pben_1.1_paternal_pri	Chromosome		2435702060	yes
61388	Prionailurus viverrinus	Prionailurus	Felidae	Carnivora	Mammalia	Chordata	Prionailurus viverrinus	2	GCF_022837055.1	reference genome	UM_Priviv_1.0	Chromosome		2461545606	yes
1609310	Pristigenys meyeri	Pristigenys	Priacanthidae	Priacanthiformes	Actinopteri	Chordata	Pristigenys meyeri	2	GCA_056506795.1	reference genome	fPriMey1.hap2	Chromosome		839101591	no
55135	Pristiophorus japonicus	Pristiophorus	Pristiophoridae		Chondrichthyes	Chordata	Pristiophorus japonicus	3	GCF_044704955.1	reference genome	sPriJap1.hap1	Chromosome		5923050865	yes
264210	Pristipomoides typus	Pristipomoides	Lutjanidae	Lutjaniformes	Actinopteri	Chordata	Pristipomoides typus	2	GCA_045363895.1	reference genome	fPriTyp1.hap1	Chromosome		1147302341	yes
685728	Pristis pectinata	Pristis	Pristidae	Rhinopristiformes	Chondrichthyes	Chordata	Pristis pectinata	2	GCF_009764475.1	reference genome	sPriPec2.1.pri	Chromosome		2267840987	yes
495877	Pristis zijsron	Pristis	Pristidae	Rhinopristiformes	Chondrichthyes	Chordata	Pristis zijsron	2	GCA_988281265.1	reference genome	Pristis zijsron_haplotype_2_assembly	Chromosome		2373393783	no
27695	Prochilodus lineatus	Prochilodus	Prochilodontidae	Characiformes	Actinopteri	Chordata	Prochilodus lineatus	2	GCA_054851125.1	reference genome	fProLin1.hap1	Chromosome		1448379579	no
9654	Procyon lotor	Procyon	Procyonidae	Carnivora	Mammalia	Chordata	Procyon lotor	1	GCA_055474045.1	reference genome	P.lotor_Micro_v1.0	Chromosome		2350865990	no
1211648	Procypris mera	Procypris	Cyprinidae	Cypriniformes	Actinopteri	Chordata	Procypris mera	1	GCA_059058265.1	reference genome	PMER_YNAU_1.0	Chromosome		1692244598	no
367866	Procypris rabaudi	Procypris	Cyprinidae	Cypriniformes	Actinopteri	Chordata	Procypris rabaudi	1	GCA_049638765.1	reference genome	ASM4963876v1	Chromosome		1640872362	no
322563	Proterorhinus semilunaris	Proterorhinus	Gobiidae	Gobiiformes	Actinopteri	Chordata	Proterorhinus semilunaris	1	GCA_021464625.1	reference genome	fProSem1.pri.20201207	Chromosome		864621867	no
163637	Protomelas taeniolatus	Protomelas	Cichlidae	Cichliformes	Actinopteri	Chordata	Protomelas taeniolatus	1	GCA_988222585.1	reference genome	fProTae1.pri	Chromosome		948670757	no
443714	Protomyctophum bolini	Protomyctophum	Myctophidae	Myctophiformes	Actinopteri	Chordata	Protomyctophum bolini	2	GCF_963924005.1	reference genome	fProBol1.1	Chromosome		1148206488	yes
1091426	Protomyctophum parallelum	Protomyctophum	Myctophidae	Myctophiformes	Actinopteri	Chordata	Protomyctophum parallelum	3	GCF_964188405.1	reference genome	fProPar1.1	Chromosome		1235309700	yes
335060	Protonibea diacanthus	Protonibea	Sciaenidae		Actinopteri	Chordata	Protonibea diacanthus	1	GCA_028641955.1	reference genome	ASM2864195v1	Chromosome		635688566	no
7888	Protopterus annectens	Protopterus	Protopteridae	Ceratodontiformes		Chordata	Protopterus annectens	3	GCF_019279795.1	reference genome	PAN1.0	Chromosome		40054324612	yes
240822	Protosalanx chinensis	Protosalanx	Salangidae	Osmeriformes	Actinopteri	Chordata	Protosalanx chinensis	1	GCA_030340685.1	reference genome	ASM3034068v1	Chromosome		377199903	no
418454	Protosalanx hyalocranius	Protosalanx	Salangidae	Osmeriformes	Actinopteri	Chordata	Protosalanx hyalocranius	2	GCA_044905845.1	reference genome	ASM4490584v1	Chromosome		453967611	no
181117	Prunella modularis	Prunella	Prunellidae	Passeriformes	Aves	Chordata	Prunella modularis	1	GCA_988280745.1	reference genome	bPruMod1.hap1.1	Chromosome		1393560632	no
194198	Pseudacris triseriata	Pseudacris	Hylidae	Anura	Amphibia	Chordata	Pseudacris triseriata	2	GCA_053478255.2	reference genome	aPseTri1.hap1	Chromosome		3997213475	no
263870	Pseudaspius leptocephalus	Pseudaspius	Leuciscidae	Cypriniformes	Actinopteri	Chordata	Pseudaspius leptocephalus	1	GCA_046865715.1	reference genome	ASM4686571v1	Chromosome		888878217	no
3359925	Pseudecheneis brachyura	Pseudecheneis	Sisoridae	Siluriformes	Actinopteri	Chordata	Pseudecheneis brachyura	1	GCA_059628335.1	reference genome	IHB_HDK_CWZZ_1.1	Chromosome		579906450	no
3117748	Pseudecheneis paviei	Pseudecheneis	Sisoridae	Siluriformes	Actinopteri	Chordata	Pseudecheneis paviei	1	GCA_057225665.1	reference genome	pw1	Chromosome		574822126	no
52239	Pseudochaenichthys georgianus	Pseudochaenichthys	Channichthyidae	Perciformes	Actinopteri	Chordata	Pseudochaenichthys georgianus	2	GCF_902827115.2	reference genome	fPseGeo1.2	Chromosome		1026205435	yes
277995	Pseudocrenilabrus nicholsi	Pseudocrenilabrus	Cichlidae	Cichliformes	Actinopteri	Chordata	Pseudocrenilabrus nicholsi	2	GCA_056551205.1	reference genome	UMD_PsniFemale	Chromosome		897743444	no
98380	Pseudolabrus biserialis	Pseudolabrus	Labridae	Labriformes	Actinopteri	Chordata	Pseudolabrus biserialis	2	GCA_988281135.1	reference genome	Pseudolabrus biserialis_haplotype_2_assembly	Chromosome		865797395	no
3239380	Pseudoliparis sp. 2 HX-2024	Pseudoliparis	Liparidae	Perciformes	Actinopteri	Chordata	Pseudoliparis sp. 2 HX-2024	1	GCA_048564765.1		ASM4856476v1	Chromosome		802793304	no
3349391	Pseudoliparis sp. HX-2024b	Pseudoliparis	Liparidae	Perciformes	Actinopteri	Chordata	Pseudoliparis sp. HX-2024b	1	GCA_048544885.1		ASM4854488v1	Chromosome		833528982	no
2059687	Pseudoliparis swirei	Pseudoliparis	Liparidae	Perciformes	Actinopteri	Chordata	Pseudoliparis swirei	2	GCF_029220125.1	reference genome	NWPU_hadal_v1	Chromosome		626438928	yes
8673	Pseudonaja textilis	Pseudonaja	Elapidae	Squamata	Lepidosauria	Chordata	Pseudonaja textilis	2	GCF_049901715.1	reference genome	rPseTex1.2	Chromosome		1476081604	yes
495146	Pseudophryne corroboree	Pseudophryne	Myobatrachidae	Anura	Amphibia	Chordata	Pseudophryne corroboree	2	GCF_028390025.1	reference genome	aPseCor3.hap2	Chromosome		8872758793	yes
2485022	Pseudophycis breviuscula	Pseudophycis	Moridae	Gadiformes	Actinopteri	Chordata	Pseudophycis breviuscula	2	GCA_988281425.1	reference genome	Pseudophycis breviuscula_haplotype_1_assembly	Chromosome		634415030	no
415032	Pseudopipra pipra	Pseudopipra	Pipridae	Passeriformes	Aves	Chordata	Pseudopipra pipra	3	GCF_036250125.1	reference genome	bDixPip1.hap1	Chromosome		1165201947	yes
645123	Pseudoplatystoma magdaleniatum	Pseudoplatystoma	Pimelodidae	Siluriformes	Actinopteri	Chordata	Pseudoplatystoma magdaleniatum	1	GCA_060252065.1	reference genome	PMag_H3H_v1	Chromosome		787823808	no
8265	Pseudopleuronectes americanus	Pseudopleuronectes	Pleuronectidae	Pleuronectiformes	Actinopteri	Chordata	Pseudopleuronectes americanus	3	GCA_054850875.1	reference genome	fPseAme1.hap1	Chromosome		572979938	no
245875	Pseudopleuronectes yokohamae	Pseudopleuronectes	Pleuronectidae	Pleuronectiformes	Actinopteri	Chordata	Pseudopleuronectes yokohamae	1	GCA_051314325.1	reference genome	ASM5131432v1	Complete Genome		582726912	no
181119	Pseudopodoces humilis	Pseudopodoces	Paridae	Passeriformes	Aves	Chordata	Pseudopodoces humilis	2	GCF_049639895.1	reference genome	ASM4963989v1	Chromosome		1051101716	yes
328526	Pseudorasbora elongata	Pseudorasbora	Gobionidae	Cypriniformes	Actinopteri	Chordata	Pseudorasbora elongata	1	GCA_046055825.1	reference genome	ASM4605582v1	Chromosome		1384346737	no
51549	Pseudorasbora parva	Pseudorasbora	Gobionidae	Cypriniformes	Actinopteri	Chordata	Pseudorasbora parva	4	GCF_024679245.1	reference genome	ASM2467924v1	Chromosome		1228852188	yes
82174	Pseudorca crassidens	Pseudorca	Delphinidae	Artiodactyla	Mammalia	Chordata	Pseudorca crassidens	3	GCF_039906515.1	reference genome	mPseCra1.hap1	Chromosome		2674592094	yes
1938231	Pseudoxenodon stejnegeri	Pseudoxenodon	Pseudoxenodontidae	Squamata	Lepidosauria	Chordata	Pseudoxenodon stejnegeri	1	GCA_050613815.1	reference genome	CDU_Pste_1	Chromosome		1600572231	no
2108433	Psilogobius mainlandi	Psilogobius	Gobiidae	Gobiiformes	Actinopteri	Chordata	Psilogobius mainlandi	2	GCA_059746265.1	reference genome	fPsiMai1.hap1	Chromosome		1388341636	no
232653	Psittacula echo	Psittacula	Psittacidae	Psittaciformes	Aves	Chordata	Psittacula echo	2	GCF_963264785.1	reference genome	bPsiEch3.1	Chromosome		1203813063	yes
9228	Psittacula krameri	Psittacula	Psittacidae	Psittaciformes	Aves	Chordata	Psittacula krameri	1	GCA_988280925.1	reference genome	bPsiKra1.hap1.1	Chromosome		1307534890	no
240206	Pterocles gutturalis	Pterocles	Pteroclidae	Pterocliformes	Aves	Chordata	Pterocles gutturalis	1	GCA_009769525.1		bPteGut1.pri	Chromosome		1127398289	yes
175796	Pterocryptis cochinchinensis	Pterocryptis	Siluridae	Siluriformes	Actinopteri	Chordata	Pterocryptis cochinchinensis	1	GCA_054855095.1	reference genome	ASM5485509v1	Chromosome		860652185	no
53680	Pterodroma phaeopygia	Pterodroma	Procellariidae	Procellariiformes	Aves	Chordata	Pterodroma phaeopygia	1	GCA_055471825.1	reference genome	bPteroPhaeo_1.0	Chromosome		1346342813	no
185886	Pterois volitans	Pterois	Scorpaenidae	Perciformes	Actinopteri	Chordata	Pterois volitans	1	GCA_977110895.1	reference genome	fPteVol1.1	Chromosome		908168411	no
55152	Pteromys volans	Pteromys	Sciuridae	Rodentia	Mammalia	Chordata	Pteromys volans	1	GCA_051107445.1	reference genome	Uoulu_pteVol_1.0	Chromosome		2848323221	no
94956	Pteronotus davyi	Pteronotus	Mormoopidae	Chiroptera	Mammalia	Chordata	Pteronotus davyi	1	GCA_058219175.1	reference genome	WHU_Pdav_v1	Chromosome		2048734967	no
1884717	Pteronotus mesoamericanus	Pteronotus	Mormoopidae	Chiroptera	Mammalia	Chordata	Pteronotus mesoamericanus	1	GCA_056363955.1		mPteMes1.pri	Chromosome		2137861399	no
196297	Pteropus rufus	Pteropus	Pteropodidae	Chiroptera	Mammalia	Chordata	Pteropus rufus	2	GCA_056363655.1	reference genome	mPteRuf1.hap2	Chromosome		2039567898	no
1156347	Pterorhinus courtoisi	Pterorhinus	Leiothrichidae	Passeriformes	Aves	Chordata	Pterorhinus courtoisi	1	GCA_054913815.1	reference genome	ASM5491381v1	Chromosome		1255045218	no
909844	Pterygoplichthys disjunctivus	Pterygoplichthys	Loricariidae	Siluriformes	Actinopteri	Chordata	Pterygoplichthys disjunctivus	2	GCA_059309555.1	reference genome	ASM5930955v1	Chromosome		1566152583	no
103477	Pterygoplichthys pardalis	Pterygoplichthys	Loricariidae	Siluriformes	Actinopteri	Chordata	Pterygoplichthys pardalis	1	GCA_050231285.1	reference genome	ASM5023128v1	Chromosome		1507578907	no
369663	Ptychidio jordani	Ptychidio	Cyprinidae	Cypriniformes	Actinopteri	Chordata	Ptychidio jordani	1	GCA_041296075.1	reference genome	ASM4129607v1	Chromosome		1138133423	no
263525	Ptychobarbus kaznakovi	Ptychobarbus	Cyprinidae	Cypriniformes	Actinopteri	Chordata	Ptychobarbus kaznakovi	1	GCA_027422405.1	reference genome	SKLP_Pkaz_1.1	Chromosome		713574997	no
232998	Ptychocheilus lucius	Ptychocheilus	Leuciscidae	Cypriniformes	Actinopteri	Chordata	Ptychocheilus lucius	1	GCA_041765585.1	reference genome	USFWS_Pluc_1.0	Chromosome		1100610714	no
48688	Puffinus puffinus	Puffinus	Procellariidae	Procellariiformes	Aves	Chordata	Puffinus puffinus	1	GCA_987198025.1	reference genome	bPufPuf1.hap1.1	Chromosome		1359111216	no
9696	Puma concolor	Puma	Felidae	Carnivora	Mammalia	Chordata	Puma concolor	3	GCF_028749965.1	reference genome	mPumCon1.1.hap2	Chromosome		2368682789	yes
134920	Pungitius pungitius	Pungitius	Gasterosteidae	Perciformes	Actinopteri	Chordata	Pungitius pungitius	3	GCF_949316345.1	reference genome	fPunPun2.1	Chromosome		480434100	yes
497904	Pungitius sinensis	Pungitius	Gasterosteidae	Perciformes	Actinopteri	Chordata	Pungitius sinensis	1	GCA_049949165.1	reference genome	ASM4994916v1	Chromosome		479662280	yes
3015204	Pungitius vulgaris	Pungitius	Gasterosteidae	Perciformes	Actinopteri	Chordata	Pungitius vulgaris	1	GCA_058369805.1	reference genome	ASM5836980v1	Chromosome		489649982	no
1606681	Puntigrus tetrazona	Puntigrus	Cyprinidae	Cypriniformes	Actinopteri	Chordata	Puntigrus tetrazona	2	GCF_018831695.1	reference genome	ASM1883169v1	Chromosome		730801986	yes
248495	Pusa saimensis	Pusa	Phocidae	Carnivora	Mammalia	Chordata	Pusa saimensis	1	GCA_059488705.1	reference genome	mPhs449_Pusa_saimensis_1	Chromosome		2353310941	no
182897	Pycnonotus jocosus	Pycnonotus	Pycnonotidae	Passeriformes	Aves	Chordata	Pycnonotus jocosus	1	GCA_987196485.1	reference genome	bPycJoc1.hap1.1	Chromosome		1203864087	no
310352	Pygathrix nigripes	Pygathrix	Cercopithecidae	Primates	Mammalia	Chordata	Pygathrix nigripes	1	GCA_047655245.1		ASM4765524v1	Chromosome		2888895859	yes
42514	Pygocentrus nattereri	Pygocentrus	Serrasalmidae	Characiformes	Actinopteri	Chordata	Pygocentrus nattereri	2	GCF_015220715.1	reference genome	fPygNat1.pri	Chromosome		1222050449	yes
1853061	Pyrocephalus nanus	Pyrocephalus	Tyrannidae	Passeriformes	Aves	Chordata	Pyrocephalus nanus	1	GCA_038380795.1	reference genome	CAS-CDF_Pyrnan_1.0	Chromosome		1072479546	no
56790	Pyrrhocorax pyrrhocorax	Pyrrhocorax	Corvidae	Passeriformes	Aves	Chordata	Pyrrhocorax pyrrhocorax	2	GCA_987488855.1	reference genome	bPyrPyr1.hap1.1	Chromosome		1198448397	no
928672	Pyrrhula murina	Pyrrhula	Fringillidae	Passeriformes	Aves	Chordata	Pyrrhula murina	1	GCA_965183895.1	reference genome	bPyrMur1.1	Chromosome		1163867538	no
37607	Pyrrhula pyrrhula	Pyrrhula	Fringillidae	Passeriformes	Aves	Chordata	Pyrrhula pyrrhula	1	GCA_987196105.1	reference genome	bPyrPyh2.hap1.1	Chromosome		1201241580	no
30357	Pyxicephalus adspersus	Pyxicephalus	Pyxicephalidae	Anura	Amphibia	Chordata	Pyxicephalus adspersus	3	GCF_032062135.1	reference genome	UCB_Pads_2.0	Chromosome		1440301248	yes
109965	Quasipaa spinosa	Quasipaa	Dicroglossidae	Anura	Amphibia	Chordata	Quasipaa spinosa	1	GCA_060123405.1	reference genome	ASM6012340v1	Chromosome		2783108631	no
141264	Rachycentron canadum	Rachycentron	Rachycentridae	Carangiformes	Actinopteri	Chordata	Rachycentron canadum	3	GCA_059628185.1	reference genome	ASM5962818v1	Chromosome		588024622	no
904230	Rafetus swinhoei	Rafetus	Trionychidae	Testudines		Chordata	Rafetus swinhoei	1	GCA_019425775.1	reference genome	ASM1942577v1	Chromosome		2237949466	no
7781	Raja clavata	Raja	Rajidae	Rajiformes	Chondrichthyes	Chordata	Raja clavata	1	GCA_980434695.1	reference genome	sRajCla2.hap1.1	Chromosome		2720684976	no
223863	Raja microocellata	Raja	Rajidae	Rajiformes	Chondrichthyes	Chordata	Raja microocellata	1	GCA_982319585.1	reference genome	sRajMic1.hap1.1	Chromosome		2992175597	no
27588	Raja montagui	Raja	Rajidae	Rajiformes	Chondrichthyes	Chordata	Raja montagui	1	GCA_980250545.1	reference genome	sRajMon1.hap1.1	Chromosome		2761506678	no
182855	Raja undulata	Raja	Rajidae	Rajiformes	Chondrichthyes	Chordata	Raja undulata	1	GCA_980436725.1	reference genome	sRajUnd1.1	Chromosome		2933651393	no
54496	Rallus aquaticus	Rallus	Rallidae	Gruiformes	Aves	Chordata	Rallus aquaticus	1	GCA_965250365.1	reference genome	bRalAqu1.1	Chromosome		1266648806	no
109177	Rana amurensis	Rana	Ranidae	Anura	Amphibia	Chordata	Rana amurensis	1	GCA_060496945.1	reference genome	BTC_Ramu_2	Chromosome		4710474966	no
79015	Rana chensinensis	Rana	Ranidae	Anura	Amphibia	Chordata	Rana chensinensis	1	GCA_052815355.1	reference genome	ASM5281535v1	Chromosome		4230638015	no
147302	Rana italica	Rana	Ranidae	Anura	Amphibia	Chordata	Rana italica	2	GCA_982398585.1	reference genome	aRanIta1.1.hap2	Chromosome		5024435688	no
670907	Rana kukunoris	Rana	Ranidae	Anura	Amphibia	Chordata	Rana kukunoris	1	GCA_029574335.1	reference genome	ASM2957433v1	Chromosome		4830730561	no
160500	Rana muscosa	Rana	Ranidae	Anura	Amphibia	Chordata	Rana muscosa	1	GCA_029206835.1	reference genome	Rmu.v1	Chromosome		10160103425	no
8407	Rana temporaria	Rana	Ranidae	Anura	Amphibia	Chordata	Rana temporaria	3	GCF_905171775.1	reference genome	aRanTem1.1	Chromosome		4111422596	yes
9870	Rangifer tarandus	Rangifer	Cervidae	Artiodactyla	Mammalia	Chordata	Rangifer tarandus platyrhynchus	4	GCA_949782905.1	reference genome	mRanTar1.h1.1	Chromosome		2971153391	yes
111125	Ranitomeya imitator	Ranitomeya	Dendrobatidae	Anura	Amphibia	Chordata	Ranitomeya imitator	2	GCF_032444005.1	reference genome	aRanImi1.pri	Chromosome		5956610564	yes
490064	Ranitomeya variabilis	Ranitomeya	Dendrobatidae	Anura	Amphibia	Chordata	Ranitomeya variabilis	3	GCF_051348905.1	reference genome	aRanVar5.hap1	Chromosome		5645589471	yes
215407	Ranzania laevis	Ranzania	Molidae	Tetraodontiformes	Actinopteri	Chordata	Ranzania laevis	2	GCA_056748195.1	reference genome	fRanLae1.hap1	Chromosome		608623193	no
10116	Rattus norvegicus	Rattus	Muridae	Rodentia	Mammalia	Chordata	Rattus norvegicus	17	GCF_036323735.1	reference genome	GRCr8	Chromosome		2849581192	yes
10117	Rattus rattus	Rattus	Muridae	Rodentia	Mammalia	Chordata	Rattus rattus	3	GCF_011064425.1	reference genome	Rrattus_CSIRO_v1	Chromosome		2382770976	yes
1206991	Regalecus russelii	Regalecus	Regalecidae	Lampriformes	Actinopteri	Chordata	Regalecus russelii	1	GCA_060712675.1	reference genome	SCSIO_Rrus_1.0	Chromosome		716691368	no
73322	Regulus ignicapilla	Regulus	Regulidae	Passeriformes	Aves	Chordata	Regulus ignicapilla	1	GCA_987196245.1	reference genome	bRegIgn1.hap1.1	Chromosome		1194032053	no
68468	Regulus regulus	Regulus	Regulidae	Passeriformes	Aves	Chordata	Regulus regulus	1	GCA_988280725.1	reference genome	bRegReg1.hap1.1	Chromosome		1156584684	no
111784	Reinhardtius hippoglossoides	Reinhardtius	Pleuronectidae	Pleuronectiformes	Actinopteri	Chordata	Reinhardtius hippoglossoides	1	GCA_006182925.3	reference genome	UL_REHI_2.0	Chromosome		598508710	no
641296	Remorina albescens	Remorina	Echeneidae	Carangiformes	Actinopteri	Chordata	Remorina albescens	1	GCA_034769265.1	reference genome	ASM3476926v1	Chromosome		605303472	no
126483	Rhabdophis nuchalis	Rhabdophis	Natricidae	Squamata	Lepidosauria	Chordata	Rhabdophis nuchalis	1	GCA_039707465.1	reference genome	ASM3970746v1	Chromosome		1924646879	no
182642	Rhabdosargus sarba	Rhabdosargus	Sparidae	Spariformes	Actinopteri	Chordata	Rhabdosargus sarba	2	GCA_047275855.1	reference genome	CIBA_Rsar_1.1	Chromosome		764592746	no
304217	Rhamphochromis longiceps	Rhamphochromis	Cichlidae	Cichliformes	Actinopteri	Chordata	Rhamphochromis longiceps	3	GCF_057381845.1	reference genome	R_longiceps_female_GT1.1	Chromosome		976892117	yes
454631	Rhamphochromis sp. 'chilingali'	Rhamphochromis	Cichlidae	Cichliformes	Actinopteri	Chordata	Rhamphochromis sp. 'chilingali'	4	GCF_963969265.1		fRhaChi2.1	Chromosome		921167628	yes
8795	Rhea pennata	Rhea	Rheidae	Rheiformes	Aves	Chordata	Rhea pennata	2	GCF_028389875.1	reference genome	bPtePen1.pri	Chromosome		1269000025	yes
468512	Rhegmatorhina hoffmannsi	Rhegmatorhina	Thamnophilidae	Passeriformes	Aves	Chordata	Rhegmatorhina hoffmannsi	1	GCA_013398505.2	reference genome	LSU_RhHo_2.0	Chromosome		1066555733	no
194408	Rhinatrema bivittatum	Rhinatrema	Rhinatrematidae	Gymnophiona	Amphibia	Chordata	Rhinatrema bivittatum	2	GCF_901001135.2	reference genome	aRhiBiv1.2	Chromosome		5319222779	yes
259920	Rhincodon typus	Rhincodon	Rhincodontidae	Orectolobiformes	Chondrichthyes	Chordata	Rhincodon typus	3	GCF_021869965.1	reference genome	sRhiTyp1.1	Chromosome		2881325413	yes
1182262	Rhinesomus triqueter	Rhinesomus	Ostraciidae	Tetraodontiformes	Actinopteri	Chordata	Rhinesomus triqueter	1	GCA_977090075.1	reference genome	fRhiTri1.1	Chromosome		846516348	no
261503	Rhineura floridana	Rhineura	Rhineuridae	Squamata	Lepidosauria	Chordata	Rhineura floridana	2	GCF_030035675.1	reference genome	rRhiFlo1.hap2	Chromosome		2307419594	yes
43563	Rhinoderma darwinii	Rhinoderma	Rhinodermatidae	Anura	Amphibia	Chordata	Rhinoderma darwinii	3	GCF_050947455.1	reference genome	aRhiDar2.hap1	Chromosome		3657511227	yes
2590489	Rhinogobio nasutus	Rhinogobio	Gobionidae	Cypriniformes	Actinopteri	Chordata	Rhinogobio nasutus	1	GCA_048301585.1	reference genome	ASM4830158v1	Chromosome		953377980	no
171530	Rhinogobio ventralis	Rhinogobio	Gobionidae	Cypriniformes	Actinopteri	Chordata	Rhinogobio ventralis	1	GCA_039654625.1	reference genome	ASM3965462v1	Chromosome		1039347816	no
293146	Rhinogobius duospilus	Rhinogobius	Gobiidae	Gobiiformes	Actinopteri	Chordata	Rhinogobius duospilus	1	GCA_051624305.1	reference genome	SHOU_Rhdu_1.0	Chromosome		1031614774	no
1263952	Rhinogobius similis	Rhinogobius	Gobiidae	Gobiiformes	Actinopteri	Chordata	Rhinogobius similis	1	GCA_019453435.1	reference genome	ASM1945343v1	Chromosome		890097861	no
59477	Rhinolophus affinis	Rhinolophus	Rhinolophidae	Chiroptera	Mammalia	Chordata	Rhinolophus affinis	2	GCA_043728065.1	reference genome	ASM4372806v1	Chromosome		2302439935	yes
519037	Rhinolophus blasii	Rhinolophus	Rhinolophidae	Chiroptera	Mammalia	Chordata	Rhinolophus blasii	2	GCA_057428315.1	reference genome	mRhiBla1.hap2	Chromosome		1966211839	no
59478	Rhinolophus clivosus	Rhinolophus	Rhinolophidae	Chiroptera	Mammalia	Chordata	Rhinolophus clivosus	2	GCA_054645015.1	reference genome	mRhiCli1.hap1	Chromosome		2275760243	no
196296	Rhinolophus cornutus	Rhinolophus	Rhinolophidae	Chiroptera	Mammalia	Chordata	Rhinolophus cornutus	1	GCA_061612815.1	reference genome	ASM61612815v1	Chromosome		2053778398	no
49443	Rhinolophus darlingi	Rhinolophus	Rhinolophidae	Chiroptera	Mammalia	Chordata	Rhinolophus darlingi	2	GCA_057427945.1	reference genome	mRhiDar1.hap1	Chromosome		2181468215	no
59479	Rhinolophus ferrumequinum	Rhinolophus	Rhinolophidae	Chiroptera	Mammalia	Chordata	Rhinolophus ferrumequinum	2	GCF_004115265.2	reference genome	mRhiFer1_v1.p	Chromosome		2075768562	yes
77218	Rhinolophus hipposideros	Rhinolophus	Rhinolophidae	Chiroptera	Mammalia	Chordata	Rhinolophus hipposideros	3	GCF_964194185.1	reference genome	mRhiHip2.hap1.1	Chromosome		2171311786	yes
3030660	Rhinolophus perniger	Rhinolophus	Rhinolophidae	Chiroptera	Mammalia	Chordata	Rhinolophus perniger lanosus	1	GCA_043748575.1	reference genome	ASM4374857v1	Chromosome		2185518987	yes
188572	Rhinolophus rex	Rhinolophus	Rhinolophidae	Chiroptera	Mammalia	Chordata	Rhinolophus rex	1	GCA_041825415.1	reference genome	ASM4182541v1	Chromosome		2106339337	no
89399	Rhinolophus sinicus	Rhinolophus	Rhinolophidae	Chiroptera	Mammalia	Chordata	Rhinolophus sinicus	4	GCF_057876585.1	reference genome	RSI-T2T	Chromosome		2117228549	yes
430492	Rhinolophus trifoliatus	Rhinolophus	Rhinolophidae	Chiroptera	Mammalia	Chordata	Rhinolophus trifoliatus	1	GCA_043728145.1	reference genome	ASM4372814v1	Chromosome		2232405783	yes
2952509	Rhinolophus yonghoiseni	Rhinolophus	Rhinolophidae	Chiroptera	Mammalia	Chordata	Rhinolophus yonghoiseni	1	GCA_043880425.1	reference genome	ASM4388042v1	Chromosome		2323175246	yes
43566	Rhinophrynus dorsalis	Rhinophrynus	Rhinophrynidae	Anura	Amphibia	Chordata	Rhinophrynus dorsalis	2	GCA_037306005.1	reference genome	aRhiDor1.hap1	Chromosome		4745552136	yes
61622	Rhinopithecus roxellana	Rhinopithecus	Cercopithecidae	Primates	Mammalia	Chordata	Rhinopithecus roxellana	2	GCF_007565055.1	reference genome	ASM756505v1	Chromosome		3038460517	yes
1034335	Rhinopoma cystops	Rhinopoma	Rhinopomatidae	Chiroptera	Mammalia	Chordata	Rhinopoma cystops	2	GCA_055761895.1	reference genome	mRhiCys1.hap1	Chromosome		3200848786	no
173903	Rhinopoma microphyllum	Rhinopoma	Rhinopomatidae	Chiroptera	Mammalia	Chordata	Rhinopoma microphyllum	1	GCA_043880545.1	reference genome	ASM4388054v1	Chromosome		2564586454	yes
667116	Rhinoraja longicauda	Rhinoraja	Arhynchobatidae	Rajiformes	Chondrichthyes	Chordata	Rhinoraja longicauda	2	GCF_053455715.1	reference genome	sRhiLon1.1	Chromosome		2198843048	yes
759953	Rhinotyphlops lalandei	Rhinotyphlops	Typhlopidae	Squamata	Lepidosauria	Chordata	Rhinotyphlops lalandei	2	GCA_057127545.1	reference genome	rRhiLal1.hap1	Chromosome		1709942191	yes
192373	Rhodeus sinensis	Rhodeus	Acheilognathidae	Cypriniformes	Actinopteri	Chordata	Rhodeus sinensis	1	GCA_061208665.1	reference genome	ASM6120866v1	Chromosome		772160428	no
40507	Rhomboplites aurorubens	Rhomboplites	Lutjanidae	Lutjaniformes	Actinopteri	Chordata	Rhomboplites aurorubens	1	GCA_041380415.1	reference genome	vsnapper_v1	Chromosome		986797840	no
86220	Rhyacichthys aspro	Rhyacichthys	Rhyacichthyidae	Gobiiformes	Actinopteri	Chordata	Rhyacichthys aspro	1	GCA_036850595.2	reference genome	ASM3685059v2	Chromosome		594556839	no
320637	Rhynchocyon petersi	Rhynchocyon	Macroscelididae	Macroscelidea	Mammalia	Chordata	Rhynchocyon petersi	2	GCA_043290065.1	reference genome	mRhyPet1.hap2	Chromosome		5331151070	no
219677	Rhynchocypris lagowskii	Rhynchocypris	Leuciscidae	Cypriniformes	Actinopteri	Chordata	Rhynchocypris lagowskii	3	GCA_049462935.1	reference genome	ASM4946293v1	Chromosome		1216931847	no
249017	Rhynchonycteris naso	Rhynchonycteris	Emballonuridae	Chiroptera	Mammalia	Chordata	Rhynchonycteris naso	2	GCA_037038555.1	reference genome	mRhyNas2.hap2	Chromosome		2296372838	no
54386	Rhynochetos jubatus	Rhynochetos	Rhynochetidae	Eurypygiformes	Aves	Chordata	Rhynochetos jubatus	1	GCA_027574665.1	reference genome	bRhyJub1.pri	Chromosome		1331454348	yes
88110	Riparia riparia	Riparia	Hirundinidae	Passeriformes	Aves	Chordata	Riparia riparia	2	GCA_055001455.1	reference genome	ICG_Riri_1	Complete Genome		1189392182	no
75485	Rissa tridactyla	Rissa	Laridae	Charadriiformes	Aves	Chordata	Rissa tridactyla	3	GCF_028500815.1	reference genome	bRisTri1.patW.cur.20221130	Chromosome		1353621101	yes
44707	Rivulus cylindraceus	Rivulus	Rivulidae	Cyprinodontiformes	Actinopteri	Chordata	Rivulus cylindraceus	2	GCA_058775085.1	reference genome	fRivCyl1.hap1	Chromosome		678130221	no
260767	Romanogobio albipinnatus	Romanogobio	Gobionidae	Cypriniformes	Actinopteri	Chordata	Romanogobio albipinnatus	1	GCA_023566225.1	reference genome	ASM2356622v1	Chromosome		1428567521	no
9407	Rousettus aegyptiacus	Rousettus	Pteropodidae	Chiroptera	Mammalia	Chordata	Rousettus aegyptiacus	1	GCA_014176215.2	reference genome	mRouAeg1.pri	Chromosome		1892781429	no
9408	Rousettus leschenaultii	Rousettus	Pteropodidae	Chiroptera	Mammalia	Chordata	Rousettus leschenaultii	1	GCA_053538355.2	reference genome	ASM5353835v2	Chromosome		1952227642	no
77223	Rousettus madagascariensis	Rousettus	Pteropodidae	Chiroptera	Mammalia	Chordata	Rousettus madagascariensis	2	GCA_059802175.1	reference genome	mRouMad1.hap2	Chromosome		1831512300	no
1088090	Rucervus eldii	Rucervus	Cervidae	Artiodactyla	Mammalia	Chordata	Rucervus eldii thamin	2	GCA_054824845.1	reference genome	mRucEld1.hap2	Chromosome		2790332288	no
34869	Rupicapra rupicapra	Rupicapra	Bovidae	Artiodactyla	Mammalia	Chordata	Rupicapra rupicapra	1	GCA_963981305.1	reference genome	mRupRup1.1	Chromosome		2622988171	no
48668	Rutilus rutilus	Rutilus	Leuciscidae	Cypriniformes	Actinopteri	Chordata	Rutilus rutilus	2	GCF_951802725.1	reference genome	fRutRut2.1	Chromosome		1100179043	yes
59482	Saccopteryx bilineata	Saccopteryx	Emballonuridae	Chiroptera	Mammalia	Chordata	Saccopteryx bilineata	2	GCF_036850765.1	reference genome	mSacBil1_pri_phased_curated	Chromosome		2612309609	yes
249018	Saccopteryx leptura	Saccopteryx	Emballonuridae	Chiroptera	Mammalia	Chordata	Saccopteryx leptura	2	GCF_036850995.1	reference genome	mSacLep1_pri_phased_curated	Chromosome		2576497192	yes
30586	Saguinus midas	Saguinus	Cebidae	Primates	Mammalia	Chordata	Saguinus midas	1	GCA_021498475.1	reference genome	ASM2149847v1	Chromosome		2968536278	no
9490	Saguinus oedipus	Saguinus	Cebidae	Primates	Mammalia	Chordata	Saguinus oedipus	3	GCA_031835075.1	reference genome	ASM3183507v1	Chromosome		3240181431	yes
27679	Saimiri boliviensis	Saimiri	Cebidae	Primates	Mammalia	Chordata	Saimiri boliviensis	2	GCF_048565385.1	reference genome	mSaiBol1.pri	Chromosome		2747459968	yes
306639	Salanx cuvieri	Salanx	Salangidae	Osmeriformes	Actinopteri	Chordata	Salanx cuvieri	1	GCA_044705685.1	reference genome	ASM4470568v1	Chromosome		428740899	no
152553	Salaria pavo	Salaria	Blenniidae	Blenniiformes	Actinopteri	Chordata	Salaria pavo	1	GCA_043647535.1	reference genome	SPavo_v1.1	Chromosome		735961425	no
181472	Salarias fasciatus	Salarias	Blenniidae	Blenniiformes	Actinopteri	Chordata	Salarias fasciatus	2	GCF_902148845.1	reference genome	fSalaFa1.1	Chromosome		797490645	yes
930266	Salminus brasiliensis	Salminus	Bryconidae	Characiformes	Actinopteri	Chordata	Salminus brasiliensis	3	GCF_030463535.1	reference genome	fSalBra1.hap2	Chromosome		1066483687	yes
8030	Salmo salar	Salmo	Salmonidae	Salmoniformes	Actinopteri	Chordata	Salmo salar	9	GCF_965601325.2	reference genome	fSalSal1	Chromosome		2825041709	yes
8032	Salmo trutta	Salmo	Salmonidae	Salmoniformes	Actinopteri	Chordata	Salmo trutta	3	GCF_901001165.2	reference genome	fSalTru1.2	Chromosome		2371863509	yes
8036	Salvelinus alpinus	Salvelinus	Salmonidae	Salmoniformes	Actinopteri	Chordata	Salvelinus alpinus	4	GCF_045679555.1	reference genome	SLU_Salpinus.1	Chromosome		2367887750	yes
8038	Salvelinus fontinalis	Salvelinus	Salmonidae	Salmoniformes	Actinopteri	Chordata	Salvelinus fontinalis	3	GCF_029448725.1	reference genome	ASM2944872v1	Chromosome		2496185110	yes
8039	Salvelinus malma	Salvelinus	Salmonidae	Salmoniformes	Actinopteri	Chordata	Salvelinus malma	3	GCA_060252075.1	reference genome	ASM6025207v1	Chromosome		2518966877	no
8040	Salvelinus namaycush	Salvelinus	Salmonidae	Salmoniformes	Actinopteri	Chordata	Salvelinus namaycush	2	GCF_016432855.1	reference genome	SaNama_1.0	Chromosome		2345496725	yes
2691554	Salvelinus sp. IW2-2015	Salvelinus	Salmonidae	Salmoniformes	Actinopteri	Chordata	Salvelinus sp. IW2-2015	2	GCF_002910315.2		ASM291031v2	Chromosome		2169536488	yes
283035	Sander lucioperca	Sander	Percidae	Perciformes	Actinopteri	Chordata	Sander lucioperca	3	GCF_008315115.2	reference genome	SLUC_FBN_1.2	Chromosome		901221791	yes
283036	Sander vitreus	Sander	Percidae	Perciformes	Actinopteri	Chordata	Sander vitreus	2	GCF_031162955.1	reference genome	sanVit1	Chromosome		791702833	yes
9305	Sarcophilus harrisii	Sarcophilus	Dasyuridae	Dasyuromorphia	Mammalia	Chordata	Sarcophilus harrisii	3	GCF_902635505.1	reference genome	mSarHar1.11	Chromosome		3086657325	yes
43583	Sarcoramphus papa	Sarcoramphus	Cathartidae	Accipitriformes	Aves	Chordata	Sarcoramphus papa	2	GCA_037962945.1	reference genome	bSarPap1.hap1	Chromosome		1543931415	yes
27697	Sardina pilchardus	Sardina	Clupeidae	Clupeiformes	Actinopteri	Chordata	Sardina pilchardus	2	GCF_963854185.1	reference genome	fSarPil1.1	Chromosome		869396467	yes
8144	Sarotherodon galilaeus	Sarotherodon	Cichlidae	Cichliformes	Actinopteri	Chordata	Sarotherodon galilaeus	1	GCA_046562855.1	reference genome	ASM4656285v1	Chromosome		1025281566	yes
50613	Sarotherodon melanotheron	Sarotherodon	Cichlidae	Cichliformes	Actinopteri	Chordata	Sarotherodon melanotheron	2	GCA_056507825.1	reference genome	ASM5650782v1	Chromosome		996949110	no
87759	Sarpa salpa	Sarpa	Sparidae	Spariformes	Actinopteri	Chordata	Sarpa salpa	1	GCA_977007045.1	reference genome	fSarSal1.1	Chromosome		782223876	no
56315	Sayornis phoebe	Sayornis	Tyrannidae	Passeriformes	Aves	Chordata	Sayornis phoebe	2	GCA_055470965.1	reference genome	bSayPho3.hap1	Chromosome		1175667572	no
85089	Scaphiopus couchii	Scaphiopus	Pelobatidae	Anura	Amphibia	Chordata	Scaphiopus couchii	2	GCA_054954225.1	reference genome	aScaCou1.hap1	Chromosome		1026693381	no
446353	Scaptochirus moschatus	Scaptochirus	Talpidae	Eulipotyphla	Mammalia	Chordata	Scaptochirus moschatus	1	GCA_042919465.1	reference genome	ASM4291946v1	Chromosome		2252983806	no
58319	Scardinius erythrophthalmus	Scardinius	Leuciscidae	Cypriniformes	Actinopteri	Chordata	Scardinius erythrophthalmus	3	GCF_964197995.2	reference genome	fScaEry2.hap1.2	Chromosome		1229575469	yes
247625	Scarus psittacus	Scarus	Labridae	Labriformes	Actinopteri	Chordata	Scarus psittacus	1	GCA_054948785.1	reference genome	ASM5494878v1	Chromosome		1523874111	no
247627	Scarus rivulatus	Scarus	Labridae	Labriformes	Actinopteri	Chordata	Scarus rivulatus	1	GCA_051912175.1	reference genome	ASM5191217v1	Chromosome		1584527757	no
247628	Scarus rubroviolaceus	Scarus	Labridae	Labriformes	Actinopteri	Chordata	Scarus rubroviolaceus	1	GCA_054948765.1	reference genome	ASM5494876v1	Chromosome		1669000860	no
75038	Scatophagus argus	Scatophagus	Scatophagidae		Actinopteri	Chordata	Scatophagus argus	2	GCF_020382885.2	reference genome	fScaArg1.pri	Chromosome		570785501	yes
190870	Sceloporus tristichus	Sceloporus	Phrynosomatidae	Squamata	Lepidosauria	Chordata	Sceloporus tristichus	2	GCA_016801065.1	reference genome	ASM1680106v1	Chromosome		1815771249	no
361645	Schizopygopsis malacanthus	Schizopygopsis	Cyprinidae	Cypriniformes	Actinopteri	Chordata	Schizopygopsis malacanthus	1	GCA_027474115.1	reference genome	SKLP_Smal_1.2	Chromosome		913106877	no
263523	Schizopygopsis pylzovi	Schizopygopsis	Cyprinidae	Cypriniformes	Actinopteri	Chordata	Schizopygopsis pylzovi	1	GCA_027422435.1	reference genome	SKLP_Spyl_1.3	Chromosome		933587705	no
263521	Schizopygopsis younghusbandi	Schizopygopsis	Cyprinidae	Cypriniformes	Actinopteri	Chordata	Schizopygopsis younghusbandi	6	GCA_056633435.1	reference genome	ASM5663343v1	Chromosome		890743471	no
2036785	Schizothorax curvilabiatus	Schizothorax	Cyprinidae	Cypriniformes	Actinopteri	Chordata	Schizothorax curvilabiatus	7	GCA_056846425.1	reference genome	ASM5684642v1	Chromosome		906481649	no
343527	Schizothorax lantsangensis	Schizothorax	Cyprinidae	Cypriniformes	Actinopteri	Chordata	Schizothorax lantsangensis	1	GCA_027422415.1	reference genome	SKLP_Slan_1.0	Chromosome		972415673	no
327692	Schizothorax lissolabiata	Schizothorax	Cyprinidae	Cypriniformes	Actinopteri	Chordata	Schizothorax lissolabiata	1	GCA_060511705.1	reference genome	SLIS_v1.0	Chromosome		859109521	no
263547	Schizothorax macropogon	Schizothorax	Cyprinidae	Cypriniformes	Actinopteri	Chordata	Schizothorax macropogon	1	GCA_041051915.1	reference genome	ASM4105191v1	Chromosome		1420412499	no
76340	Sciaenops ocellatus	Sciaenops	Sciaenidae		Actinopteri	Chordata	Sciaenops ocellatus	1	GCA_033000465.1	reference genome	ASM3300046v1	Chromosome		690607662	no
30640	Sciurus carolinensis	Sciurus	Sciuridae	Rodentia	Mammalia	Chordata	Sciurus carolinensis	2	GCF_902686445.1	reference genome	mSciCar1.2	Chromosome		2815397268	yes
55149	Sciurus vulgaris	Sciurus	Sciuridae	Rodentia	Mammalia	Chordata	Sciurus vulgaris	2	GCF_902686455.1	reference genome	mSciVul1.2	Chromosome		2878591032	yes
113540	Scleropages formosus	Scleropages	Osteoglossidae	Osteoglossiformes	Actinopteri	Chordata	Scleropages formosus	4	GCF_900964775.1	reference genome	fSclFor1.1	Chromosome		784546363	yes
113541	Scleropages jardinii	Scleropages	Osteoglossidae	Osteoglossiformes	Actinopteri	Chordata	Scleropages jardinii	1	GCA_054883365.1	reference genome	ASM5488336v1	Complete Genome		765335038	no
100826	Scolopax rusticola	Scolopax	Scolopacidae	Charadriiformes	Aves	Chordata	Scolopax rusticola	2	GCA_964304615.2	reference genome	bScoRus3.2	Chromosome		1199152678	no
13676	Scomber japonicus	Scomber	Scombridae	Scombriformes	Actinopteri	Chordata	Scomber japonicus	2	GCF_027409825.1	reference genome	fScoJap1.pri	Chromosome		828681152	yes
13677	Scomber scombrus	Scomber	Scombridae	Scombriformes	Actinopteri	Chordata	Scomber scombrus	2	GCF_963691925.1	reference genome	fScoSco1.1	Chromosome		764141294	yes
218798	Scomberomorus commerson	Scomberomorus	Scombridae	Scombriformes	Actinopteri	Chordata	Scomberomorus commerson	1	GCA_984579105.1	reference genome	S_commerson_COM	Chromosome		768142564	no
99343	Scomberomorus guttatus	Scomberomorus	Scombridae	Scombriformes	Actinopteri	Chordata	Scomberomorus guttatus	1	GCA_038419695.1	reference genome	ASM3841969v1	Chromosome		797665432	no
321164	Scomberomorus niphonius	Scomberomorus	Scombridae	Scombriformes	Actinopteri	Chordata	Scomberomorus niphonius	1	GCA_060697085.1	reference genome	ASM6069708v1	Chromosome		737171325	no
52904	Scophthalmus maximus	Scophthalmus	Scophthalmidae	Pleuronectiformes	Actinopteri	Chordata	Scophthalmus maximus	6	GCF_022379125.1	reference genome	ASM2237912v1	Chromosome		538217135	yes
210003	Scorpaena notata	Scorpaena	Scorpaenidae	Perciformes	Actinopteri	Chordata	Scorpaena notata	1	GCA_978406735.1	reference genome	fScoNot1.1	Chromosome		1111126948	no
274700	Scorpaena plumieri	Scorpaena	Scorpaenidae	Perciformes	Actinopteri	Chordata	Scorpaena plumieri	1	GCA_977109165.1	reference genome	fScoPlm1.1	Chromosome		1295960027	no
338887	Scorpaena porcus	Scorpaena	Scorpaenidae	Perciformes	Actinopteri	Chordata	Scorpaena porcus	1	GCA_984586865.1	reference genome	fScoPor1.1	Chromosome		1169926868	no
210004	Scorpaena scrofa	Scorpaena	Scorpaenidae	Perciformes	Actinopteri	Chordata	Scorpaena scrofa	1	GCA_982374735.1	reference genome	fScoScr1.1	Chromosome		1168894489	no
1182848	Scorpaenodes tredecimspinosus	Scorpaenodes	Scorpaenidae	Perciformes	Actinopteri	Chordata	Scorpaenodes tredecimspinosus	1	GCA_978264465.1	reference genome	fScoTre1.1	Chromosome		1049540187	no
214431	Scortum barcoo	Scortum	Terapontidae	Centrarchiformes	Actinopteri	Chordata	Scortum barcoo	1	GCA_023238725.1	reference genome	ASM2323872v1	Chromosome		657949666	yes
7830	Scyliorhinus canicula	Scyliorhinus	Scyliorhinidae	Carcharhiniformes	Chondrichthyes	Chordata	Scyliorhinus canicula	2	GCF_902713615.2	reference genome	sScyCan1.2	Chromosome		4220389930	yes
75743	Scyliorhinus torazame	Scyliorhinus	Scyliorhinidae	Carcharhiniformes	Chondrichthyes	Chordata	Scyliorhinus torazame	2	GCF_047496885.1	reference genome	sScyTor2.1	Chromosome		6451259511	yes
394691	Sebastes fasciatus	Sebastes	Sebastidae	Perciformes	Actinopteri	Chordata	Sebastes fasciatus	2	GCF_043250625.1	reference genome	fSebFas1.pri	Chromosome		833835073	yes
394696	Sebastes mentella	Sebastes	Sebastidae	Perciformes	Actinopteri	Chordata	Sebastes mentella	3	GCA_987194855.1	reference genome	fSebMen2.hap1.1	Chromosome		869740140	no
214486	Sebastes schlegelii	Sebastes	Sebastidae	Perciformes	Actinopteri	Chordata	Sebastes schlegelii	1	GCA_014673565.1	reference genome	ASM1467356v1	Chromosome		848024649	no
72105	Sebastes umbrosus	Sebastes	Sebastidae	Perciformes	Actinopteri	Chordata	Sebastes umbrosus	2	GCF_015220745.1	reference genome	fSebUmb1.pri	Chromosome		800904020	yes
41446	Sebastiscus marmoratus	Sebastiscus	Sebastidae	Perciformes	Actinopteri	Chordata	Sebastiscus marmoratus	1	GCA_058450925.1	reference genome	ASM5845092v1	Chromosome		810035071	no
240704	Selasphorus platycercus	Selasphorus	Trochilidae	Apodiformes	Aves	Chordata	Selasphorus platycercus	1	GCA_054372455.1	reference genome	SelPlat_v1	Chromosome		1009456933	no
9135	Serinus canaria	Serinus	Fringillidae	Passeriformes	Aves	Chordata	Serinus canaria	4	GCF_022539315.1	reference genome	serCan2020	Chromosome		1050336073	yes
2871759	Seriola aureovittata	Seriola	Carangidae	Carangiformes	Actinopteri	Chordata	Seriola aureovittata	3	GCF_021018895.1	reference genome	ASM2101889v1	Chromosome		647095223	yes
41447	Seriola dumerili	Seriola	Carangidae	Carangiformes	Actinopteri	Chordata	Seriola dumerili	5	GCA_056882315.1		ASM5688231v1	Complete Genome		683232799	no
587071	Serranocirrhitus latus	Serranocirrhitus	Anthiadidae	Perciformes	Actinopteri	Chordata	Serranocirrhitus latus	2	GCA_988281205.1	reference genome	Serranocirrhitus latus_haplotype_2_assembly	Chromosome		816939493	no
94953	Serranus cabrilla	Serranus	Serranidae	Perciformes	Actinopteri	Chordata	Serranus cabrilla	1	GCA_965643205.1	reference genome	fSerCab1.1	Chromosome		735053178	no
349661	Serranus scriba	Serranus	Serranidae	Perciformes	Actinopteri	Chordata	Serranus scriba	1	GCA_977118025.1	reference genome	fSerScr1.1	Chromosome		924801193	no
138556	Serrasalmus rhombeus	Serrasalmus	Serrasalmidae	Characiformes	Actinopteri	Chordata	Serrasalmus rhombeus	1	GCA_051861685.1	reference genome	SRHO_1.1	Chromosome		1214304129	yes
762045	Setipinna tenuifilis	Setipinna	Engraulidae	Clupeiformes	Actinopteri	Chordata	Setipinna tenuifilis	1	GCA_030347295.1	reference genome	S_ten_1.0	Chromosome		798382266	no
111975	Setophaga coronata	Setophaga	Parulidae	Passeriformes	Aves	Chordata	Setophaga coronata coronata	1	GCA_001746935.2	reference genome	mywa_2.1	Chromosome		1022634526	no
52224	Shinisaurus crocodilurus	Shinisaurus	Shinisauridae	Squamata	Lepidosauria	Chordata	Shinisaurus crocodilurus	1	GCA_021292165.1	reference genome	IOZ_Scro_1.0	Chromosome		2189995079	yes
3370786	Sicista trizona	Sicista	Dipodidae	Rodentia	Mammalia	Chordata	Sicista trizona	2	GCA_982266845.1	reference genome	mSicTri.1	Chromosome		2798460069	no
75042	Siganus canaliculatus	Siganus	Siganidae		Actinopteri	Chordata	Siganus canaliculatus	3	GCA_053572195.1	reference genome	QU_Sigcan_1.0	Chromosome		527548736	yes
225760	Siganus javus	Siganus	Siganidae		Actinopteri	Chordata	Siganus javus	1	GCA_059334555.1	reference genome	CIBA_Sjav_1.1	Chromosome		583104255	no
225759	Siganus virgatus	Siganus	Siganidae		Actinopteri	Chordata	Siganus virgatus	1	GCA_051362085.1	reference genome	ASM5136208v1	Chromosome		585374843	no
42415	Sigmodon hispidus	Sigmodon	Cricetidae	Rodentia	Mammalia	Chordata	Sigmodon hispidus	2	GCA_047301775.1	reference genome	ASM4730177v1	Chromosome		2668580129	no
933932	Silurus aristotelis	Silurus	Siluridae	Siluriformes	Actinopteri	Chordata	Silurus aristotelis	2	GCF_946808225.1	reference genome	fSilAri3.1	Chromosome		800101988	yes
3001435	Silurus duanensis	Silurus	Siluridae	Siluriformes	Actinopteri	Chordata	Silurus duanensis	1	GCA_058369565.1	reference genome	ASM5836956v1	Chromosome		820688962	no
94993	Silurus glanis	Silurus	Siluridae	Siluriformes	Actinopteri	Chordata	Silurus glanis	1	GCA_055474285.1	reference genome	ASM5547428v1	Chromosome		808560677	no
395014	Silurus lanzhouensis	Silurus	Siluridae	Siluriformes	Actinopteri	Chordata	Silurus lanzhouensis	1	GCA_055474345.1	reference genome	ASM5547434v1	Chromosome		794166597	no
175797	Silurus meridionalis	Silurus	Siluridae	Siluriformes	Actinopteri	Chordata	Silurus meridionalis	2	GCF_014805685.1	reference genome	ASM1480568v1	Chromosome		742579920	yes
2202366	Sinibrama wui	Sinibrama	Xenocyprididae	Cypriniformes	Actinopteri	Chordata	Sinibrama wui	1	GCA_040182825.1	reference genome	SW_HiC	Chromosome		1028973183	no
119488	Siniperca chuatsi	Siniperca	Sinipercidae	Centrarchiformes	Actinopteri	Chordata	Siniperca chuatsi	5	GCF_020085105.1	reference genome	ASM2008510v1	Chromosome		718804017	yes
214812	Siniperca knerii	Siniperca	Sinipercidae	Centrarchiformes	Actinopteri	Chordata	Siniperca knerii	1	GCA_011952075.1	reference genome	sinKne6b	Chromosome		723564461	no
358390	Siniperca obscura	Siniperca	Sinipercidae	Centrarchiformes	Actinopteri	Chordata	Siniperca obscura	1	GCA_049996615.1	reference genome	ASM4999661v1	Chromosome		734123468	no
358392	Siniperca roulei	Siniperca	Sinipercidae	Centrarchiformes	Actinopteri	Chordata	Siniperca roulei	1	GCA_047228765.1	reference genome	ASM4722876v1	Chromosome		717339674	no
228252	Siniperca scherzeri	Siniperca	Sinipercidae	Centrarchiformes	Actinopteri	Chordata	Siniperca scherzeri	3	GCA_055815275.1	reference genome	ASM5581527v1	Chromosome		757906621	yes
1608454	Sinocyclocheilus anshuiensis	Sinocyclocheilus	Cyprinidae	Cypriniformes	Actinopteri	Chordata	Sinocyclocheilus anshuiensis	1	GCA_045785235.1		ASM4578523v1	Chromosome		1425442097	no
307966	Sinocyclocheilus bicornutus	Sinocyclocheilus	Cyprinidae	Cypriniformes	Actinopteri	Chordata	Sinocyclocheilus bicornutus	1	GCA_054730315.1	reference genome	ASM5473031v1	Chromosome		1879715179	no
307964	Sinocyclocheilus jii	Sinocyclocheilus	Cyprinidae	Cypriniformes	Actinopteri	Chordata	Sinocyclocheilus jii	1	GCA_049830015.1	reference genome	ASM4983001v1	Chromosome		1750267871	no
3342666	Sinocyclocheilus longicornus	Sinocyclocheilus	Cyprinidae	Cypriniformes	Actinopteri	Chordata	Sinocyclocheilus longicornus	1	GCA_054730325.1	reference genome	ASM5473032v1	Chromosome		1822110695	no
307951	Sinocyclocheilus maitianheensis	Sinocyclocheilus	Cyprinidae	Cypriniformes	Actinopteri	Chordata	Sinocyclocheilus maitianheensis	1	GCA_045785285.1	reference genome	ASM4578528v1	Chromosome		1644446117	no
3040436	Siphamia fuscolineata	Siphamia	Apogonidae	Kurtiformes	Actinopteri	Chordata	Siphamia fuscolineata	1	GCA_052576435.1	reference genome	Sfusco_v1.1	Chromosome		1118527788	no
1536898	Siphamia tubifer	Siphamia	Apogonidae	Kurtiformes	Actinopteri	Chordata	Siphamia tubifer	1	GCA_020466265.1	reference genome	ASM2046626v1	Chromosome		1200827456	no
8756	Sistrurus catenatus	Sistrurus	Viperidae	Squamata	Lepidosauria	Chordata	Sistrurus catenatus	1	GCA_039880765.1	reference genome	rSisCat1_p1.0	Chromosome		1559830260	no
50250	Sitta carolinensis	Sitta	Sittidae	Passeriformes	Aves	Chordata	Sitta carolinensis	3	GCA_032173965.1	reference genome	ASM3217396v1	Chromosome		1032235423	no
50251	Sitta europaea	Sitta	Sittidae	Passeriformes	Aves	Chordata	Sitta europaea	2	GCA_965153155.1	reference genome	bSitEur1.h1.1	Chromosome		1093864147	yes
9301	Sminthopsis crassicaudata	Sminthopsis	Dasyuridae	Dasyuromorphia	Mammalia	Chordata	Sminthopsis crassicaudata	3	GCF_048593235.1	reference genome	ASM4859323v1	Chromosome		3239981553	yes
28829	Solea senegalensis	Solea	Soleidae	Pleuronectiformes	Actinopteri	Chordata	Solea senegalensis	3	GCF_019176455.1	reference genome	IFAPA_SoseM_1	Chromosome		603518608	yes
90069	Solea solea	Solea	Soleidae	Pleuronectiformes	Actinopteri	Chordata	Solea solea	2	GCF_958295425.1	reference genome	fSolSol10.1	Chromosome		643757955	yes
3136565	Solocisquama sp. Z669	Solocisquama	Ogcocephalidae	Lophiiformes	Actinopteri	Chordata	Solocisquama sp. Z669	1	GCA_058705505.1		ASM5870550v1	Chromosome		829459736	no
76058	Somateria mollissima	Somateria	Anatidae	Anseriformes	Aves	Chordata	Somateria mollissima	3	GCA_951411735.1	reference genome	bSomMol1.h1.1	Chromosome		1205423405	no
191813	Somniosus microcephalus	Somniosus	Somniosidae	Squaliformes	Chondrichthyes	Chordata	Somniosus microcephalus	3	GCF_052327205.1	reference genome	FLI_Smic_1.0	Chromosome		6448606148	yes
42254	Sorex araneus	Sorex	Soricidae	Eulipotyphla	Mammalia	Chordata	Sorex araneus	2	GCF_027595985.1	reference genome	mSorAra2.pri	Chromosome		2405993548	yes
103598	Sotalia fluviatilis	Sotalia	Delphinidae	Artiodactyla	Mammalia	Chordata	Sotalia fluviatilis	1	GCA_059578065.1	reference genome	Unicamp_Sflu_1.0	Chromosome		2315531174	no
338729	Sotalia guianensis	Sotalia	Delphinidae	Artiodactyla	Mammalia	Chordata	Sotalia guianensis	2	GCA_060252115.1	reference genome	Sgui2.0	Chromosome		2379192587	no
8175	Sparus aurata	Sparus	Sparidae	Spariformes	Actinopteri	Chordata	Sparus aurata	3	GCF_900880675.2	reference genome	fSpaAur1.2	Chromosome		833578411	yes
75838	Spatula clypeata	Spatula	Anatidae	Anseriformes	Aves	Chordata	Spatula clypeata	1	GCA_977066335.1		bSpaCly1.hap1.1	Chromosome		1236960625	no
233779	Spea bombifrons	Spea	Pelobatidae	Anura	Amphibia	Chordata	Spea bombifrons	2	GCF_027358695.1	reference genome	aSpeBom1.2.pri	Chromosome		987655159	yes
30317	Spea multiplicata	Spea	Pelobatidae	Anura	Amphibia	Chordata	Spea multiplicata	2	GCA_054668525.1	reference genome	aSpeMul1.hap1	Chromosome		959398860	no
9997	Spermophilus citellus	Spermophilus	Sciuridae	Rodentia	Mammalia	Chordata	Spermophilus citellus	2	GCF_964194105.1	reference genome	mSpeCit3.1	Chromosome		3090032603	yes
375764	Sphaeramia orbicularis	Sphaeramia	Apogonidae	Kurtiformes	Actinopteri	Chordata	Sphaeramia orbicularis	2	GCF_902148855.1	reference genome	fSphaOr1.1	Chromosome		1342662642	yes
933632	Sphaerodactylus townsendi	Sphaerodactylus	Sphaerodactylidae	Squamata	Lepidosauria	Chordata	Sphaerodactylus townsendi	2	GCF_021028975.2	reference genome	MPM_Stown_v2.3	Chromosome		1810846735	yes
92683	Spheniscus demersus	Spheniscus	Spheniscidae	Sphenisciformes	Aves	Chordata	Spheniscus demersus	2	GCA_050947425.1	reference genome	bSphDem1.hap1	Chromosome		1307516078	no
9240	Spheniscus humboldti	Spheniscus	Spheniscidae	Sphenisciformes	Aves	Chordata	Spheniscus humboldti	1	GCA_027474245.1	reference genome	bSphHub1.pri	Chromosome		1358357718	yes
70868	Sphyraena barracuda	Sphyraena	Sphyraenidae		Actinopteri	Chordata	Sphyraena barracuda	2	GCA_988282095.1	reference genome	Sphyraena barracuda_haplotype_1_assembly	Chromosome		637479208	no
1680617	Sphyraena novaehollandiae	Sphyraena	Sphyraenidae		Actinopteri	Chordata	Sphyraena novaehollandiae	2	GCA_050436865.1	reference genome	fSphNov1.hap2.cur.20230825	Chromosome		610064789	no
98823	Spicara maena	Spicara	Centracanthidae	Spariformes	Actinopteri	Chordata	Spicara maena	1	GCA_978045295.1	reference genome	fSpiMae1.1	Chromosome		770850882	no
206126	Spinachia spinachia	Spinachia	Gasterosteidae	Perciformes	Actinopteri	Chordata	Spinachia spinachia	2	GCA_048126635.1	reference genome	SpiSpi1_v1.hap1	Chromosome		407541755	yes
221414	Spinibarbus caldwelli	Spinibarbus	Cyprinidae	Cypriniformes	Actinopteri	Chordata	Spinibarbus caldwelli	1	GCA_039654775.1	reference genome	ASM3965477v1	Chromosome		1773070092	no
172906	Spinibarbus hollandi	Spinibarbus	Cyprinidae	Cypriniformes	Actinopteri	Chordata	Spinibarbus hollandi	1	GCA_057929085.1	reference genome	SYSU_Shol_1.0	Chromosome		1771078405	no
2201931	Spinus pinus	Spinus	Fringillidae	Passeriformes	Aves	Chordata	Spinus pinus	2	GCA_053477405.1	reference genome	bSpiPin_pri1.0	Chromosome		1253257106	no
160760	Spinus spinus	Spinus	Fringillidae	Passeriformes	Aves	Chordata	Spinus spinus	3	GCA_987197695.1	reference genome	bSpiSpi3.hap1.1	Chromosome		1228625454	no
54773	Spinus tristis	Spinus	Fringillidae	Passeriformes	Aves	Chordata	Spinus tristis	2	GCA_057381485.1	reference genome	bSpiTri1.hap2	Chromosome		1220750257	no
260508	Spirinchus thaleichthys	Spirinchus	Osmeridae	Osmeriformes	Actinopteri	Chordata	Spirinchus thaleichthys	1	GCA_052324805.2	reference genome	GVL_SpThal_2.0	Chromosome		591435008	no
40210	Spizella passerina	Spizella	Passerellidae	Passeriformes	Aves	Chordata	Spizella passerina	2	GCA_056776345.1	reference genome	bSpiPas1.hap2	Chromosome		1191310482	no
50595	Spondyliosoma cantharus	Spondyliosoma	Sparidae	Spariformes	Actinopteri	Chordata	Spondyliosoma cantharus	1	GCA_965243705.1	reference genome	fSpoCan1.1	Chromosome		794851385	no
1190646	Spondylurus anegadae	Spondylurus	Scincidae	Squamata	Lepidosauria	Chordata	Spondylurus anegadae	2	GCA_056883415.1	reference genome	Sanegadae_242060	Chromosome		1397685154	no
1190648	Spondylurus caicosae	Spondylurus	Scincidae	Squamata	Lepidosauria	Chordata	Spondylurus caicosae	2	GCA_056883335.1	reference genome	ASM5688333v1	Chromosome		1397792993	no
1190649	Spondylurus culebrae	Spondylurus	Scincidae	Squamata	Lepidosauria	Chordata	Spondylurus culebrae	4	GCA_056883235.1	reference genome	ASM5688323v1	Chromosome		1397457121	no
1190650	Spondylurus fulgidus	Spondylurus	Scincidae	Squamata	Lepidosauria	Chordata	Spondylurus fulgidus	2	GCA_056884295.1	reference genome	ASM5688429v1	Chromosome		1399654951	no
1190653	Spondylurus macleani	Spondylurus	Scincidae	Squamata	Lepidosauria	Chordata	Spondylurus macleani	1	GCA_056884245.1	reference genome	ASM5688424v1	Chromosome		1397479670	no
3108808	Spondylurus magnacruzae	Spondylurus	Scincidae	Squamata	Lepidosauria	Chordata	Spondylurus magnacruzae	1	GCA_056884235.1	reference genome	ASM5688423v1	Chromosome		1397918744	no
3108809	Spondylurus monae	Spondylurus	Scincidae	Squamata	Lepidosauria	Chordata	Spondylurus monae	1	GCA_056884205.1	reference genome	ASM5688420v1	Chromosome		1397484100	no
1190689	Spondylurus monitae	Spondylurus	Scincidae	Squamata	Lepidosauria	Chordata	Spondylurus monitae	1	GCA_056884155.1	reference genome	ASM5688415v1	Chromosome		1397565067	no
3095121	Spondylurus nitidus	Spondylurus	Scincidae	Squamata	Lepidosauria	Chordata	Spondylurus nitidus	14	GCA_056883755.1	reference genome	ASM5688375v1	Chromosome		1397820171	no
1190655	Spondylurus powelli	Spondylurus	Scincidae	Squamata	Lepidosauria	Chordata	Spondylurus powelli	6	GCA_056883725.1	reference genome	ASM5688372v1	Chromosome		1398546684	no
1190687	Spondylurus semitaeniatus	Spondylurus	Scincidae	Squamata	Lepidosauria	Chordata	Spondylurus semitaeniatus	3	GCA_056883555.1	reference genome	ASM5688355v1	Chromosome		1397660790	no
1190688	Spondylurus sloanii	Spondylurus	Scincidae	Squamata	Lepidosauria	Chordata	Spondylurus sloanii	1	GCA_056883505.1	reference genome	ASM5688350v1	Chromosome		1397473616	no
3108810	Spondylurus turksae	Spondylurus	Scincidae	Squamata	Lepidosauria	Chordata	Spondylurus turksae	1	GCA_056884325.1	reference genome	ASM5688432v1	Chromosome		1397410466	no
196075	Sprattus sprattus	Sprattus	Clupeidae	Clupeiformes	Actinopteri	Chordata	Sprattus sprattus	2	GCF_963457725.1	reference genome	fSprSpr1.1	Chromosome		840315637	yes
75372	Squaliobarbus curriculus	Squaliobarbus	Xenocyprididae	Cypriniformes	Actinopteri	Chordata	Squaliobarbus curriculus	2	GCA_046118805.1	reference genome	ASM4611880v1	Chromosome		910277320	no
8284	Squalius cephalus	Squalius	Leuciscidae	Cypriniformes	Actinopteri	Chordata	Squalius cephalus	3	GCF_949319135.1	reference genome	fSquCep2.1	Chromosome		1101913912	yes
7797	Squalus acanthias	Squalus	Squalidae	Squaliformes	Chondrichthyes	Chordata	Squalus acanthias	1	GCA_030390025.1	reference genome	ASM3039002v1	Chromosome		3713488297	no
7798	Squalus suckleyi	Squalus	Squalidae	Squaliformes	Chondrichthyes	Chordata	Squalus suckleyi	2	GCA_050613895.1	reference genome	sSquSuc5.hap2	Chromosome		4657981142	no
64557	Steatocranus casuarius	Steatocranus	Cichlidae	Cichliformes	Actinopteri	Chordata	Steatocranus casuarius	2	GCA_056506745.1	reference genome	UMD_StcaMale	Chromosome		984269383	no
48435	Steatornis caripensis	Steatornis	Steatornithidae	Caprimulgiformes	Aves	Chordata	Steatornis caripensis	2	GCA_054099775.1	reference genome	bSteCar1.hap1	Chromosome		1367945121	yes
3053191	Stegostoma tigrinum	Stegostoma	Stegostomatidae	Orectolobiformes	Chondrichthyes	Chordata	Stegostoma tigrinum	4	GCF_030684315.1	reference genome	sSteTig4.hap1	Chromosome		3198515386	yes
9737	Stenella coeruleoalba	Stenella	Delphinidae	Artiodactyla	Mammalia	Chordata	Stenella coeruleoalba	2	GCF_951394435.1	reference genome	mSteCoe1.1	Chromosome		2691406842	yes
108405	Sterna hirundo	Sterna	Laridae	Charadriiformes	Aves	Chordata	Sterna hirundo	1	GCA_009819605.2	reference genome	bSteHir1.pri	Chromosome		1229911664	yes
279953	Sterna paradisaea	Sterna	Laridae	Charadriiformes	Aves	Chordata	Sterna paradisaea	1	GCA_987197735.1	reference genome	bStePaa1.hap1.1	Chromosome		1396399785	no
142480	Sternotherus odoratus	Sternotherus	Kinosternidae	Testudines		Chordata	Sternotherus odoratus	1	GCA_032164245.2	reference genome	rSteOdo2_p1.1	Chromosome		1745475919	no
45637	Stictonetta naevosa	Stictonetta	Anatidae	Anseriformes	Aves	Chordata	Stictonetta naevosa	1	GCA_011074415.1	reference genome	BPBGC_Snae_1.0	Chromosome		1132682184	no
161581	Stigmatopora argus	Stigmatopora	Syngnathidae	Syngnathiformes	Actinopteri	Chordata	Stigmatopora argus	4	GCF_051989625.1	reference genome	RoL_Sarg_1.0	Chromosome		464095202	yes
161582	Stigmatopora nigra	Stigmatopora	Syngnathidae	Syngnathiformes	Actinopteri	Chordata	Stigmatopora nigra	2	GCF_051989575.1	reference genome	RoL_Snig_1.1	Chromosome		375402015	yes
177147	Streptopelia decaocto	Streptopelia	Columbidae	Columbiformes	Aves	Chordata	Streptopelia decaocto	3	GCF_964273445.1	reference genome	bStrDea1.hap1.1	Chromosome		1290939990	yes
177154	Streptopelia tranquebarica	Streptopelia	Columbidae	Columbiformes	Aves	Chordata	Streptopelia tranquebarica	2	GCA_060134295.1	reference genome	bStrTra1.hap1	Chromosome		1239504119	yes
177155	Streptopelia turtur	Streptopelia	Columbidae	Columbiformes	Aves	Chordata	Streptopelia turtur	1	GCA_901699155.2	reference genome	bStrTur1.2	Chromosome		1178816852	no
2489341	Strigops habroptila	Strigops	Psittacidae	Psittaciformes	Aves	Chordata	Strigops habroptila	2	GCF_004027225.2	reference genome	bStrHab1.2.pri	Chromosome		1148597545	yes
111821	Strix aluco	Strix	Strigidae	Strigiformes	Aves	Chordata	Strix aluco	5	GCF_031877795.1	reference genome	bStrAlu1.hap1	Chromosome		1414783145	yes
126836	Strix nebulosa	Strix	Strigidae	Strigiformes	Aves	Chordata	Strix nebulosa	1	GCA_051313305.1	reference genome	bStrNeb1_p1.2	Chromosome		1347472892	no
36305	Strix uralensis	Strix	Strigidae	Strigiformes	Aves	Chordata	Strix uralensis	3	GCF_047716275.1	reference genome	bStrUra1	Chromosome		1380990639	yes
8801	Struthio camelus	Struthio	Struthionidae	Struthioniformes	Aves	Chordata	Struthio camelus	3	GCF_040807025.1	reference genome	bStrCam1.hap1	Chromosome		1452018929	yes
196700	Sturnira parvidens	Sturnira	Phyllostomidae	Chiroptera	Mammalia	Chordata	Sturnira parvidens	2	GCA_054855695.1	reference genome	mStuPar1.hap2	Chromosome		2144027267	no
9172	Sturnus vulgaris	Sturnus	Sturnidae	Passeriformes	Aves	Chordata	Sturnus vulgaris	6	GCF_052056855.1	reference genome	bStuVul1.hap1	Chromosome		1357016380	yes
409996	Stylephorus chordatus	Stylephorus	Stylephoridae	Stylephoriformes	Actinopteri	Chordata	Stylephorus chordatus	2	GCA_056824565.1	reference genome	fStyCho2.hap2	Chromosome		1138063058	no
109475	Suncus etruscus	Suncus	Soricidae	Eulipotyphla	Mammalia	Chordata	Suncus etruscus	3	GCF_024139225.1	reference genome	mSunEtr1.pri.cur	Chromosome		2471666657	yes
9378	Suncus murinus	Suncus	Soricidae	Eulipotyphla	Mammalia	Chordata	Suncus murinus	1	GCA_055769025.1	reference genome	Smur_1.0	Chromosome		2766318393	no
9823	Sus scrofa	Sus	Suidae	Artiodactyla	Mammalia	Chordata	Sus scrofa	49	GCF_054392235.1	reference genome	Sscrofa_HxYL_maternal_Yorkshire_Landrace_v2.0	Chromosome		2656429699	yes
48155	Sylvia atricapilla	Sylvia	Sylviidae	Passeriformes	Aves	Chordata	Sylvia atricapilla	2	GCF_009819655.1	reference genome	bSylAtr1.pri	Chromosome		1066786587	yes
73324	Sylvia borin	Sylvia	Sylviidae	Passeriformes	Aves	Chordata	Sylvia borin	1	GCA_014839755.1	reference genome	bSylBor1.pri	Chromosome		1045652180	yes
9988	Sylvilagus floridanus	Sylvilagus	Leporidae	Lagomorpha	Mammalia	Chordata	Sylvilagus floridanus	1	GCA_949820135.1	reference genome	mSylFlo1.10	Chromosome		2848420111	no
9590	Symphalangus syndactylus	Symphalangus	Hylobatidae	Primates	Mammalia	Chordata	Symphalangus syndactylus	2	GCF_028878055.3	reference genome	NHGRI_mSymSyn1-v2.1_pri	Chromosome		3262887708	yes
191725	Symphodus bailloni	Symphodus	Labridae	Labriformes	Actinopteri	Chordata	Symphodus bailloni	1	GCA_977007755.1	reference genome	fSymBai1.1	Chromosome		627942181	no
191724	Symphodus cinereus	Symphodus	Labridae	Labriformes	Actinopteri	Chordata	Symphodus cinereus	1	GCA_977927475.1	reference genome	fSymCin1.1	Chromosome		622351277	no
202597	Symphodus doderleini	Symphodus	Labridae	Labriformes	Actinopteri	Chordata	Symphodus doderleini	1	GCA_979616585.1	reference genome	fSymDod1.1	Chromosome		658285232	no
202598	Symphodus mediterraneus	Symphodus	Labridae	Labriformes	Actinopteri	Chordata	Symphodus mediterraneus	1	GCA_980914855.1	reference genome	fSymMed1.1	Chromosome		653088744	no
171736	Symphodus melops	Symphodus	Labridae	Labriformes	Actinopteri	Chordata	Symphodus melops	2	GCF_947650265.1	reference genome	fSymMel2.1	Chromosome		636351954	yes
130472	Symphodus ocellatus	Symphodus	Labridae	Labriformes	Actinopteri	Chordata	Symphodus ocellatus	1	GCA_965170635.3	reference genome	Socellatus_v2.1	Chromosome		640480484	no
171737	Symphodus rostratus	Symphodus	Labridae	Labriformes	Actinopteri	Chordata	Symphodus rostratus	1	GCA_982582535.1	reference genome	fSymRos1.1	Chromosome		644459273	no
202600	Symphodus tinca	Symphodus	Labridae	Labriformes	Actinopteri	Chordata	Symphodus tinca	1	GCA_965165685.3	reference genome	Stinca_v2.1	Chromosome		638192371	no
396798	Symphorus nematophorus	Symphorus	Lutjanidae	Lutjaniformes	Actinopteri	Chordata	Symphorus nematophorus	2	GCA_048128715.1	reference genome	fSymNem1.1_haplotype_2	Chromosome		1079709985	no
51996	Synanceia verrucosa	Synanceia	Synanceiidae	Perciformes	Actinopteri	Chordata	Synanceia verrucosa	1	GCA_029721515.1	reference genome	BGI_Synver_1.0	Chromosome		691852649	no
118154	Synaphobranchus kaupii	Synaphobranchus	Synaphobranchidae	Anguilliformes	Actinopteri	Chordata	Synaphobranchus kaupii	1	GCA_029718625.1	reference genome	SKAU_1.1	Chromosome		1503294022	yes
586865	Synchiropus picturatus	Synchiropus	Callionymidae	Syngnathiformes	Actinopteri	Chordata	Synchiropus picturatus	2	GCA_044231675.1	reference genome	ASM4423167v1	Chromosome		492062741	yes
270530	Synchiropus splendidus	Synchiropus	Callionymidae	Syngnathiformes	Actinopteri	Chordata	Synchiropus splendidus	2	GCF_027744825.2	reference genome	RoL_Sspl_1.0	Chromosome		582881826	yes
300417	Syngnathoides biaculeatus	Syngnathoides	Syngnathidae	Syngnathiformes	Actinopteri	Chordata	Syngnathoides biaculeatus	2	GCF_019802595.1	reference genome	ASM1980259v1	Chromosome		636519225	yes
161584	Syngnathus acus	Syngnathus	Syngnathidae	Syngnathiformes	Actinopteri	Chordata	Syngnathus acus	3	GCF_901709675.1	reference genome	fSynAcu1.2	Chromosome		324331233	yes
161585	Syngnathus floridae	Syngnathus	Syngnathidae	Syngnathiformes	Actinopteri	Chordata	Syngnathus floridae	2	GCF_059516105.1	reference genome	RoL_Sflo_1.0	Chromosome		396109242	yes
161587	Syngnathus leptorhynchus	Syngnathus	Syngnathidae	Syngnathiformes	Actinopteri	Chordata	Syngnathus leptorhynchus	2	GCF_054491065.1	reference genome	UIUO_Slep	Chromosome		400874984	yes
161589	Syngnathus rostellatus	Syngnathus	Syngnathidae	Syngnathiformes	Actinopteri	Chordata	Syngnathus rostellatus	1	GCA_965643225.1	reference genome	fSynRos1.1	Chromosome		378812902	no
161590	Syngnathus scovelli	Syngnathus	Syngnathidae	Syngnathiformes	Actinopteri	Chordata	Syngnathus scovelli	2	GCF_024217435.2	reference genome	RoL_Ssco_1.2	Chromosome		428400902	yes
161592	Syngnathus typhle	Syngnathus	Syngnathidae	Syngnathiformes	Actinopteri	Chordata	Syngnathus typhle	4	GCF_033458585.1	reference genome	RoL_Styp_1.0	Chromosome		435284570	yes
392955	Synodontis njassae	Synodontis	Mochokidae	Siluriformes	Actinopteri	Chordata	Synodontis njassae	1	GCA_988222565.1	reference genome	fSynNja94.pri	Chromosome		926602436	no
100828	Tachybaptus ruficollis	Tachybaptus	Podicipedidae	Podicipediformes	Aves	Chordata	Tachybaptus ruficollis	1	GCA_987562195.1	reference genome	bTacRuf1.hap1.1	Chromosome		1419199569	no
9261	Tachyglossus aculeatus	Tachyglossus	Tachyglossidae	Monotremata	Mammalia	Chordata	Tachyglossus aculeatus	2	GCF_015852505.1	reference genome	mTacAcu1.pri	Chromosome		2213004214	yes
1234273	Tachysurus fulvidraco	Tachysurus	Bagridae	Siluriformes	Actinopteri	Chordata	Tachysurus fulvidraco	3	GCF_022655615.1	reference genome	HZAU_PFXX_2.0	Chromosome		712016913	yes
3361492	Tachysurus ichikawai	Tachysurus	Bagridae	Siluriformes	Actinopteri	Chordata	Tachysurus ichikawai	1	GCA_053844895.1	reference genome	Pichikawai_1.0	Chromosome		674760483	no
1828414	Tachysurus ussuriensis	Tachysurus	Bagridae	Siluriformes	Actinopteri	Chordata	Tachysurus ussuriensis	2	GCA_054131445.1	reference genome	ASM5413144v1	Complete Genome		750125597	no
175792	Tachysurus vachellii	Tachysurus	Bagridae	Siluriformes	Actinopteri	Chordata	Tachysurus vachellii	3	GCF_030014155.1	reference genome	HZAU_Pvac_v1	Chromosome		692104899	yes
9438	Tadarida brasiliensis	Tadarida	Molossidae	Chiroptera	Mammalia	Chordata	Tadarida brasiliensis	1	GCA_030848825.1	reference genome	DD_mTadBra1_pri	Chromosome		2283171816	yes
59483	Tadarida teniotis	Tadarida	Molossidae	Chiroptera	Mammalia	Chordata	Tadarida teniotis	2	GCA_976988885.1	reference genome	mTadTen1.hap1.1	Chromosome		2587879402	no
75865	Tadorna tadorna	Tadorna	Anatidae	Anseriformes	Aves	Chordata	Tadorna tadorna	1	GCA_987308825.1	reference genome	bTadTad1.hap1.1	Chromosome		1241988585	no
3041818	Taenioides sp. WSHXM2023	Taenioides	Gobiidae	Gobiiformes	Actinopteri	Chordata	Taenioides sp. WSHXM2023	1	GCA_029959045.1		Taenioides_sp.chr.v1	Chromosome		773284556	no
59729	Taeniopygia guttata	Taeniopygia	Estrildidae	Passeriformes	Aves	Chordata	Taeniopygia guttata	12	GCF_048771995.1	reference genome	bTaeGut7.mat	Chromosome		1141148522	yes
433685	Takifugu bimaculatus	Takifugu	Tetraodontidae	Tetraodontiformes	Actinopteri	Chordata	Takifugu bimaculatus	1	GCA_004026145.2	reference genome	XU_Tbim_1.0	Chromosome		404311738	yes
301270	Takifugu fasciatus	Takifugu	Tetraodontidae	Tetraodontiformes	Actinopteri	Chordata	Takifugu fasciatus	1	GCA_059138665.1	reference genome	ASM5913866v1	Chromosome		372716944	yes
433684	Takifugu flavidus	Takifugu	Tetraodontidae	Tetraodontiformes	Actinopteri	Chordata	Takifugu flavidus	2	GCF_003711565.1	reference genome	ASM371156v2	Chromosome		366286831	yes
31033	Takifugu rubripes	Takifugu	Tetraodontidae	Tetraodontiformes	Actinopteri	Chordata	Takifugu rubripes	4	GCF_901000725.3	reference genome	fTakRub1.3	Chromosome		384110215	yes
9375	Talpa europaea	Talpa	Talpidae	Eulipotyphla	Mammalia	Chordata	Talpa europaea	2	GCF_964194135.1	reference genome	mTalEur1.hap1.1	Chromosome		2060984045	yes
48850	Tamandua tetradactyla	Tamandua	Myrmecophagidae	Pilosa	Mammalia	Chordata	Tamandua tetradactyla	2	GCF_023851605.1	reference genome	mTamTet1.pri	Chromosome		3205724741	yes
64680	Tamias sibiricus	Tamias	Sciuridae	Rodentia	Mammalia	Chordata	Tamias sibiricus	2	GCA_047496905.1	reference genome	ASM4749690v1	Chromosome		2601791133	no
10009	Tamiasciurus hudsonicus	Tamiasciurus	Sciuridae	Rodentia	Mammalia	Chordata	Tamiasciurus hudsonicus	4	GCA_057657825.1	reference genome	mTamHud3.hap1	Chromosome		5720222450	yes
187003	Taphozous melanopogon	Taphozous	Emballonuridae	Chiroptera	Mammalia	Chordata	Taphozous melanopogon	1	GCA_044509165.1	reference genome	WHU_Tmel_v1	Chromosome		2158216644	no
9802	Tapirus indicus	Tapirus	Tapiridae	Perissodactyla	Mammalia	Chordata	Tapirus indicus	3	GCA_054859645.1	reference genome	ASM5485964v1	Chromosome		2468889663	no
9801	Tapirus terrestris	Tapirus	Tapiridae	Perissodactyla	Mammalia	Chordata	Tapirus terrestris	1	GCA_054859495.1	reference genome	ASM5485949v1	Chromosome		2567765356	no
8569	Tarentola mauritanica	Tarentola	Phyllodactylidae	Squamata	Lepidosauria	Chordata	Tarentola mauritanica	1	GCA_056320045.1	reference genome	ASM5632004v1	Chromosome		2118548807	no
121530	Tauraco erythrolophus	Tauraco	Musophagidae	Musophagiformes	Aves	Chordata	Tauraco erythrolophus	2	GCF_009769465.1	reference genome	bTauEry1.pri	Chromosome		1252271553	yes
61643	Taurulus bubalis	Taurulus	Cottidae	Perciformes	Actinopteri	Chordata	Taurulus bubalis	2	GCF_910589615.1	reference genome	fTauBub2.1	Chromosome		615137073	yes
34787	Tautogolabrus adspersus	Tautogolabrus	Labridae	Labriformes	Actinopteri	Chordata	Tautogolabrus adspersus	1	GCA_020745685.1	reference genome	fTauAds1.pri.cur	Chromosome		723565691	yes
446457	Telmatherina bonti	Telmatherina	Telmatherinidae	Atheriniformes	Actinopteri	Chordata	Telmatherina bonti	2	GCF_933228915.1	reference genome	fTelBon1.1	Chromosome		986023149	yes
107247	Telmatobufo venustus	Telmatobufo	Calyptocephalellidae	Anura	Amphibia	Chordata	Telmatobufo venustus	2	GCA_060712405.1	reference genome	aTelVen1.hap1	Chromosome		4811161396	no
94439	Tenrec ecaudatus	Tenrec	Tenrecidae	Afrosoricida	Mammalia	Chordata	Tenrec ecaudatus	3	GCF_050624435.1	reference genome	mTenEca1.hap1	Chromosome		3922859826	yes
163131	Terapon jarbua	Terapon	Terapontidae	Centrarchiformes	Actinopteri	Chordata	Terapon jarbua	1	GCA_058748175.2	reference genome	ASM5874817v2	Chromosome		590881266	no
102174	Teratoscincus roborowskii	Teratoscincus	Sphaerodactylidae	Squamata	Lepidosauria	Chordata	Teratoscincus roborowskii	1	GCA_051473905.1	reference genome	ASM5147390v1	Chromosome		2077087367	no
100830	Tetrao urogallus	Tetrao	Phasianidae	Galliformes	Aves	Chordata	Tetrao urogallus	2	GCF_951394365.1	reference genome	bTetUro1.1	Chromosome		1013167347	yes
99883	Tetraodon nigroviridis	Tetraodon	Tetraodontidae	Tetraodontiformes	Actinopteri	Chordata	Tetraodon nigroviridis	2	GCA_051020865.1	reference genome	TetNigT2Thap1	Complete Genome		342830278	no
126723	Thalasseus sandvicensis	Thalasseus	Laridae	Charadriiformes	Aves	Chordata	Thalasseus sandvicensis	1	GCA_987195995.1	reference genome	bThaSan1.hap1.1	Chromosome		1403749437	no
76338	Thalassoma bifasciatum	Thalassoma	Labridae	Labriformes	Actinopteri	Chordata	Thalassoma bifasciatum	3	GCA_054084025.1	reference genome	fThaBif1.hap1	Chromosome		785143609	yes
202603	Thalassoma pavo	Thalassoma	Labridae	Labriformes	Actinopteri	Chordata	Thalassoma pavo	1	GCA_984522925.1	reference genome	fThaPav1.1	Chromosome		755573305	no
390379	Thalassophryne amazonica	Thalassophryne	Batrachoididae	Batrachoidiformes	Actinopteri	Chordata	Thalassophryne amazonica	2	GCF_902500255.1	reference genome	fThaAma1.1	Chromosome		2446592878	yes
240832	Thaleichthys pacificus	Thaleichthys	Osmeridae	Osmeriformes	Actinopteri	Chordata	Thaleichthys pacificus	1	GCA_023658055.1	reference genome	Tpac_2.0	Chromosome		468759031	no
435163	Thamnaconus septentrionalis	Thamnaconus	Monacanthidae	Tetraodontiformes	Actinopteri	Chordata	Thamnaconus septentrionalis	1	GCA_009823395.1	reference genome	ASM982339v1	Chromosome		474309635	no
35005	Thamnophis elegans	Thamnophis	Natricidae	Squamata	Lepidosauria	Chordata	Thamnophis elegans	2	GCF_009769535.1	reference genome	rThaEle1.pri	Chromosome		1672190305	yes
1118847	Theristicus caerulescens	Theristicus	Threskiornithidae	Pelecaniformes	Aves	Chordata	Theristicus caerulescens	1	GCA_020745775.1	reference genome	bTheCae1.pri.cur	Chromosome		1203353649	yes
9565	Theropithecus gelada	Theropithecus	Cercopithecidae	Primates	Mammalia	Chordata	Theropithecus gelada	2	GCF_003255815.1		Tgel_1.0	Chromosome		2889614139	yes
1380561	Thorius spilogaster	Thorius	Plethodontidae	Caudata	Amphibia	Chordata	Thorius spilogaster	2	GCA_060511685.1	reference genome	aThoSpi2.hap2	Chromosome		25892553545	no
1365585	Thorogobius ephippiatus	Thorogobius	Gobiidae	Gobiiformes	Actinopteri	Chordata	Thorogobius ephippiatus	1	GCA_965366085.1	reference genome	fThoEph1.1	Chromosome		1018328219	no
100858	Threskiornis aethiopicus	Threskiornis	Threskiornithidae	Pelecaniformes	Aves	Chordata	Threskiornis aethiopicus	1	GCA_056153025.1	reference genome	ASM5615302v1	Chromosome		1214168801	yes
8235	Thunnus alalunga	Thunnus	Scombridae	Scombriformes	Actinopteri	Chordata	Thunnus alalunga	2	GCA_059628645.1	reference genome	ASM5962864v1	Chromosome		805545898	no
8236	Thunnus albacares	Thunnus	Scombridae	Scombriformes	Actinopteri	Chordata	Thunnus albacares	5	GCF_914725855.1	reference genome	fThuAlb1.1	Chromosome		792101331	yes
48168	Thunnus atlanticus	Thunnus	Scombridae	Scombriformes	Actinopteri	Chordata	Thunnus atlanticus	1	GCA_984578985.1	reference genome	T.atlanticus_BLK	Chromosome		804047759	yes
8240	Thunnus maccoyii	Thunnus	Scombridae	Scombriformes	Actinopteri	Chordata	Thunnus maccoyii	2	GCF_910596095.1	reference genome	fThuMac1.1	Chromosome		782407452	yes
8241	Thunnus obesus	Thunnus	Scombridae	Scombriformes	Actinopteri	Chordata	Thunnus obesus	5	GCA_057929075.1	reference genome	ASM5792907v1	Chromosome		839276673	no
8238	Thunnus orientalis	Thunnus	Scombridae	Scombriformes	Actinopteri	Chordata	Thunnus orientalis	3	GCA_061617105.1	reference genome	ASM61617105v1	Complete Genome		799951913	no
8237	Thunnus thynnus	Thunnus	Scombridae	Scombriformes	Actinopteri	Chordata	Thunnus thynnus	5	GCF_963924715.1	reference genome	fThuThy2.1	Chromosome		799047066	yes
48169	Thunnus tonggol	Thunnus	Scombridae	Scombriformes	Actinopteri	Chordata	Thunnus tonggol	1	GCA_984579115.1	reference genome	T.tonggol_LTT-male	Chromosome		833748029	yes
201378	Thymallus grubii	Thymallus	Salmonidae	Salmoniformes	Actinopteri	Chordata	Thymallus grubii	1	GCA_051833735.1	reference genome	ASM5183373v1	Chromosome		1754492578	no
36185	Thymallus thymallus	Thymallus	Salmonidae	Salmoniformes	Actinopteri	Chordata	Thymallus thymallus	2	GCA_023634145.1	reference genome	fThyThy.pri.20220222	Chromosome		1760576121	no
86932	Tiaroga cobitis	Tiaroga	Leuciscidae	Cypriniformes	Actinopteri	Chordata	Tiaroga cobitis	1	GCA_030578255.1	reference genome	ASM3057825v1	Chromosome		1320521697	no
71010	Tiliqua scincoides	Tiliqua	Scincidae	Squamata	Lepidosauria	Chordata	Tiliqua scincoides	3	GCF_035046505.1	reference genome	rTilSci1.hap2	Chromosome		1623332312	yes
27717	Tinca tinca	Tinca	Tincidae	Cypriniformes	Actinopteri	Chordata	Tinca tinca	1	GCA_061535325.1	reference genome	ASM61535325v1	Complete Genome		998373138	no
369631	Tor sinensis	Tor	Cyprinidae	Cypriniformes	Actinopteri	Chordata	Tor sinensis	2	GCA_056882195.1	reference genome	ASM5688219v1	Chromosome		868168867	no
370370	Tor tambra	Tor	Cyprinidae	Cypriniformes	Actinopteri	Chordata	Tor tambra	1	GCA_059995635.1	reference genome	ASM5999563v1	Chromosome		1634107131	no
7788	Torpedo marmorata	Torpedo	Torpedinidae	Torpediniformes	Chondrichthyes	Chordata	Torpedo marmorata	1	GCA_977017645.1	reference genome	sTorMar1.1	Chromosome		6221090334	no
270537	Toxotes chatareus	Toxotes	Toxotidae		Actinopteri	Chordata	Toxotes chatareus	1	GCA_016801885.1	reference genome	ASM1680188v1	Chromosome		618729764	no
941984	Toxotes jaculatrix	Toxotes	Toxotidae		Actinopteri	Chordata	Toxotes jaculatrix	2	GCF_017976425.1	reference genome	fToxJac2.pri	Chromosome		621503431	yes
34903	Trachemys scripta	Trachemys	Emydidae	Testudines		Chordata	Trachemys scripta elegans	2	GCF_013100865.1	reference genome	CAS_Tse_1.0	Chromosome		2126182493	yes
3231499	Trachinops noarlungae	Trachinops	Plesiopidae		Actinopteri	Chordata	Trachinops noarlungae	2	GCA_056506975.1	reference genome	fTraNoa1.hap2	Chromosome		638153638	no
443729	Trachinotus anak	Trachinotus	Carangidae	Carangiformes	Actinopteri	Chordata	Trachinotus anak	2	GCA_977005145.1		Tana_hap2	Complete Genome		661090596	no
435999	Trachinotus blochii	Trachinotus	Carangidae	Carangiformes	Actinopteri	Chordata	Trachinotus blochii	1	GCA_059630385.1	reference genome	ASM5963038v1	Chromosome		667669556	no
173339	Trachinotus ovatus	Trachinotus	Carangidae	Carangiformes	Actinopteri	Chordata	Trachinotus ovatus	3	GCA_061193975.1	reference genome	ASM6119397v1	Complete Genome		644050654	no
56737	Trachinus draco	Trachinus	Trachinidae	Perciformes	Actinopteri	Chordata	Trachinus draco	1	GCA_977007615.1	reference genome	fTraDra6.1	Chromosome		817366767	no
349662	Trachinus radiatus	Trachinus	Trachinidae	Perciformes	Actinopteri	Chordata	Trachinus radiatus	1	GCA_978019985.1	reference genome	fTraRad1.1	Chromosome		780257731	no
1502862	Trachipterus ishikawae	Trachipterus	Trachipteridae	Lampriformes	Actinopteri	Chordata	Trachipterus ishikawae	1	GCA_060712655.1	reference genome	SCSIO_Tish_1.0	Chromosome		1013186724	no
83875	Trachurus japonicus	Trachurus	Carangidae	Carangiformes	Actinopteri	Chordata	Trachurus japonicus	2	GCF_045865225.1	reference genome	Traja_1.0	Chromosome		867708881	yes
192602	Trachurus murphyi	Trachurus	Carangidae	Carangiformes	Actinopteri	Chordata	Trachurus murphyi	1	GCA_055096975.1	reference genome	UdeC_Tmur_1.0	Chromosome		817894183	no
36212	Trachurus trachurus	Trachurus	Carangidae	Carangiformes	Actinopteri	Chordata	Trachurus trachurus	2	GCF_905171665.1	reference genome	fTraTra1.2	Chromosome		801227381	yes
9638	Tremarctos ornatus	Tremarctos	Ursidae	Carnivora	Mammalia	Chordata	Tremarctos ornatus	1	GCA_054642835.1	reference genome	mTreOrn2.0.pri	Chromosome		2534844297	no
3363774	Tremeuchiloglanis macrotrema	Tremeuchiloglanis	Sisoridae	Siluriformes	Actinopteri	Chordata	Tremeuchiloglanis macrotrema	1	GCA_058218925.1	reference genome	ASM5821892v1	Chromosome		859457008	no
115702	Treron vernans	Treron	Columbidae	Columbiformes	Aves	Chordata	Treron vernans	2	GCA_059801415.1	reference genome	bTreVer1.hap2	Chromosome		1160959513	yes
9777	Trichechus inunguis	Trichechus	Trichechidae	Sirenia	Mammalia	Chordata	Trichechus inunguis	2	GCA_046562895.1	reference genome	mTriInu1 haplotype 2	Chromosome		3320339069	yes
235211	Trichiurus japonicus	Trichiurus	Trichiuridae	Scombriformes	Actinopteri	Chordata	Trichiurus japonicus	2	GCA_050140585.1	reference genome	TlG1	Chromosome		1138003112	no
2290929	Trichomycterus rosablanca	Trichomycterus	Trichomycteridae	Siluriformes	Actinopteri	Chordata	Trichomycterus rosablanca	2	GCF_030014385.1	reference genome	fTriRos1.hap1	Chromosome		1045025885	yes
9337	Trichosurus vulpecula	Trichosurus	Phalangeridae	Diprotodontia	Mammalia	Chordata	Trichosurus vulpecula	2	GCF_011100635.1	reference genome	mTriVul1.pri	Chromosome		3359330516	yes
426095	Trigloporus lastoviza	Trigloporus	Triglidae	Perciformes	Actinopteri	Chordata	Trigloporus lastoviza	1	GCA_987194825.1	reference genome	fTriLas1.hap1.1	Chromosome		683778658	no
171271	Tringa totanus	Tringa	Scolopacidae	Charadriiformes	Aves	Chordata	Tringa totanus	2	GCA_986271405.1	reference genome	bTriTot1.hap1.1	Chromosome		1311056040	no
101491	Trionyx triunguis	Trionyx	Trionychidae	Testudines		Chordata	Trionyx triunguis	1	GCA_977009205.1	reference genome	rTriTgu1.1	Chromosome		2320326796	no
1652672	Triplophysa bombifrons	Triplophysa	Nemacheilidae	Cypriniformes	Actinopteri	Chordata	Triplophysa bombifrons	1	GCA_029783895.1	reference genome	ASM2978389v1	Chromosome		656195002	no
1582913	Triplophysa dalaica	Triplophysa	Nemacheilidae	Cypriniformes	Actinopteri	Chordata	Triplophysa dalaica	2	GCF_015846415.1	reference genome	ASM1584641v1	Chromosome		607923607	yes
3128099	Triplophysa erythraea	Triplophysa	Nemacheilidae	Cypriniformes	Actinopteri	Chordata	Triplophysa erythraea	1	GCA_052818925.1	reference genome	ASM5281892v1	Chromosome		794017755	no
1783475	Triplophysa lixianensis	Triplophysa	Nemacheilidae	Cypriniformes	Actinopteri	Chordata	Triplophysa lixianensis	1	GCA_041430785.1	reference genome	ASM4143078v1	Chromosome		668279387	no
1792974	Triplophysa pappenheimi	Triplophysa	Nemacheilidae	Cypriniformes	Actinopteri	Chordata	Triplophysa pappenheimi	1	GCA_051294615.1	reference genome	QHUN_TrPap_1.0	Chromosome		626333213	no
1844429	Triplophysa pseudoscleroptera	Triplophysa	Nemacheilidae	Cypriniformes	Actinopteri	Chordata	Triplophysa pseudoscleroptera	1	GCA_059334165.1	reference genome	ASM5933416v1	Chromosome		642201317	no
992332	Triplophysa rosa	Triplophysa	Nemacheilidae	Cypriniformes	Actinopteri	Chordata	Triplophysa rosa	2	GCF_024868665.1	reference genome	Trosa_1v2	Chromosome		684805028	yes
1636871	Triplophysa scleroptera	Triplophysa	Nemacheilidae	Cypriniformes	Actinopteri	Chordata	Triplophysa scleroptera	1	GCA_049739055.1	reference genome	T_scleroptera v1.0	Chromosome		660223632	no
341124	Triplophysa stewarti	Triplophysa	Nemacheilidae	Cypriniformes	Actinopteri	Chordata	Triplophysa stewarti	1	GCA_057193605.1	reference genome	ASM5719360v1	Chromosome		697928885	no
3361878	Triplophysa stolickai	Triplophysa	Nemacheilidae	Cypriniformes	Actinopteri	Chordata	Triplophysa stolickai	1	GCA_057944685.1	reference genome	ASM5794468v1	Complete Genome		659994717	no
1572043	Triplophysa tibetana	Triplophysa	Nemacheilidae	Cypriniformes	Actinopteri	Chordata	Triplophysa tibetana	1	GCA_008369825.1	reference genome	ASM836982v1	Chromosome		652930317	yes
1783487	Triplophysa yaopeizhii	Triplophysa	Nemacheilidae	Cypriniformes	Actinopteri	Chordata	Triplophysa yaopeizhii	1	GCA_048296945.1	reference genome	HZAU_TYAO_T2T_v1	Complete Genome		671578434	no
1677794	Triplophysa yarkandensis	Triplophysa	Nemacheilidae	Cypriniformes	Actinopteri	Chordata	Triplophysa yarkandensis	1	GCA_033220385.1	reference genome	ASM3322038v1	Chromosome		520782176	no
57862	Tripterygion delaisi	Tripterygion	Tripterygiidae	Blenniiformes	Actinopteri	Chordata	Tripterygion delaisi	1	GCA_965643125.1	reference genome	fTriDel1.1	Chromosome		772791153	no
152555	Tripterygion tripteronotum	Tripterygion	Tripterygiidae	Blenniiformes	Actinopteri	Chordata	Tripterygion tripteronotum	1	GCA_049638825.1	reference genome	fTriTrp1.1	Chromosome		772862847	no
27722	Trisopterus luscus	Trisopterus	Gadidae	Gadiformes	Actinopteri	Chordata	Trisopterus luscus	2	GCA_987214555.1	reference genome	fTriLus2.1	Chromosome		689557538	no
8323	Triturus cristatus	Triturus	Salamandridae	Caudata	Amphibia	Chordata	Triturus cristatus	2	GCF_964204655.1	reference genome	aTriCri1.1	Chromosome		22324616549	yes
58211	Troglodytes aedon	Troglodytes	Certhiidae	Passeriformes	Aves	Chordata	Troglodytes aedon	2	GCA_057917895.2	reference genome	bTroAed1.hap1 v2	Chromosome		1224968293	no
36278	Troglodytes troglodytes	Troglodytes	Certhiidae	Passeriformes	Aves	Chordata	Troglodytes troglodytes	1	GCA_987195935.1	reference genome	bTroTro1.hap1.1	Chromosome		1289962171	no
297711	Trogon surrucura	Trogon	Trogonidae	Trogoniformes	Aves	Chordata	Trogon surrucura	1	GCA_020746105.1	reference genome	bTroSur1.pri.cur	Chromosome		1165727389	yes
286600	Tropheops sp. 'mauve'	Tropheops	Cichlidae	Cichliformes	Actinopteri	Chordata	Tropheops sp. 'mauve'	2	GCA_988222615.1		fTroMau28.pri	Chromosome		946300472	no
2886753	Tropheops sp. 'mauve' x Astatotilapia calliptera		Cichlidae	Cichliformes	Actinopteri	Chordata	Tropheops sp. 'mauve' x Astatotilapia calliptera	1	GCA_988223295.1		fRDAcTm1.pri	Chromosome		936161483	no
1818577	Tropheus sp. 'black'	Tropheus	Cichlidae	Cichliformes	Actinopteri	Chordata	Tropheus sp. 'black'	1	GCA_050613475.1		ASM5061347v1	Chromosome		937226949	no
37347	Tupaia belangeri	Tupaia	Tupaiidae	Scandentia	Mammalia	Chordata	Tupaia belangeri chinensis	1	GCA_033439345.1		KIZ version 2	Chromosome		2667459972	no
70687	Tupaia tana	Tupaia	Tupaiidae	Scandentia	Mammalia	Chordata	Tupaia tana	1	GCA_026018925.2	reference genome	mTupTan1.pri	Chromosome		2948301657	yes
411526	Turdus iliacus	Turdus	Turdidae	Passeriformes	Aves	Chordata	Turdus iliacus	1	GCA_965287035.1	reference genome	bTurIli2.1	Chromosome		1127610686	no
9187	Turdus merula	Turdus	Turdidae	Passeriformes	Aves	Chordata	Turdus merula	1	GCA_965287015.2	reference genome	bTurMer3.2	Chromosome		1105465534	no
9188	Turdus migratorius	Turdus	Turdidae	Passeriformes	Aves	Chordata	Turdus migratorius	2	GCA_052324695.1	reference genome	bTurMig1.hap1	Chromosome		1303638384	no
34940	Turdus naumanni	Turdus	Turdidae	Passeriformes	Aves	Chordata	Turdus naumanni	1	GCA_060808645.1	reference genome	ASM6080864v1	Chromosome		1176817733	no
127946	Turdus philomelos	Turdus	Turdidae	Passeriformes	Aves	Chordata	Turdus philomelos	1	GCA_965287025.1	reference genome	bTurPhi1.1	Chromosome		1090103056	no
9739	Tursiops truncatus	Tursiops	Delphinidae	Artiodactyla	Mammalia	Chordata	Tursiops truncatus	2	GCF_011762595.2	reference genome	mTurTru1.mat.Y	Chromosome		2378505825	yes
526822	Tylonycteris robustula	Tylonycteris	Vespertilionidae	Chiroptera	Mammalia	Chordata	Tylonycteris robustula	1	GCA_055860955.1	reference genome	ASM5586095v1	Chromosome		1902213657	no
56313	Tyto alba	Tyto	Tytonidae	Strigiformes	Aves	Chordata	Tyto alba	2	GCA_059996075.1		ASM5999607v1	Chromosome		1267676513	no
75933	Umbra krameri	Umbra	Umbridae	Esociformes	Actinopteri	Chordata	Umbra krameri	1	GCA_978157285.1	reference genome	fUmbKra5.Hap1.1	Chromosome		1727840106	no
75934	Umbra pygmaea	Umbra	Umbridae	Esociformes	Actinopteri	Chordata	Umbra pygmaea	1	GCA_040894045.1	reference genome	UPYG_1.0	Chromosome		1784301911	yes
146147	Umbrina canariensis	Umbrina	Sciaenidae		Actinopteri	Chordata	Umbrina canariensis	1	GCA_988264985.1	reference genome	fUmbCan1.1	Chromosome		672265990	no
129916	Urocampus carinirostris	Urocampus	Syngnathidae	Syngnathiformes	Actinopteri	Chordata	Urocampus carinirostris	2	GCF_059441175.1	reference genome	RoL_Ucar_1.0	Chromosome		927718082	yes
9999	Urocitellus parryii	Urocitellus	Sciuridae	Rodentia	Mammalia	Chordata	Urocitellus parryii	3	GCF_045843805.1	reference genome	mUroPar1.hap1	Chromosome		2935776410	yes
55040	Urocyon cinereoargenteus	Urocyon	Canidae	Carnivora	Mammalia	Chordata	Urocyon cinereoargenteus	1	GCA_032313775.1	reference genome	UCinereo1.0	Chromosome		2658766243	no
195338	Urogymnus asperrimus	Urogymnus	Dasyatidae	Myliobatiformes	Chondrichthyes	Chordata	Urogymnus asperrimus	2	GCA_988281395.1	reference genome	Urogymnus asperrimus_haplotype_2_assembly	Chromosome		3643733593	no
9643	Ursus americanus	Ursus	Ursidae	Carnivora	Mammalia	Chordata	Ursus americanus	2	GCF_024610735.1	reference genome	mUrsAme1.1.p	Chromosome		2524249997	yes
9644	Ursus arctos	Ursus	Ursidae	Carnivora	Mammalia	Chordata	Ursus arctos	3	GCF_023065955.2	reference genome	UrsArc2.0	Chromosome		2423401459	yes
29073	Ursus maritimus	Ursus	Ursidae	Carnivora	Mammalia	Chordata	Ursus maritimus	1	GCA_062004589.1		BTC_Umar_Aika3	Chromosome		2414747438	no
9642	Ursus thibetanus	Ursus	Ursidae	Carnivora	Mammalia	Chordata	Ursus thibetanus	1	GCA_057755955.1	reference genome	ASM5775595v1	Chromosome		2521318245	no
43653	Uta stansburiana	Uta	Phrynosomatidae	Squamata	Lepidosauria	Chordata	Uta stansburiana	1	GCA_055773955.1	reference genome	UCM_Usta_1	Chromosome		2104442790	no
195855	Valencia hispanica	Valencia	Valenciidae	Cyprinodontiformes	Actinopteri	Chordata	Valencia hispanica	1	GCA_963556495.2	reference genome	fValHis1.1_MT	Chromosome		1291680485	no
642989	Vanacampus margaritifer	Vanacampus	Syngnathidae	Syngnathiformes	Actinopteri	Chordata	Vanacampus margaritifer	2	GCF_051991255.1	reference genome	RoL_Vmar_1.0	Chromosome		628116969	yes
100859	Vanellus vanellus	Vanellus	Charadriidae	Charadriiformes	Aves	Chordata	Vanellus vanellus	3	GCF_965231255.1	reference genome	bVanVan1.hap1.1	Chromosome		1476605334	yes
62035	Varanus acanthurus	Varanus	Varanidae	Squamata	Lepidosauria	Chordata	Varanus acanthurus	1	GCA_050042745.1	reference genome	ZJU_Vac_2.0	Chromosome		1546074419	no
300415	Variola louti	Variola	Serranidae	Perciformes	Actinopteri	Chordata	Variola louti	2	GCA_988240395.1	reference genome	Variola louti_haplotype_1_assembly	Chromosome		979518854	no
334364	Velifer hypselopterus	Velifer	Veliferidae	Lampriformes	Actinopteri	Chordata	Velifer hypselopterus	1	GCA_055797595.1	reference genome	ASM5579759v1	Chromosome		830573232	no
82366	Verasper variegatus	Verasper	Pleuronectidae	Pleuronectiformes	Actinopteri	Chordata	Verasper variegatus	3	GCA_026259375.1	reference genome	ASM2625937v1	Chromosome		564012525	no
59485	Vespertilio murinus	Vespertilio	Vespertilionidae	Chiroptera	Mammalia	Chordata	Vespertilio murinus	1	GCA_963924515.2	reference genome	mVesMur1.hap1.2	Chromosome		1963609431	no
105273	Vespertilio sinensis	Vespertilio	Vespertilionidae	Chiroptera	Mammalia	Chordata	Vespertilio sinensis	1	GCA_061612805.1	reference genome	ASM61612805v1	Chromosome		1849748025	no
30538	Vicugna pacos	Vicugna	Camelidae	Artiodactyla	Mammalia	Chordata	Vicugna pacos	4	GCF_048564905.1	reference genome	VicPac4	Chromosome		2572244716	yes
81927	Vidua chalybeata	Vidua	Viduidae	Passeriformes	Aves	Chordata	Vidua chalybeata	2	GCF_026979565.1	reference genome	bVidCha1 merged haplotype	Chromosome		1080440577	yes
187451	Vidua macroura	Vidua	Viduidae	Passeriformes	Aves	Chordata	Vidua macroura	2	GCF_024509145.1	reference genome	ASM2450914v1	Chromosome		1123252761	yes
332089	Vijayachelys silvatica	Vijayachelys	Geoemydidae	Testudines		Chordata	Vijayachelys silvatica	2	GCA_060712455.1	reference genome	rVijSil1.1.hap1	Chromosome		2296405832	no
155067	Vimba vimba	Vimba	Leuciscidae	Cypriniformes	Actinopteri	Chordata	Vimba vimba	1	GCA_022828995.1	reference genome	ASM2282899v1	Chromosome		1054310786	no
8704	Vipera ammodytes	Vipera	Viperidae	Squamata	Lepidosauria	Chordata	Vipera ammodytes	1	GCA_047301725.1	reference genome	DTU_Vamm_2.0	Chromosome		1545746728	no
31155	Vipera berus	Vipera	Viperidae	Squamata	Lepidosauria	Chordata	Vipera berus	2	GCF_964194415.1	reference genome	rVipBer3.hap1.1	Chromosome		1694999861	yes
246179	Vipera latastei	Vipera	Viperidae	Squamata	Lepidosauria	Chordata	Vipera latastei	1	GCA_024294585.1	reference genome	rVipLat1.pri	Chromosome		1631568913	yes
103942	Vipera ursinii	Vipera	Viperidae	Squamata	Lepidosauria	Chordata	Vipera ursinii	2	GCF_947247035.1	reference genome	rVipUrs1.1	Chromosome		1625006165	yes
9629	Vulpes corsac	Vulpes	Canidae	Carnivora	Mammalia	Chordata	Vulpes corsac	1	GCA_030463245.1	reference genome	zhanglab2022	Chromosome		2348303263	no
561074	Vulpes ferrilata	Vulpes	Canidae	Carnivora	Mammalia	Chordata	Vulpes ferrilata	1	GCA_024500485.1	reference genome	ASM2450048v1	Chromosome		2379658649	no
494514	Vulpes lagopus	Vulpes	Canidae	Carnivora	Mammalia	Chordata	Vulpes lagopus	2	GCF_018345385.1	reference genome	ASM1834538v1	Chromosome		2345533697	yes
9627	Vulpes vulpes	Vulpes	Canidae	Carnivora	Mammalia	Chordata	Vulpes vulpes	5	GCF_048418805.1	reference genome	VulVul3	Chromosome		2395584468	yes
8924	Vultur gryphus	Vultur	Cathartidae	Accipitriformes	Aves	Chordata	Vultur gryphus	1	GCA_039700855.2	reference genome	bVulGry1	Chromosome		1190354707	no
1566151	Willisornis vidua	Willisornis	Thamnophilidae	Passeriformes	Aves	Chordata	Willisornis vidua	2	GCA_045364795.1	reference genome	bWilVid1 haplotype 1	Chromosome		1233406177	no
8547	Xantusia vigilis	Xantusia	Xantusiidae	Squamata	Lepidosauria	Chordata	Xantusia vigilis	3	GCA_051940855.1	reference genome	ASM5194085v1	Chromosome		2383980617	no
129108	Xenentodon cancila	Xenentodon	Belonidae	Beloniformes	Actinopteri	Chordata	Xenentodon cancila	1	GCA_014839995.1	reference genome	fXenCan1.pri	Chromosome		736198484	yes
70546	Xenocypris argentea	Xenocypris	Xenocyprididae	Cypriniformes	Actinopteri	Chordata	Xenocypris argentea	1	GCA_046562865.1	reference genome	ASM4656286v1	Chromosome		984966611	no
291826	Xenocypris davidi	Xenocypris	Xenocyprididae	Cypriniformes	Actinopteri	Chordata	Xenocypris davidi	1	GCA_048182625.1	reference genome	ASM4818262v1	Chromosome		1048234399	no
8355	Xenopus laevis	Xenopus	Pipidae	Anura	Amphibia	Chordata	Xenopus laevis	2	GCF_017654675.1	reference genome	Xenopus_laevis_v10.1	Chromosome		2742451793	yes
288555	Xenopus petersii	Xenopus	Pipidae	Anura	Amphibia	Chordata	Xenopus petersii	2	GCA_038501925.1	reference genome	aXenPet1.paternal.cur	Chromosome		2883778474	yes
8364	Xenopus tropicalis	Xenopus	Pipidae	Anura	Amphibia	Chordata	Xenopus tropicalis	3	GCF_000004195.4	reference genome	UCB_Xtro_10.0	Chromosome		1451283599	yes
8245	Xiphias gladius	Xiphias	Xiphiidae	Istiophoriformes	Actinopteri	Chordata	Xiphias gladius	2	GCF_016859285.1	reference genome	ASM1685928v1	Chromosome		691763775	yes
32469	Xiphophorus birchmanni	Xiphophorus	Poeciliidae	Cyprinodontiformes	Actinopteri	Chordata	Xiphophorus birchmanni	1	GCA_036418095.1	reference genome	xbir-COAC-16-VIII-22-M_v2023.1	Chromosome		727594379	no
32472	Xiphophorus cortezi	Xiphophorus	Poeciliidae	Cyprinodontiformes	Actinopteri	Chordata	Xiphophorus cortezi	1	GCA_041380905.1	reference genome	ASM4138090v1	Chromosome		733517261	no
32473	Xiphophorus couchianus	Xiphophorus	Poeciliidae	Cyprinodontiformes	Actinopteri	Chordata	Xiphophorus couchianus	2	GCF_001444195.1	reference genome	X_couchianus-1.0	Chromosome		688524871	yes
8084	Xiphophorus hellerii	Xiphophorus	Poeciliidae	Cyprinodontiformes	Actinopteri	Chordata	Xiphophorus hellerii	2	GCF_003331165.1	reference genome	Xiphophorus_hellerii-4.1	Chromosome		732889490	yes
8083	Xiphophorus maculatus	Xiphophorus	Poeciliidae	Cyprinodontiformes	Actinopteri	Chordata	Xiphophorus maculatus	2	GCF_002775205.1	reference genome	X_maculatus-5.0-male	Chromosome		704304519	yes
32476	Xiphophorus malinche	Xiphophorus	Poeciliidae	Cyprinodontiformes	Actinopteri	Chordata	Xiphophorus malinche	1	GCA_041429825.1	reference genome	ASM4142982v1	Chromosome		734868829	no
154827	Xyrauchen texanus	Xyrauchen	Catostomidae	Cypriniformes	Actinopteri	Chordata	Xyrauchen texanus	2	GCF_025860055.1	reference genome	RBS_HiC_50CHRs	Chromosome		2186806939	yes
13765	Xyrichtys novacula	Xyrichtys	Labridae	Labriformes	Actinopteri	Chordata	Xyrichtys novacula	1	GCA_962446985.1	reference genome	fXyrNov1.1	Chromosome		775535542	yes
1772095	Yaoshania pachychilus	Yaoshania	Gastromyzontidae	Cypriniformes	Actinopteri	Chordata	Yaoshania pachychilus	1	GCA_054948905.1	reference genome	SWU_YPac_1.0	Chromosome		451224504	no
80810	Zacco platypus	Zacco	Xenocyprididae	Cypriniformes	Actinopteri	Chordata	Zacco platypus	3	GCA_038088235.1	reference genome	ASM3808823v1	Chromosome		838470222	no
9704	Zalophus californianus	Zalophus	Otariidae	Carnivora	Mammalia	Chordata	Zalophus californianus	2	GCF_009762305.2	reference genome	mZalCal1.pri.v2	Chromosome		2409668595	yes
75044	Zanclus cornutus	Zanclus	Zanclidae	Acanthuriformes	Actinopteri	Chordata	Zanclus cornutus	2	GCA_988282005.1	reference genome	Zanclus cornutus_haplotype_2_assembly	Chromosome		741165116	no
160400	Zapus hudsonius	Zapus	Dipodidae	Rodentia	Mammalia	Chordata	Zapus hudsonius luteus	4	GCA_057945955.1	reference genome	mZapHud2.hap2	Chromosome		2438912721	no
47245	Zenaida macroura	Zenaida	Columbidae	Columbiformes	Aves	Chordata	Zenaida macroura	2	GCA_059802565.1	reference genome	bZenMac1.hap2	Chromosome		1071481669	yes
115710	Zenaida meloda	Zenaida	Columbidae	Columbiformes	Aves	Chordata	Zenaida meloda	2	GCA_059801735.1	reference genome	bZenMel1.hap2	Chromosome		1138102905	yes
526623	Zeugopterus punctatus	Zeugopterus	Scophthalmidae	Pleuronectiformes	Actinopteri	Chordata	Zeugopterus punctatus	1	GCA_977007055.1	reference genome	fZeuPun1.1	Chromosome		535391816	no
2821464	Zeugopterus regius	Zeugopterus	Scophthalmidae	Pleuronectiformes	Actinopteri	Chordata	Zeugopterus regius	1	GCA_965642325.1	reference genome	fZeuReg1.1	Chromosome		476573367	no
64108	Zeus faber	Zeus	Zeidae	Zeiformes	Actinopteri	Chordata	Zeus faber	2	GCF_960531495.2	reference genome	fZeuFab8.2	Chromosome		804309824	yes
210855	Zingel zingel	Zingel	Percidae	Perciformes	Actinopteri	Chordata	Zingel zingel	1	GCA_023566125.1	reference genome	ASM2356612v1	Chromosome		919352573	no
48416	Zoarces viviparus	Zoarces	Zoarcidae	Perciformes	Actinopteri	Chordata	Zoarces viviparus	1	GCA_040110945.1	reference genome	Zoavi_1_2	Chromosome		663017713	yes
44394	Zonotrichia albicollis	Zonotrichia	Passerellidae	Passeriformes	Aves	Chordata	Zonotrichia albicollis	3	GCF_047830755.1	reference genome	bZonAlb1.hap1	Chromosome		1278921982	yes
44391	Zonotrichia capensis	Zonotrichia	Passerellidae	Passeriformes	Aves	Chordata	Zonotrichia capensis	1	GCA_045269165.1	reference genome	RI_Zcap_1.0	Chromosome		1113638239	no
44393	Zonotrichia leucophrys	Zonotrichia	Passerellidae	Passeriformes	Aves	Chordata	Zonotrichia leucophrys gambelii	3	GCF_028769735.1	reference genome	RI_Zleu_2.0	Chromosome		1123996003	yes
8524	Zootoca vivipara	Zootoca	Lacertidae	Squamata	Lepidosauria	Chordata	Zootoca vivipara	5	GCF_965207765.1	reference genome	rZooViv2.hap1.1	Chromosome		1424513601	yes
43581	Zosterops lateralis	Zosterops	Zosteropidae	Passeriformes	Aves	Chordata	Zosterops lateralis	3	GCF_965231275.1	reference genome	bZosLat1.hap1.1	Chromosome		1143494826	yes
2876849	allo-octoploid hybrid of Carassius auratus x Cyprinus carpio			Cypriniformes	Actinopteri	Chordata	allo-octoploid hybrid of Carassius auratus x Cyprinus carpio	1	GCA_024542945.1		ASM2454294v1	Chromosome		2953589560	no
3394893	genome-reconstructed amphitriploid of Carassius gibelio, Carassius auratus, Carassius cuvieri	Carassius	Cyprinidae	Cypriniformes	Actinopteri	Chordata	genome-reconstructed amphitriploid of Carassius gibelio, Carassius auratus, Carassius cuvieri	1	GCA_051308675.1		ASM5130867v1	Chromosome		4976191239	no
1200843	tetraploid Carassius auratus red var. x Megalobrama amblycephala			Cypriniformes	Actinopteri	Chordata	tetraploid Carassius auratus red var. x Megalobrama amblycephala	1	GCA_042767175.1		4nRR_1.1	Chromosome		3120090590	no
